//! Exact x64 comparison DATA from the authenticated public observations below.
//! AAPT2/Gradle: complete retained component documents from a FAILED batch.
//! Bundletool: separate successful original; none grant native/supplier authority.
//! No ARM phase, generic FAT exception, execution route or license consent.
//! Plan: bd7055e0c459bb0202300f97571d21b3a48b6e93285b416f552bb72a0a1f693a.
//! Seven-row derivation: 01972ea7b3405af235708cbd3b50772322594fd2477cdac763241e83947e9bbb.
use super::{MachPin, ToolComparisonScope, ToolMemberComparison, ToolNativePin, ToolScopePin};
use crate::android_toolchain_macos_policy::MachSlice;

pub(super) static SCOPES: [ToolScopePin; 5] = [
    ToolScopePin { scope: ToolComparisonScope::AgpAapt2, component: "aapt2",
        archive_bytes: 4339472, archive_sha256: "5d0aec6851fffbc9f6c8a8b50390c0bc976aa0ddf57a8a3a39061ed54b609ad1",
        containing_jar: None, native: &[
            ToolNativePin { member: ToolMemberComparison { name: "aapt2", bytes: 11143368, sha256: "213e3d049e2c85daa930ed777bbd5627c1c5479a8d6698029b8f9c0161ad0a7e", mode: 0o100755 },
                slice: MachSlice { offset: 4096, size: 5735496 }, command_bytes: 2552,
                header: MachPin { prefix_bytes: 4096, prefix_sha256: "1ebe7f975c7a86f283174f58ce87feb46f147fe4f0dde46260ef88f9299dff4a",
                    commands_sha256: "7a258aa3bdadce41f6f1584b8026c2b24d5df428cc1499e95ff505aef1ab66f0", file_type: 2,
                    install_name: None, loads: &["/usr/lib/libSystem.B.dylib"], rpaths: &["@loader_path/", "@loader_path/lib64", "@loader_path/../lib64", "@loader_path/../../lib64", "@loader_path/../../../lib64"] } },
        ] },
    ToolScopePin { scope: ToolComparisonScope::GradleFileEvents, component: "gradle",
        archive_bytes: 138068841, archive_sha256: "6f74b601422d6d6fc4e1f9a1ab6522f642c2fdcbc15ae33ebd30ba3d7198e854",
        containing_jar: Some(ToolMemberComparison { name: "gradle-8.14.5/lib/gradle-fileevents-0.2.7.jar", bytes: 1433862, sha256: "9f8d26b0057ed645af68c8d4139988d69ee884ad8d009e98a793c08cbdd3d2f8", mode: 0o100644 }), native: &[
            ToolNativePin { member: ToolMemberComparison { name: "net/rubygrapefruit/platform/x86_64-macos/libgradle-fileevents.dylib", bytes: 447852, sha256: "a691507125ec1bd97e55d20d6184cf9b69e441f842506d92b1c62581fd9ab79d", mode: 0o100755 },
                slice: MachSlice { offset: 0, size: 447852 }, command_bytes: 2352,
                header: MachPin { prefix_bytes: 4096, prefix_sha256: "b23bc10e1ecb787ec08785f7808fa846ebe1d5c2fb87e068961fee7f3c690bb9",
                    commands_sha256: "ec9c0749c8d0cbb613edf11823437f50995bf01d870117c8eb2f0c84a6b669a6", file_type: 6,
                    install_name: Some("@rpath/libgradle-fileevents.dylib"), loads: &["/System/Library/Frameworks/CoreFoundation.framework/Versions/A/CoreFoundation", "/System/Library/Frameworks/CoreServices.framework/Versions/A/CoreServices", "/usr/lib/libSystem.B.dylib", "/usr/lib/libobjc.A.dylib"], rpaths: &[] } },
        ] },
    ToolScopePin { scope: ToolComparisonScope::GradleJansi, component: "gradle",
        archive_bytes: 138068841, archive_sha256: "6f74b601422d6d6fc4e1f9a1ab6522f642c2fdcbc15ae33ebd30ba3d7198e854",
        containing_jar: Some(ToolMemberComparison { name: "gradle-8.14.5/lib/jansi-1.18.jar", bytes: 287352, sha256: "109e64fc65767c7a1a3bd654709d76f107b0a3b39db32cbf11139e13a6f5229b", mode: 0o100644 }), native: &[
            ToolNativePin { member: ToolMemberComparison { name: "META-INF/native/osx/libjansi.jnilib", bytes: 20676, sha256: "9fe58e627b8c81d1ef9bdd7eab4b2ae84da1847d13b44c364f16f2cc85d63654", mode: 0o0 },
                slice: MachSlice { offset: 0, size: 20676 }, command_bytes: 1376,
                header: MachPin { prefix_bytes: 4096, prefix_sha256: "59304b588c332d6cf314a7508b7b779847af4356a550622dda6199b3b0b5dc8d",
                    commands_sha256: "dfc37deef8df976028e14a9b128d2015ee8ca96d536365456aaa11b9d56b26ef", file_type: 6,
                    install_name: Some("/Users/gnodet/work/git/jansi-native/target/native-build/target/lib/libjansi-1.8.jnilib"), loads: &["/usr/lib/libSystem.B.dylib"], rpaths: &[] } },
        ] },
    ToolScopePin { scope: ToolComparisonScope::GradleNativePlatform, component: "gradle",
        archive_bytes: 138068841, archive_sha256: "6f74b601422d6d6fc4e1f9a1ab6522f642c2fdcbc15ae33ebd30ba3d7198e854",
        containing_jar: Some(ToolMemberComparison { name: "gradle-8.14.5/lib/native-platform-osx-amd64-0.22-milestone-28.jar", bytes: 12867, sha256: "61ab872b419deae8cdf37d1a0d5f6916b170ada1226129741fceb3ebd56b950f", mode: 0o100644 }), native: &[
            ToolNativePin { member: ToolMemberComparison { name: "net/rubygrapefruit/platform/osx-amd64/libnative-platform-curses.dylib", bytes: 17736, sha256: "10c96874bb236f931b735c22178ab57d796b5edab907cd69ede56ab2080cb3e4", mode: 0o100755 },
                slice: MachSlice { offset: 0, size: 17736 }, command_bytes: 1528,
                header: MachPin { prefix_bytes: 4096, prefix_sha256: "66c4ef9b6f87cbc04f737d736eb5f6cad4e23e9d56e2a23443d5658c86a91ff2",
                    commands_sha256: "bb9c009f99b07212108296d2df4654a44e35f517a15b5a944915e88b7d4083b1", file_type: 6,
                    install_name: Some("libnative-platform-curses.dylib"), loads: &["/System/Library/Frameworks/CoreServices.framework/Versions/A/CoreServices", "/usr/lib/libncurses.5.4.dylib", "/usr/lib/libc++.1.dylib", "/usr/lib/libSystem.B.dylib"], rpaths: &[] } },
            ToolNativePin { member: ToolMemberComparison { name: "net/rubygrapefruit/platform/osx-amd64/libnative-platform.dylib", bytes: 23896, sha256: "7749b8307a1834bc009358b1187b3066f91a5cee231eafec65ad62b7dd45a0e8", mode: 0o100755 },
                slice: MachSlice { offset: 0, size: 23896 }, command_bytes: 1472,
                header: MachPin { prefix_bytes: 4096, prefix_sha256: "db88f1d8266717f2773f007393d220f0a7f81b8329a1e5c889465b9ffbb9dfa7",
                    commands_sha256: "3e3433923025805ba1590e8b5920e8b81136f07c10422f86de469d97fa21d483", file_type: 6,
                    install_name: Some("libnative-platform.dylib"), loads: &["/System/Library/Frameworks/CoreServices.framework/Versions/A/CoreServices", "/usr/lib/libc++.1.dylib", "/usr/lib/libSystem.B.dylib"], rpaths: &[] } },
        ] },
    ToolScopePin { scope: ToolComparisonScope::Bundletool, component: "bundletool",
        archive_bytes: 32520401, archive_sha256: "a099cfa1543f55593bc2ed16a70a7c67fe54b1747bb7301f37fdfd6d91028e29",
        containing_jar: None, native: &[
            ToolNativePin { member: ToolMemberComparison { name: "com/sun/jna/darwin/libjnidispatch.jnilib", bytes: 180932, sha256: "e8ad39879b107ed955388d29555ddbcff3ada41598780eef579246752dd96c75", mode: 0o0 },
                slice: MachSlice { offset: 94208, size: 86724 }, command_bytes: 1888,
                header: MachPin { prefix_bytes: 4096, prefix_sha256: "6c8e81470d05a2abc4766e917906bff125f614b30d5e0038c19e64d50c70dac3",
                    commands_sha256: "3c691aa432620683a580fae8cec05e65c862be2d4b30cfc60dede01a9aa94dd4", file_type: 6,
                    install_name: Some("libjnidispatch.jnilib"), loads: &["/System/Library/Frameworks/JavaVM.framework/Versions/A/JavaVM", "/System/Library/Frameworks/Foundation.framework/Versions/C/Foundation", "/usr/lib/libSystem.B.dylib", "/usr/lib/libgcc_s.1.dylib"], rpaths: &[] } },
            ToolNativePin { member: ToolMemberComparison { name: "macos/aapt2", bytes: 11186368, sha256: "995cf1a04fb55045dd22ae3d6248f32d649bac9dfa7bf9357507499794051c6b", mode: 0o100755 },
                slice: MachSlice { offset: 16384, size: 5747552 }, command_bytes: 2504,
                header: MachPin { prefix_bytes: 4096, prefix_sha256: "1fbb58d83791e214ca2c009c1056593357b02d4eacb570f955b214382a254716",
                    commands_sha256: "7ba9e2c6f30ccd6391e553157beae15cc6abe91527515ff1d39a2956cc7cad12", file_type: 2,
                    install_name: None, loads: &["/usr/lib/libSystem.B.dylib"], rpaths: &["@loader_path/../lib64", "@loader_path/lib64"] } },
        ] },
];

// Captured public original snapshots; absent from non-test builds.
#[cfg(test)]
const PREFIX_0: &[u8] = &[
    0xca,0xfe,0xba,0xbe,0x00,0x00,0x00,0x02,0x01,0x00,0x00,0x07,0x80,0x00,0x00,0x03,0x00,0x00,0x10,0x00,0x00,0x57,0x84,0x48,
    0x00,0x00,0x00,0x0c,0x01,0x00,0x00,0x0c,0x00,0x00,0x00,0x00,0x00,0x57,0xc0,0x00,0x00,0x52,0x48,0xc8,0x00,0x00,0x00,0x0e,
    0x00,0x00,0x00,0x00,0x00,0x00,0x00,0x00,0x00,0x00,0x00,0x00,0x00,0x00,0x00,0x00,0x00,0x00,0x00,0x00,0x00,0x00,0x00,0x00,
    0x00,0x00,0x00,0x00,0x00,0x00,0x00,0x00,0x00,0x00,0x00,0x00,0x00,0x00,0x00,0x00,0x00,0x00,0x00,0x00,0x00,0x00,0x00,0x00,
    0x00,0x00,0x00,0x00,0x00,0x00,0x00,0x00,0x00,0x00,0x00,0x00,0x00,0x00,0x00,0x00,0x00,0x00,0x00,0x00,0x00,0x00,0x00,0x00,
    0x00,0x00,0x00,0x00,0x00,0x00,0x00,0x00,0x00,0x00,0x00,0x00,0x00,0x00,0x00,0x00,0x00,0x00,0x00,0x00,0x00,0x00,0x00,0x00,
    0x00,0x00,0x00,0x00,0x00,0x00,0x00,0x00,0x00,0x00,0x00,0x00,0x00,0x00,0x00,0x00,0x00,0x00,0x00,0x00,0x00,0x00,0x00,0x00,
    0x00,0x00,0x00,0x00,0x00,0x00,0x00,0x00,0x00,0x00,0x00,0x00,0x00,0x00,0x00,0x00,0x00,0x00,0x00,0x00,0x00,0x00,0x00,0x00,
    0x00,0x00,0x00,0x00,0x00,0x00,0x00,0x00,0x00,0x00,0x00,0x00,0x00,0x00,0x00,0x00,0x00,0x00,0x00,0x00,0x00,0x00,0x00,0x00,
    0x00,0x00,0x00,0x00,0x00,0x00,0x00,0x00,0x00,0x00,0x00,0x00,0x00,0x00,0x00,0x00,0x00,0x00,0x00,0x00,0x00,0x00,0x00,0x00,
    0x00,0x00,0x00,0x00,0x00,0x00,0x00,0x00,0x00,0x00,0x00,0x00,0x00,0x00,0x00,0x00,0x00,0x00,0x00,0x00,0x00,0x00,0x00,0x00,
    0x00,0x00,0x00,0x00,0x00,0x00,0x00,0x00,0x00,0x00,0x00,0x00,0x00,0x00,0x00,0x00,0x00,0x00,0x00,0x00,0x00,0x00,0x00,0x00,
    0x00,0x00,0x00,0x00,0x00,0x00,0x00,0x00,0x00,0x00,0x00,0x00,0x00,0x00,0x00,0x00,0x00,0x00,0x00,0x00,0x00,0x00,0x00,0x00,
    0x00,0x00,0x00,0x00,0x00,0x00,0x00,0x00,0x00,0x00,0x00,0x00,0x00,0x00,0x00,0x00,0x00,0x00,0x00,0x00,0x00,0x00,0x00,0x00,
    0x00,0x00,0x00,0x00,0x00,0x00,0x00,0x00,0x00,0x00,0x00,0x00,0x00,0x00,0x00,0x00,0x00,0x00,0x00,0x00,0x00,0x00,0x00,0x00,
    0x00,0x00,0x00,0x00,0x00,0x00,0x00,0x00,0x00,0x00,0x00,0x00,0x00,0x00,0x00,0x00,0x00,0x00,0x00,0x00,0x00,0x00,0x00,0x00,
    0x00,0x00,0x00,0x00,0x00,0x00,0x00,0x00,0x00,0x00,0x00,0x00,0x00,0x00,0x00,0x00,0x00,0x00,0x00,0x00,0x00,0x00,0x00,0x00,
    0x00,0x00,0x00,0x00,0x00,0x00,0x00,0x00,0x00,0x00,0x00,0x00,0x00,0x00,0x00,0x00,0x00,0x00,0x00,0x00,0x00,0x00,0x00,0x00,
    0x00,0x00,0x00,0x00,0x00,0x00,0x00,0x00,0x00,0x00,0x00,0x00,0x00,0x00,0x00,0x00,0x00,0x00,0x00,0x00,0x00,0x00,0x00,0x00,
    0x00,0x00,0x00,0x00,0x00,0x00,0x00,0x00,0x00,0x00,0x00,0x00,0x00,0x00,0x00,0x00,0x00,0x00,0x00,0x00,0x00,0x00,0x00,0x00,
    0x00,0x00,0x00,0x00,0x00,0x00,0x00,0x00,0x00,0x00,0x00,0x00,0x00,0x00,0x00,0x00,0x00,0x00,0x00,0x00,0x00,0x00,0x00,0x00,
    0x00,0x00,0x00,0x00,0x00,0x00,0x00,0x00,0x00,0x00,0x00,0x00,0x00,0x00,0x00,0x00,0x00,0x00,0x00,0x00,0x00,0x00,0x00,0x00,
    0x00,0x00,0x00,0x00,0x00,0x00,0x00,0x00,0x00,0x00,0x00,0x00,0x00,0x00,0x00,0x00,0x00,0x00,0x00,0x00,0x00,0x00,0x00,0x00,
    0x00,0x00,0x00,0x00,0x00,0x00,0x00,0x00,0x00,0x00,0x00,0x00,0x00,0x00,0x00,0x00,0x00,0x00,0x00,0x00,0x00,0x00,0x00,0x00,
    0x00,0x00,0x00,0x00,0x00,0x00,0x00,0x00,0x00,0x00,0x00,0x00,0x00,0x00,0x00,0x00,0x00,0x00,0x00,0x00,0x00,0x00,0x00,0x00,
    0x00,0x00,0x00,0x00,0x00,0x00,0x00,0x00,0x00,0x00,0x00,0x00,0x00,0x00,0x00,0x00,0x00,0x00,0x00,0x00,0x00,0x00,0x00,0x00,
    0x00,0x00,0x00,0x00,0x00,0x00,0x00,0x00,0x00,0x00,0x00,0x00,0x00,0x00,0x00,0x00,0x00,0x00,0x00,0x00,0x00,0x00,0x00,0x00,
    0x00,0x00,0x00,0x00,0x00,0x00,0x00,0x00,0x00,0x00,0x00,0x00,0x00,0x00,0x00,0x00,0x00,0x00,0x00,0x00,0x00,0x00,0x00,0x00,
    0x00,0x00,0x00,0x00,0x00,0x00,0x00,0x00,0x00,0x00,0x00,0x00,0x00,0x00,0x00,0x00,0x00,0x00,0x00,0x00,0x00,0x00,0x00,0x00,
    0x00,0x00,0x00,0x00,0x00,0x00,0x00,0x00,0x00,0x00,0x00,0x00,0x00,0x00,0x00,0x00,0x00,0x00,0x00,0x00,0x00,0x00,0x00,0x00,
    0x00,0x00,0x00,0x00,0x00,0x00,0x00,0x00,0x00,0x00,0x00,0x00,0x00,0x00,0x00,0x00,0x00,0x00,0x00,0x00,0x00,0x00,0x00,0x00,
    0x00,0x00,0x00,0x00,0x00,0x00,0x00,0x00,0x00,0x00,0x00,0x00,0x00,0x00,0x00,0x00,0x00,0x00,0x00,0x00,0x00,0x00,0x00,0x00,
    0x00,0x00,0x00,0x00,0x00,0x00,0x00,0x00,0x00,0x00,0x00,0x00,0x00,0x00,0x00,0x00,0x00,0x00,0x00,0x00,0x00,0x00,0x00,0x00,
    0x00,0x00,0x00,0x00,0x00,0x00,0x00,0x00,0x00,0x00,0x00,0x00,0x00,0x00,0x00,0x00,0x00,0x00,0x00,0x00,0x00,0x00,0x00,0x00,
    0x00,0x00,0x00,0x00,0x00,0x00,0x00,0x00,0x00,0x00,0x00,0x00,0x00,0x00,0x00,0x00,0x00,0x00,0x00,0x00,0x00,0x00,0x00,0x00,
    0x00,0x00,0x00,0x00,0x00,0x00,0x00,0x00,0x00,0x00,0x00,0x00,0x00,0x00,0x00,0x00,0x00,0x00,0x00,0x00,0x00,0x00,0x00,0x00,
    0x00,0x00,0x00,0x00,0x00,0x00,0x00,0x00,0x00,0x00,0x00,0x00,0x00,0x00,0x00,0x00,0x00,0x00,0x00,0x00,0x00,0x00,0x00,0x00,
    0x00,0x00,0x00,0x00,0x00,0x00,0x00,0x00,0x00,0x00,0x00,0x00,0x00,0x00,0x00,0x00,0x00,0x00,0x00,0x00,0x00,0x00,0x00,0x00,
    0x00,0x00,0x00,0x00,0x00,0x00,0x00,0x00,0x00,0x00,0x00,0x00,0x00,0x00,0x00,0x00,0x00,0x00,0x00,0x00,0x00,0x00,0x00,0x00,
    0x00,0x00,0x00,0x00,0x00,0x00,0x00,0x00,0x00,0x00,0x00,0x00,0x00,0x00,0x00,0x00,0x00,0x00,0x00,0x00,0x00,0x00,0x00,0x00,
    0x00,0x00,0x00,0x00,0x00,0x00,0x00,0x00,0x00,0x00,0x00,0x00,0x00,0x00,0x00,0x00,0x00,0x00,0x00,0x00,0x00,0x00,0x00,0x00,
    0x00,0x00,0x00,0x00,0x00,0x00,0x00,0x00,0x00,0x00,0x00,0x00,0x00,0x00,0x00,0x00,0x00,0x00,0x00,0x00,0x00,0x00,0x00,0x00,
    0x00,0x00,0x00,0x00,0x00,0x00,0x00,0x00,0x00,0x00,0x00,0x00,0x00,0x00,0x00,0x00,0x00,0x00,0x00,0x00,0x00,0x00,0x00,0x00,
    0x00,0x00,0x00,0x00,0x00,0x00,0x00,0x00,0x00,0x00,0x00,0x00,0x00,0x00,0x00,0x00,0x00,0x00,0x00,0x00,0x00,0x00,0x00,0x00,
    0x00,0x00,0x00,0x00,0x00,0x00,0x00,0x00,0x00,0x00,0x00,0x00,0x00,0x00,0x00,0x00,0x00,0x00,0x00,0x00,0x00,0x00,0x00,0x00,
    0x00,0x00,0x00,0x00,0x00,0x00,0x00,0x00,0x00,0x00,0x00,0x00,0x00,0x00,0x00,0x00,0x00,0x00,0x00,0x00,0x00,0x00,0x00,0x00,
    0x00,0x00,0x00,0x00,0x00,0x00,0x00,0x00,0x00,0x00,0x00,0x00,0x00,0x00,0x00,0x00,0x00,0x00,0x00,0x00,0x00,0x00,0x00,0x00,
    0x00,0x00,0x00,0x00,0x00,0x00,0x00,0x00,0x00,0x00,0x00,0x00,0x00,0x00,0x00,0x00,0x00,0x00,0x00,0x00,0x00,0x00,0x00,0x00,
    0x00,0x00,0x00,0x00,0x00,0x00,0x00,0x00,0x00,0x00,0x00,0x00,0x00,0x00,0x00,0x00,0x00,0x00,0x00,0x00,0x00,0x00,0x00,0x00,
    0x00,0x00,0x00,0x00,0x00,0x00,0x00,0x00,0x00,0x00,0x00,0x00,0x00,0x00,0x00,0x00,0x00,0x00,0x00,0x00,0x00,0x00,0x00,0x00,
    0x00,0x00,0x00,0x00,0x00,0x00,0x00,0x00,0x00,0x00,0x00,0x00,0x00,0x00,0x00,0x00,0x00,0x00,0x00,0x00,0x00,0x00,0x00,0x00,
    0x00,0x00,0x00,0x00,0x00,0x00,0x00,0x00,0x00,0x00,0x00,0x00,0x00,0x00,0x00,0x00,0x00,0x00,0x00,0x00,0x00,0x00,0x00,0x00,
    0x00,0x00,0x00,0x00,0x00,0x00,0x00,0x00,0x00,0x00,0x00,0x00,0x00,0x00,0x00,0x00,0x00,0x00,0x00,0x00,0x00,0x00,0x00,0x00,
    0x00,0x00,0x00,0x00,0x00,0x00,0x00,0x00,0x00,0x00,0x00,0x00,0x00,0x00,0x00,0x00,0x00,0x00,0x00,0x00,0x00,0x00,0x00,0x00,
    0x00,0x00,0x00,0x00,0x00,0x00,0x00,0x00,0x00,0x00,0x00,0x00,0x00,0x00,0x00,0x00,0x00,0x00,0x00,0x00,0x00,0x00,0x00,0x00,
    0x00,0x00,0x00,0x00,0x00,0x00,0x00,0x00,0x00,0x00,0x00,0x00,0x00,0x00,0x00,0x00,0x00,0x00,0x00,0x00,0x00,0x00,0x00,0x00,
    0x00,0x00,0x00,0x00,0x00,0x00,0x00,0x00,0x00,0x00,0x00,0x00,0x00,0x00,0x00,0x00,0x00,0x00,0x00,0x00,0x00,0x00,0x00,0x00,
    0x00,0x00,0x00,0x00,0x00,0x00,0x00,0x00,0x00,0x00,0x00,0x00,0x00,0x00,0x00,0x00,0x00,0x00,0x00,0x00,0x00,0x00,0x00,0x00,
    0x00,0x00,0x00,0x00,0x00,0x00,0x00,0x00,0x00,0x00,0x00,0x00,0x00,0x00,0x00,0x00,0x00,0x00,0x00,0x00,0x00,0x00,0x00,0x00,
    0x00,0x00,0x00,0x00,0x00,0x00,0x00,0x00,0x00,0x00,0x00,0x00,0x00,0x00,0x00,0x00,0x00,0x00,0x00,0x00,0x00,0x00,0x00,0x00,
    0x00,0x00,0x00,0x00,0x00,0x00,0x00,0x00,0x00,0x00,0x00,0x00,0x00,0x00,0x00,0x00,0x00,0x00,0x00,0x00,0x00,0x00,0x00,0x00,
    0x00,0x00,0x00,0x00,0x00,0x00,0x00,0x00,0x00,0x00,0x00,0x00,0x00,0x00,0x00,0x00,0x00,0x00,0x00,0x00,0x00,0x00,0x00,0x00,
    0x00,0x00,0x00,0x00,0x00,0x00,0x00,0x00,0x00,0x00,0x00,0x00,0x00,0x00,0x00,0x00,0x00,0x00,0x00,0x00,0x00,0x00,0x00,0x00,
    0x00,0x00,0x00,0x00,0x00,0x00,0x00,0x00,0x00,0x00,0x00,0x00,0x00,0x00,0x00,0x00,0x00,0x00,0x00,0x00,0x00,0x00,0x00,0x00,
    0x00,0x00,0x00,0x00,0x00,0x00,0x00,0x00,0x00,0x00,0x00,0x00,0x00,0x00,0x00,0x00,0x00,0x00,0x00,0x00,0x00,0x00,0x00,0x00,
    0x00,0x00,0x00,0x00,0x00,0x00,0x00,0x00,0x00,0x00,0x00,0x00,0x00,0x00,0x00,0x00,0x00,0x00,0x00,0x00,0x00,0x00,0x00,0x00,
    0x00,0x00,0x00,0x00,0x00,0x00,0x00,0x00,0x00,0x00,0x00,0x00,0x00,0x00,0x00,0x00,0x00,0x00,0x00,0x00,0x00,0x00,0x00,0x00,
    0x00,0x00,0x00,0x00,0x00,0x00,0x00,0x00,0x00,0x00,0x00,0x00,0x00,0x00,0x00,0x00,0x00,0x00,0x00,0x00,0x00,0x00,0x00,0x00,
    0x00,0x00,0x00,0x00,0x00,0x00,0x00,0x00,0x00,0x00,0x00,0x00,0x00,0x00,0x00,0x00,0x00,0x00,0x00,0x00,0x00,0x00,0x00,0x00,
    0x00,0x00,0x00,0x00,0x00,0x00,0x00,0x00,0x00,0x00,0x00,0x00,0x00,0x00,0x00,0x00,0x00,0x00,0x00,0x00,0x00,0x00,0x00,0x00,
    0x00,0x00,0x00,0x00,0x00,0x00,0x00,0x00,0x00,0x00,0x00,0x00,0x00,0x00,0x00,0x00,0x00,0x00,0x00,0x00,0x00,0x00,0x00,0x00,
    0x00,0x00,0x00,0x00,0x00,0x00,0x00,0x00,0x00,0x00,0x00,0x00,0x00,0x00,0x00,0x00,0x00,0x00,0x00,0x00,0x00,0x00,0x00,0x00,
    0x00,0x00,0x00,0x00,0x00,0x00,0x00,0x00,0x00,0x00,0x00,0x00,0x00,0x00,0x00,0x00,0x00,0x00,0x00,0x00,0x00,0x00,0x00,0x00,
    0x00,0x00,0x00,0x00,0x00,0x00,0x00,0x00,0x00,0x00,0x00,0x00,0x00,0x00,0x00,0x00,0x00,0x00,0x00,0x00,0x00,0x00,0x00,0x00,
    0x00,0x00,0x00,0x00,0x00,0x00,0x00,0x00,0x00,0x00,0x00,0x00,0x00,0x00,0x00,0x00,0x00,0x00,0x00,0x00,0x00,0x00,0x00,0x00,
    0x00,0x00,0x00,0x00,0x00,0x00,0x00,0x00,0x00,0x00,0x00,0x00,0x00,0x00,0x00,0x00,0x00,0x00,0x00,0x00,0x00,0x00,0x00,0x00,
    0x00,0x00,0x00,0x00,0x00,0x00,0x00,0x00,0x00,0x00,0x00,0x00,0x00,0x00,0x00,0x00,0x00,0x00,0x00,0x00,0x00,0x00,0x00,0x00,
    0x00,0x00,0x00,0x00,0x00,0x00,0x00,0x00,0x00,0x00,0x00,0x00,0x00,0x00,0x00,0x00,0x00,0x00,0x00,0x00,0x00,0x00,0x00,0x00,
    0x00,0x00,0x00,0x00,0x00,0x00,0x00,0x00,0x00,0x00,0x00,0x00,0x00,0x00,0x00,0x00,0x00,0x00,0x00,0x00,0x00,0x00,0x00,0x00,
    0x00,0x00,0x00,0x00,0x00,0x00,0x00,0x00,0x00,0x00,0x00,0x00,0x00,0x00,0x00,0x00,0x00,0x00,0x00,0x00,0x00,0x00,0x00,0x00,
    0x00,0x00,0x00,0x00,0x00,0x00,0x00,0x00,0x00,0x00,0x00,0x00,0x00,0x00,0x00,0x00,0x00,0x00,0x00,0x00,0x00,0x00,0x00,0x00,
    0x00,0x00,0x00,0x00,0x00,0x00,0x00,0x00,0x00,0x00,0x00,0x00,0x00,0x00,0x00,0x00,0x00,0x00,0x00,0x00,0x00,0x00,0x00,0x00,
    0x00,0x00,0x00,0x00,0x00,0x00,0x00,0x00,0x00,0x00,0x00,0x00,0x00,0x00,0x00,0x00,0x00,0x00,0x00,0x00,0x00,0x00,0x00,0x00,
    0x00,0x00,0x00,0x00,0x00,0x00,0x00,0x00,0x00,0x00,0x00,0x00,0x00,0x00,0x00,0x00,0x00,0x00,0x00,0x00,0x00,0x00,0x00,0x00,
    0x00,0x00,0x00,0x00,0x00,0x00,0x00,0x00,0x00,0x00,0x00,0x00,0x00,0x00,0x00,0x00,0x00,0x00,0x00,0x00,0x00,0x00,0x00,0x00,
    0x00,0x00,0x00,0x00,0x00,0x00,0x00,0x00,0x00,0x00,0x00,0x00,0x00,0x00,0x00,0x00,0x00,0x00,0x00,0x00,0x00,0x00,0x00,0x00,
    0x00,0x00,0x00,0x00,0x00,0x00,0x00,0x00,0x00,0x00,0x00,0x00,0x00,0x00,0x00,0x00,0x00,0x00,0x00,0x00,0x00,0x00,0x00,0x00,
    0x00,0x00,0x00,0x00,0x00,0x00,0x00,0x00,0x00,0x00,0x00,0x00,0x00,0x00,0x00,0x00,0x00,0x00,0x00,0x00,0x00,0x00,0x00,0x00,
    0x00,0x00,0x00,0x00,0x00,0x00,0x00,0x00,0x00,0x00,0x00,0x00,0x00,0x00,0x00,0x00,0x00,0x00,0x00,0x00,0x00,0x00,0x00,0x00,
    0x00,0x00,0x00,0x00,0x00,0x00,0x00,0x00,0x00,0x00,0x00,0x00,0x00,0x00,0x00,0x00,0x00,0x00,0x00,0x00,0x00,0x00,0x00,0x00,
    0x00,0x00,0x00,0x00,0x00,0x00,0x00,0x00,0x00,0x00,0x00,0x00,0x00,0x00,0x00,0x00,0x00,0x00,0x00,0x00,0x00,0x00,0x00,0x00,
    0x00,0x00,0x00,0x00,0x00,0x00,0x00,0x00,0x00,0x00,0x00,0x00,0x00,0x00,0x00,0x00,0x00,0x00,0x00,0x00,0x00,0x00,0x00,0x00,
    0x00,0x00,0x00,0x00,0x00,0x00,0x00,0x00,0x00,0x00,0x00,0x00,0x00,0x00,0x00,0x00,0x00,0x00,0x00,0x00,0x00,0x00,0x00,0x00,
    0x00,0x00,0x00,0x00,0x00,0x00,0x00,0x00,0x00,0x00,0x00,0x00,0x00,0x00,0x00,0x00,0x00,0x00,0x00,0x00,0x00,0x00,0x00,0x00,
    0x00,0x00,0x00,0x00,0x00,0x00,0x00,0x00,0x00,0x00,0x00,0x00,0x00,0x00,0x00,0x00,0x00,0x00,0x00,0x00,0x00,0x00,0x00,0x00,
    0x00,0x00,0x00,0x00,0x00,0x00,0x00,0x00,0x00,0x00,0x00,0x00,0x00,0x00,0x00,0x00,0x00,0x00,0x00,0x00,0x00,0x00,0x00,0x00,
    0x00,0x00,0x00,0x00,0x00,0x00,0x00,0x00,0x00,0x00,0x00,0x00,0x00,0x00,0x00,0x00,0x00,0x00,0x00,0x00,0x00,0x00,0x00,0x00,
    0x00,0x00,0x00,0x00,0x00,0x00,0x00,0x00,0x00,0x00,0x00,0x00,0x00,0x00,0x00,0x00,0x00,0x00,0x00,0x00,0x00,0x00,0x00,0x00,
    0x00,0x00,0x00,0x00,0x00,0x00,0x00,0x00,0x00,0x00,0x00,0x00,0x00,0x00,0x00,0x00,0x00,0x00,0x00,0x00,0x00,0x00,0x00,0x00,
    0x00,0x00,0x00,0x00,0x00,0x00,0x00,0x00,0x00,0x00,0x00,0x00,0x00,0x00,0x00,0x00,0x00,0x00,0x00,0x00,0x00,0x00,0x00,0x00,
    0x00,0x00,0x00,0x00,0x00,0x00,0x00,0x00,0x00,0x00,0x00,0x00,0x00,0x00,0x00,0x00,0x00,0x00,0x00,0x00,0x00,0x00,0x00,0x00,
    0x00,0x00,0x00,0x00,0x00,0x00,0x00,0x00,0x00,0x00,0x00,0x00,0x00,0x00,0x00,0x00,0x00,0x00,0x00,0x00,0x00,0x00,0x00,0x00,
    0x00,0x00,0x00,0x00,0x00,0x00,0x00,0x00,0x00,0x00,0x00,0x00,0x00,0x00,0x00,0x00,0x00,0x00,0x00,0x00,0x00,0x00,0x00,0x00,
    0x00,0x00,0x00,0x00,0x00,0x00,0x00,0x00,0x00,0x00,0x00,0x00,0x00,0x00,0x00,0x00,0x00,0x00,0x00,0x00,0x00,0x00,0x00,0x00,
    0x00,0x00,0x00,0x00,0x00,0x00,0x00,0x00,0x00,0x00,0x00,0x00,0x00,0x00,0x00,0x00,0x00,0x00,0x00,0x00,0x00,0x00,0x00,0x00,
    0x00,0x00,0x00,0x00,0x00,0x00,0x00,0x00,0x00,0x00,0x00,0x00,0x00,0x00,0x00,0x00,0x00,0x00,0x00,0x00,0x00,0x00,0x00,0x00,
    0x00,0x00,0x00,0x00,0x00,0x00,0x00,0x00,0x00,0x00,0x00,0x00,0x00,0x00,0x00,0x00,0x00,0x00,0x00,0x00,0x00,0x00,0x00,0x00,
    0x00,0x00,0x00,0x00,0x00,0x00,0x00,0x00,0x00,0x00,0x00,0x00,0x00,0x00,0x00,0x00,0x00,0x00,0x00,0x00,0x00,0x00,0x00,0x00,
    0x00,0x00,0x00,0x00,0x00,0x00,0x00,0x00,0x00,0x00,0x00,0x00,0x00,0x00,0x00,0x00,0x00,0x00,0x00,0x00,0x00,0x00,0x00,0x00,
    0x00,0x00,0x00,0x00,0x00,0x00,0x00,0x00,0x00,0x00,0x00,0x00,0x00,0x00,0x00,0x00,0x00,0x00,0x00,0x00,0x00,0x00,0x00,0x00,
    0x00,0x00,0x00,0x00,0x00,0x00,0x00,0x00,0x00,0x00,0x00,0x00,0x00,0x00,0x00,0x00,0x00,0x00,0x00,0x00,0x00,0x00,0x00,0x00,
    0x00,0x00,0x00,0x00,0x00,0x00,0x00,0x00,0x00,0x00,0x00,0x00,0x00,0x00,0x00,0x00,0x00,0x00,0x00,0x00,0x00,0x00,0x00,0x00,
    0x00,0x00,0x00,0x00,0x00,0x00,0x00,0x00,0x00,0x00,0x00,0x00,0x00,0x00,0x00,0x00,0x00,0x00,0x00,0x00,0x00,0x00,0x00,0x00,
    0x00,0x00,0x00,0x00,0x00,0x00,0x00,0x00,0x00,0x00,0x00,0x00,0x00,0x00,0x00,0x00,0x00,0x00,0x00,0x00,0x00,0x00,0x00,0x00,
    0x00,0x00,0x00,0x00,0x00,0x00,0x00,0x00,0x00,0x00,0x00,0x00,0x00,0x00,0x00,0x00,0x00,0x00,0x00,0x00,0x00,0x00,0x00,0x00,
    0x00,0x00,0x00,0x00,0x00,0x00,0x00,0x00,0x00,0x00,0x00,0x00,0x00,0x00,0x00,0x00,0x00,0x00,0x00,0x00,0x00,0x00,0x00,0x00,
    0x00,0x00,0x00,0x00,0x00,0x00,0x00,0x00,0x00,0x00,0x00,0x00,0x00,0x00,0x00,0x00,0x00,0x00,0x00,0x00,0x00,0x00,0x00,0x00,
    0x00,0x00,0x00,0x00,0x00,0x00,0x00,0x00,0x00,0x00,0x00,0x00,0x00,0x00,0x00,0x00,0x00,0x00,0x00,0x00,0x00,0x00,0x00,0x00,
    0x00,0x00,0x00,0x00,0x00,0x00,0x00,0x00,0x00,0x00,0x00,0x00,0x00,0x00,0x00,0x00,0x00,0x00,0x00,0x00,0x00,0x00,0x00,0x00,
    0x00,0x00,0x00,0x00,0x00,0x00,0x00,0x00,0x00,0x00,0x00,0x00,0x00,0x00,0x00,0x00,0x00,0x00,0x00,0x00,0x00,0x00,0x00,0x00,
    0x00,0x00,0x00,0x00,0x00,0x00,0x00,0x00,0x00,0x00,0x00,0x00,0x00,0x00,0x00,0x00,0x00,0x00,0x00,0x00,0x00,0x00,0x00,0x00,
    0x00,0x00,0x00,0x00,0x00,0x00,0x00,0x00,0x00,0x00,0x00,0x00,0x00,0x00,0x00,0x00,0x00,0x00,0x00,0x00,0x00,0x00,0x00,0x00,
    0x00,0x00,0x00,0x00,0x00,0x00,0x00,0x00,0x00,0x00,0x00,0x00,0x00,0x00,0x00,0x00,0x00,0x00,0x00,0x00,0x00,0x00,0x00,0x00,
    0x00,0x00,0x00,0x00,0x00,0x00,0x00,0x00,0x00,0x00,0x00,0x00,0x00,0x00,0x00,0x00,0x00,0x00,0x00,0x00,0x00,0x00,0x00,0x00,
    0x00,0x00,0x00,0x00,0x00,0x00,0x00,0x00,0x00,0x00,0x00,0x00,0x00,0x00,0x00,0x00,0x00,0x00,0x00,0x00,0x00,0x00,0x00,0x00,
    0x00,0x00,0x00,0x00,0x00,0x00,0x00,0x00,0x00,0x00,0x00,0x00,0x00,0x00,0x00,0x00,0x00,0x00,0x00,0x00,0x00,0x00,0x00,0x00,
    0x00,0x00,0x00,0x00,0x00,0x00,0x00,0x00,0x00,0x00,0x00,0x00,0x00,0x00,0x00,0x00,0x00,0x00,0x00,0x00,0x00,0x00,0x00,0x00,
    0x00,0x00,0x00,0x00,0x00,0x00,0x00,0x00,0x00,0x00,0x00,0x00,0x00,0x00,0x00,0x00,0x00,0x00,0x00,0x00,0x00,0x00,0x00,0x00,
    0x00,0x00,0x00,0x00,0x00,0x00,0x00,0x00,0x00,0x00,0x00,0x00,0x00,0x00,0x00,0x00,0x00,0x00,0x00,0x00,0x00,0x00,0x00,0x00,
    0x00,0x00,0x00,0x00,0x00,0x00,0x00,0x00,0x00,0x00,0x00,0x00,0x00,0x00,0x00,0x00,0x00,0x00,0x00,0x00,0x00,0x00,0x00,0x00,
    0x00,0x00,0x00,0x00,0x00,0x00,0x00,0x00,0x00,0x00,0x00,0x00,0x00,0x00,0x00,0x00,0x00,0x00,0x00,0x00,0x00,0x00,0x00,0x00,
    0x00,0x00,0x00,0x00,0x00,0x00,0x00,0x00,0x00,0x00,0x00,0x00,0x00,0x00,0x00,0x00,0x00,0x00,0x00,0x00,0x00,0x00,0x00,0x00,
    0x00,0x00,0x00,0x00,0x00,0x00,0x00,0x00,0x00,0x00,0x00,0x00,0x00,0x00,0x00,0x00,0x00,0x00,0x00,0x00,0x00,0x00,0x00,0x00,
    0x00,0x00,0x00,0x00,0x00,0x00,0x00,0x00,0x00,0x00,0x00,0x00,0x00,0x00,0x00,0x00,0x00,0x00,0x00,0x00,0x00,0x00,0x00,0x00,
    0x00,0x00,0x00,0x00,0x00,0x00,0x00,0x00,0x00,0x00,0x00,0x00,0x00,0x00,0x00,0x00,0x00,0x00,0x00,0x00,0x00,0x00,0x00,0x00,
    0x00,0x00,0x00,0x00,0x00,0x00,0x00,0x00,0x00,0x00,0x00,0x00,0x00,0x00,0x00,0x00,0x00,0x00,0x00,0x00,0x00,0x00,0x00,0x00,
    0x00,0x00,0x00,0x00,0x00,0x00,0x00,0x00,0x00,0x00,0x00,0x00,0x00,0x00,0x00,0x00,0x00,0x00,0x00,0x00,0x00,0x00,0x00,0x00,
    0x00,0x00,0x00,0x00,0x00,0x00,0x00,0x00,0x00,0x00,0x00,0x00,0x00,0x00,0x00,0x00,0x00,0x00,0x00,0x00,0x00,0x00,0x00,0x00,
    0x00,0x00,0x00,0x00,0x00,0x00,0x00,0x00,0x00,0x00,0x00,0x00,0x00,0x00,0x00,0x00,0x00,0x00,0x00,0x00,0x00,0x00,0x00,0x00,
    0x00,0x00,0x00,0x00,0x00,0x00,0x00,0x00,0x00,0x00,0x00,0x00,0x00,0x00,0x00,0x00,0x00,0x00,0x00,0x00,0x00,0x00,0x00,0x00,
    0x00,0x00,0x00,0x00,0x00,0x00,0x00,0x00,0x00,0x00,0x00,0x00,0x00,0x00,0x00,0x00,0x00,0x00,0x00,0x00,0x00,0x00,0x00,0x00,
    0x00,0x00,0x00,0x00,0x00,0x00,0x00,0x00,0x00,0x00,0x00,0x00,0x00,0x00,0x00,0x00,0x00,0x00,0x00,0x00,0x00,0x00,0x00,0x00,
    0x00,0x00,0x00,0x00,0x00,0x00,0x00,0x00,0x00,0x00,0x00,0x00,0x00,0x00,0x00,0x00,0x00,0x00,0x00,0x00,0x00,0x00,0x00,0x00,
    0x00,0x00,0x00,0x00,0x00,0x00,0x00,0x00,0x00,0x00,0x00,0x00,0x00,0x00,0x00,0x00,0x00,0x00,0x00,0x00,0x00,0x00,0x00,0x00,
    0x00,0x00,0x00,0x00,0x00,0x00,0x00,0x00,0x00,0x00,0x00,0x00,0x00,0x00,0x00,0x00,0x00,0x00,0x00,0x00,0x00,0x00,0x00,0x00,
    0x00,0x00,0x00,0x00,0x00,0x00,0x00,0x00,0x00,0x00,0x00,0x00,0x00,0x00,0x00,0x00,0x00,0x00,0x00,0x00,0x00,0x00,0x00,0x00,
    0x00,0x00,0x00,0x00,0x00,0x00,0x00,0x00,0x00,0x00,0x00,0x00,0x00,0x00,0x00,0x00,0x00,0x00,0x00,0x00,0x00,0x00,0x00,0x00,
    0x00,0x00,0x00,0x00,0x00,0x00,0x00,0x00,0x00,0x00,0x00,0x00,0x00,0x00,0x00,0x00,0x00,0x00,0x00,0x00,0x00,0x00,0x00,0x00,
    0x00,0x00,0x00,0x00,0x00,0x00,0x00,0x00,0x00,0x00,0x00,0x00,0x00,0x00,0x00,0x00,0x00,0x00,0x00,0x00,0x00,0x00,0x00,0x00,
    0x00,0x00,0x00,0x00,0x00,0x00,0x00,0x00,0x00,0x00,0x00,0x00,0x00,0x00,0x00,0x00,0x00,0x00,0x00,0x00,0x00,0x00,0x00,0x00,
    0x00,0x00,0x00,0x00,0x00,0x00,0x00,0x00,0x00,0x00,0x00,0x00,0x00,0x00,0x00,0x00,0x00,0x00,0x00,0x00,0x00,0x00,0x00,0x00,
    0x00,0x00,0x00,0x00,0x00,0x00,0x00,0x00,0x00,0x00,0x00,0x00,0x00,0x00,0x00,0x00,0x00,0x00,0x00,0x00,0x00,0x00,0x00,0x00,
    0x00,0x00,0x00,0x00,0x00,0x00,0x00,0x00,0x00,0x00,0x00,0x00,0x00,0x00,0x00,0x00,0x00,0x00,0x00,0x00,0x00,0x00,0x00,0x00,
    0x00,0x00,0x00,0x00,0x00,0x00,0x00,0x00,0x00,0x00,0x00,0x00,0x00,0x00,0x00,0x00,0x00,0x00,0x00,0x00,0x00,0x00,0x00,0x00,
    0x00,0x00,0x00,0x00,0x00,0x00,0x00,0x00,0x00,0x00,0x00,0x00,0x00,0x00,0x00,0x00,0x00,0x00,0x00,0x00,0x00,0x00,0x00,0x00,
    0x00,0x00,0x00,0x00,0x00,0x00,0x00,0x00,0x00,0x00,0x00,0x00,0x00,0x00,0x00,0x00,0x00,0x00,0x00,0x00,0x00,0x00,0x00,0x00,
    0x00,0x00,0x00,0x00,0x00,0x00,0x00,0x00,0x00,0x00,0x00,0x00,0x00,0x00,0x00,0x00,0x00,0x00,0x00,0x00,0x00,0x00,0x00,0x00,
    0x00,0x00,0x00,0x00,0x00,0x00,0x00,0x00,0x00,0x00,0x00,0x00,0x00,0x00,0x00,0x00,0x00,0x00,0x00,0x00,0x00,0x00,0x00,0x00,
    0x00,0x00,0x00,0x00,0x00,0x00,0x00,0x00,0x00,0x00,0x00,0x00,0x00,0x00,0x00,0x00,0x00,0x00,0x00,0x00,0x00,0x00,0x00,0x00,
    0x00,0x00,0x00,0x00,0x00,0x00,0x00,0x00,0x00,0x00,0x00,0x00,0x00,0x00,0x00,0x00,0x00,0x00,0x00,0x00,0x00,0x00,0x00,0x00,
    0x00,0x00,0x00,0x00,0x00,0x00,0x00,0x00,0x00,0x00,0x00,0x00,0x00,0x00,0x00,0x00,0x00,0x00,0x00,0x00,0x00,0x00,0x00,0x00,
    0x00,0x00,0x00,0x00,0x00,0x00,0x00,0x00,0x00,0x00,0x00,0x00,0x00,0x00,0x00,0x00,0x00,0x00,0x00,0x00,0x00,0x00,0x00,0x00,
    0x00,0x00,0x00,0x00,0x00,0x00,0x00,0x00,0x00,0x00,0x00,0x00,0x00,0x00,0x00,0x00,0x00,0x00,0x00,0x00,0x00,0x00,0x00,0x00,
    0x00,0x00,0x00,0x00,0x00,0x00,0x00,0x00,0x00,0x00,0x00,0x00,0x00,0x00,0x00,0x00,0x00,0x00,0x00,0x00,0x00,0x00,0x00,0x00,
    0x00,0x00,0x00,0x00,0x00,0x00,0x00,0x00,0x00,0x00,0x00,0x00,0x00,0x00,0x00,0x00,0x00,0x00,0x00,0x00,0x00,0x00,0x00,0x00,
    0x00,0x00,0x00,0x00,0x00,0x00,0x00,0x00,0x00,0x00,0x00,0x00,0x00,0x00,0x00,0x00,0x00,0x00,0x00,0x00,0x00,0x00,0x00,0x00,
    0x00,0x00,0x00,0x00,0x00,0x00,0x00,0x00,0x00,0x00,0x00,0x00,0x00,0x00,0x00,0x00,0x00,0x00,0x00,0x00,0x00,0x00,0x00,0x00,
    0x00,0x00,0x00,0x00,0x00,0x00,0x00,0x00,0x00,0x00,0x00,0x00,0x00,0x00,0x00,0x00,0x00,0x00,0x00,0x00,0x00,0x00,0x00,0x00,
    0x00,0x00,0x00,0x00,0x00,0x00,0x00,0x00,0x00,0x00,0x00,0x00,0x00,0x00,0x00,0x00,0x00,0x00,0x00,0x00,0x00,0x00,0x00,0x00,
    0x00,0x00,0x00,0x00,0x00,0x00,0x00,0x00,0x00,0x00,0x00,0x00,0x00,0x00,0x00,0x00,0x00,0x00,0x00,0x00,0x00,0x00,0x00,0x00,
    0x00,0x00,0x00,0x00,0x00,0x00,0x00,0x00,0x00,0x00,0x00,0x00,0x00,0x00,0x00,0x00,
];
#[cfg(test)]
const COMMANDS_0: &[u8] = &[
    0xcf,0xfa,0xed,0xfe,0x07,0x00,0x00,0x01,0x03,0x00,0x00,0x80,0x02,0x00,0x00,0x00,0x14,0x00,0x00,0x00,0xd8,0x09,0x00,0x00,
    0x85,0x80,0xa1,0x00,0x00,0x00,0x00,0x00,0x19,0x00,0x00,0x00,0x48,0x00,0x00,0x00,0x5f,0x5f,0x50,0x41,0x47,0x45,0x5a,0x45,
    0x52,0x4f,0x00,0x00,0x00,0x00,0x00,0x00,0x00,0x00,0x00,0x00,0x00,0x00,0x00,0x00,0x00,0x00,0x00,0x00,0x01,0x00,0x00,0x00,
    0x00,0x00,0x00,0x00,0x00,0x00,0x00,0x00,0x00,0x00,0x00,0x00,0x00,0x00,0x00,0x00,0x00,0x00,0x00,0x00,0x00,0x00,0x00,0x00,
    0x00,0x00,0x00,0x00,0x00,0x00,0x00,0x00,0x19,0x00,0x00,0x00,0xb8,0x03,0x00,0x00,0x5f,0x5f,0x54,0x45,0x58,0x54,0x00,0x00,
    0x00,0x00,0x00,0x00,0x00,0x00,0x00,0x00,0x00,0x00,0x00,0x00,0x01,0x00,0x00,0x00,0x00,0x50,0x42,0x00,0x00,0x00,0x00,0x00,
    0x00,0x00,0x00,0x00,0x00,0x00,0x00,0x00,0x00,0x50,0x42,0x00,0x00,0x00,0x00,0x00,0x05,0x00,0x00,0x00,0x05,0x00,0x00,0x00,
    0x0b,0x00,0x00,0x00,0x00,0x00,0x00,0x00,0x5f,0x5f,0x74,0x65,0x78,0x74,0x00,0x00,0x00,0x00,0x00,0x00,0x00,0x00,0x00,0x00,
    0x5f,0x5f,0x54,0x45,0x58,0x54,0x00,0x00,0x00,0x00,0x00,0x00,0x00,0x00,0x00,0x00,0x00,0x0e,0x00,0x00,0x01,0x00,0x00,0x00,
    0x58,0x8f,0x3d,0x00,0x00,0x00,0x00,0x00,0x00,0x0e,0x00,0x00,0x05,0x00,0x00,0x00,0x00,0x00,0x00,0x00,0x00,0x00,0x00,0x00,
    0x00,0x04,0x00,0x80,0x00,0x00,0x00,0x00,0x00,0x00,0x00,0x00,0x00,0x00,0x00,0x00,0x5f,0x5f,0x73,0x74,0x75,0x62,0x73,0x00,
    0x00,0x00,0x00,0x00,0x00,0x00,0x00,0x00,0x5f,0x5f,0x54,0x45,0x58,0x54,0x00,0x00,0x00,0x00,0x00,0x00,0x00,0x00,0x00,0x00,
    0x58,0x9d,0x3d,0x00,0x01,0x00,0x00,0x00,0x34,0x08,0x00,0x00,0x00,0x00,0x00,0x00,0x58,0x9d,0x3d,0x00,0x02,0x00,0x00,0x00,
    0x00,0x00,0x00,0x00,0x00,0x00,0x00,0x00,0x08,0x04,0x00,0x80,0xea,0x00,0x00,0x00,0x06,0x00,0x00,0x00,0x00,0x00,0x00,0x00,
    0x5f,0x5f,0x73,0x74,0x75,0x62,0x5f,0x68,0x65,0x6c,0x70,0x65,0x72,0x00,0x00,0x00,0x5f,0x5f,0x54,0x45,0x58,0x54,0x00,0x00,
    0x00,0x00,0x00,0x00,0x00,0x00,0x00,0x00,0x8c,0xa5,0x3d,0x00,0x01,0x00,0x00,0x00,0x12,0x08,0x00,0x00,0x00,0x00,0x00,0x00,
    0x8c,0xa5,0x3d,0x00,0x02,0x00,0x00,0x00,0x00,0x00,0x00,0x00,0x00,0x00,0x00,0x00,0x00,0x04,0x00,0x80,0x00,0x00,0x00,0x00,
    0x00,0x00,0x00,0x00,0x00,0x00,0x00,0x00,0x5f,0x5f,0x63,0x73,0x74,0x72,0x69,0x6e,0x67,0x00,0x00,0x00,0x00,0x00,0x00,0x00,
    0x5f,0x5f,0x54,0x45,0x58,0x54,0x00,0x00,0x00,0x00,0x00,0x00,0x00,0x00,0x00,0x00,0xa0,0xad,0x3d,0x00,0x01,0x00,0x00,0x00,
    0xe0,0x37,0x02,0x00,0x00,0x00,0x00,0x00,0xa0,0xad,0x3d,0x00,0x04,0x00,0x00,0x00,0x00,0x00,0x00,0x00,0x00,0x00,0x00,0x00,
    0x02,0x00,0x00,0x00,0x00,0x00,0x00,0x00,0x00,0x00,0x00,0x00,0x00,0x00,0x00,0x00,0x5f,0x5f,0x6c,0x69,0x74,0x65,0x72,0x61,
    0x6c,0x73,0x00,0x00,0x00,0x00,0x00,0x00,0x5f,0x5f,0x54,0x45,0x58,0x54,0x00,0x00,0x00,0x00,0x00,0x00,0x00,0x00,0x00,0x00,
    0x80,0xe5,0x3f,0x00,0x01,0x00,0x00,0x00,0x08,0x10,0x00,0x00,0x00,0x00,0x00,0x00,0x80,0xe5,0x3f,0x00,0x04,0x00,0x00,0x00,
    0x00,0x00,0x00,0x00,0x00,0x00,0x00,0x00,0x00,0x00,0x00,0x00,0x00,0x00,0x00,0x00,0x00,0x00,0x00,0x00,0x00,0x00,0x00,0x00,
    0x5f,0x5f,0x63,0x6f,0x6e,0x73,0x74,0x00,0x00,0x00,0x00,0x00,0x00,0x00,0x00,0x00,0x5f,0x5f,0x54,0x45,0x58,0x54,0x00,0x00,
    0x00,0x00,0x00,0x00,0x00,0x00,0x00,0x00,0x90,0xf5,0x3f,0x00,0x01,0x00,0x00,0x00,0x3c,0x8d,0x01,0x00,0x00,0x00,0x00,0x00,
    0x90,0xf5,0x3f,0x00,0x04,0x00,0x00,0x00,0x00,0x00,0x00,0x00,0x00,0x00,0x00,0x00,0x00,0x00,0x00,0x00,0x00,0x00,0x00,0x00,
    0x00,0x00,0x00,0x00,0x00,0x00,0x00,0x00,0x5f,0x5f,0x75,0x73,0x74,0x72,0x69,0x6e,0x67,0x00,0x00,0x00,0x00,0x00,0x00,0x00,
    0x5f,0x5f,0x54,0x45,0x58,0x54,0x00,0x00,0x00,0x00,0x00,0x00,0x00,0x00,0x00,0x00,0xcc,0x82,0x41,0x00,0x01,0x00,0x00,0x00,
    0x2a,0x00,0x00,0x00,0x00,0x00,0x00,0x00,0xcc,0x82,0x41,0x00,0x01,0x00,0x00,0x00,0x00,0x00,0x00,0x00,0x00,0x00,0x00,0x00,
    0x00,0x00,0x00,0x00,0x00,0x00,0x00,0x00,0x00,0x00,0x00,0x00,0x00,0x00,0x00,0x00,0x5f,0x5f,0x67,0x63,0x63,0x5f,0x65,0x78,
    0x63,0x65,0x70,0x74,0x5f,0x74,0x61,0x62,0x5f,0x5f,0x54,0x45,0x58,0x54,0x00,0x00,0x00,0x00,0x00,0x00,0x00,0x00,0x00,0x00,
    0xf8,0x82,0x41,0x00,0x01,0x00,0x00,0x00,0xd4,0x2d,0x00,0x00,0x00,0x00,0x00,0x00,0xf8,0x82,0x41,0x00,0x02,0x00,0x00,0x00,
    0x00,0x00,0x00,0x00,0x00,0x00,0x00,0x00,0x00,0x00,0x00,0x00,0x00,0x00,0x00,0x00,0x00,0x00,0x00,0x00,0x00,0x00,0x00,0x00,
    0x5f,0x5f,0x6c,0x63,0x78,0x78,0x5f,0x6f,0x76,0x65,0x72,0x72,0x69,0x64,0x65,0x00,0x5f,0x5f,0x54,0x45,0x58,0x54,0x00,0x00,
    0x00,0x00,0x00,0x00,0x00,0x00,0x00,0x00,0xd0,0xb0,0x41,0x00,0x01,0x00,0x00,0x00,0x4a,0x01,0x00,0x00,0x00,0x00,0x00,0x00,
    0xd0,0xb0,0x41,0x00,0x04,0x00,0x00,0x00,0x00,0x00,0x00,0x00,0x00,0x00,0x00,0x00,0x00,0x04,0x00,0x80,0x00,0x00,0x00,0x00,
    0x00,0x00,0x00,0x00,0x00,0x00,0x00,0x00,0x5f,0x5f,0x75,0x6e,0x77,0x69,0x6e,0x64,0x5f,0x69,0x6e,0x66,0x6f,0x00,0x00,0x00,
    0x5f,0x5f,0x54,0x45,0x58,0x54,0x00,0x00,0x00,0x00,0x00,0x00,0x00,0x00,0x00,0x00,0x1c,0xb2,0x41,0x00,0x01,0x00,0x00,0x00,
    0x54,0x7f,0x00,0x00,0x00,0x00,0x00,0x00,0x1c,0xb2,0x41,0x00,0x02,0x00,0x00,0x00,0x00,0x00,0x00,0x00,0x00,0x00,0x00,0x00,
    0x00,0x00,0x00,0x00,0x00,0x00,0x00,0x00,0x00,0x00,0x00,0x00,0x00,0x00,0x00,0x00,0x5f,0x5f,0x65,0x68,0x5f,0x66,0x72,0x61,
    0x6d,0x65,0x00,0x00,0x00,0x00,0x00,0x00,0x5f,0x5f,0x54,0x45,0x58,0x54,0x00,0x00,0x00,0x00,0x00,0x00,0x00,0x00,0x00,0x00,
    0x70,0x31,0x42,0x00,0x01,0x00,0x00,0x00,0x10,0x1a,0x00,0x00,0x00,0x00,0x00,0x00,0x70,0x31,0x42,0x00,0x03,0x00,0x00,0x00,
    0x00,0x00,0x00,0x00,0x00,0x00,0x00,0x00,0x0b,0x00,0x00,0x60,0x00,0x00,0x00,0x00,0x00,0x00,0x00,0x00,0x00,0x00,0x00,0x00,
    0x19,0x00,0x00,0x00,0x68,0x03,0x00,0x00,0x5f,0x5f,0x44,0x41,0x54,0x41,0x00,0x00,0x00,0x00,0x00,0x00,0x00,0x00,0x00,0x00,
    0x00,0x50,0x42,0x00,0x01,0x00,0x00,0x00,0x00,0x20,0x02,0x00,0x00,0x00,0x00,0x00,0x00,0x50,0x42,0x00,0x00,0x00,0x00,0x00,
    0x00,0xf0,0x01,0x00,0x00,0x00,0x00,0x00,0x03,0x00,0x00,0x00,0x03,0x00,0x00,0x00,0x0a,0x00,0x00,0x00,0x00,0x00,0x00,0x00,
    0x5f,0x5f,0x67,0x6f,0x74,0x00,0x00,0x00,0x00,0x00,0x00,0x00,0x00,0x00,0x00,0x00,0x5f,0x5f,0x44,0x41,0x54,0x41,0x00,0x00,
    0x00,0x00,0x00,0x00,0x00,0x00,0x00,0x00,0x00,0x50,0x42,0x00,0x01,0x00,0x00,0x00,0x50,0x07,0x00,0x00,0x00,0x00,0x00,0x00,
    0x00,0x50,0x42,0x00,0x03,0x00,0x00,0x00,0x00,0x00,0x00,0x00,0x00,0x00,0x00,0x00,0x06,0x00,0x00,0x00,0x00,0x00,0x00,0x00,
    0x00,0x00,0x00,0x00,0x00,0x00,0x00,0x00,0x5f,0x5f,0x6c,0x61,0x5f,0x73,0x79,0x6d,0x62,0x6f,0x6c,0x5f,0x70,0x74,0x72,0x00,
    0x5f,0x5f,0x44,0x41,0x54,0x41,0x00,0x00,0x00,0x00,0x00,0x00,0x00,0x00,0x00,0x00,0x50,0x57,0x42,0x00,0x01,0x00,0x00,0x00,
    0xf0,0x0a,0x00,0x00,0x00,0x00,0x00,0x00,0x50,0x57,0x42,0x00,0x03,0x00,0x00,0x00,0x00,0x00,0x00,0x00,0x00,0x00,0x00,0x00,
    0x07,0x00,0x00,0x00,0x48,0x02,0x00,0x00,0x00,0x00,0x00,0x00,0x00,0x00,0x00,0x00,0x5f,0x5f,0x63,0x6f,0x6e,0x73,0x74,0x00,
    0x00,0x00,0x00,0x00,0x00,0x00,0x00,0x00,0x5f,0x5f,0x44,0x41,0x54,0x41,0x00,0x00,0x00,0x00,0x00,0x00,0x00,0x00,0x00,0x00,
    0x40,0x62,0x42,0x00,0x01,0x00,0x00,0x00,0xf0,0x94,0x01,0x00,0x00,0x00,0x00,0x00,0x40,0x62,0x42,0x00,0x04,0x00,0x00,0x00,
    0x00,0x00,0x00,0x00,0x00,0x00,0x00,0x00,0x00,0x00,0x00,0x00,0x00,0x00,0x00,0x00,0x00,0x00,0x00,0x00,0x00,0x00,0x00,0x00,
    0x5f,0x5f,0x64,0x61,0x74,0x61,0x00,0x00,0x00,0x00,0x00,0x00,0x00,0x00,0x00,0x00,0x5f,0x5f,0x44,0x41,0x54,0x41,0x00,0x00,
    0x00,0x00,0x00,0x00,0x00,0x00,0x00,0x00,0x30,0xf7,0x43,0x00,0x01,0x00,0x00,0x00,0xe0,0x39,0x00,0x00,0x00,0x00,0x00,0x00,
    0x30,0xf7,0x43,0x00,0x04,0x00,0x00,0x00,0x00,0x00,0x00,0x00,0x00,0x00,0x00,0x00,0x00,0x00,0x00,0x00,0x00,0x00,0x00,0x00,
    0x00,0x00,0x00,0x00,0x00,0x00,0x00,0x00,0x5f,0x5f,0x6c,0x6c,0x76,0x6d,0x5f,0x61,0x64,0x64,0x72,0x73,0x69,0x67,0x00,0x00,
    0x5f,0x5f,0x44,0x41,0x54,0x41,0x00,0x00,0x00,0x00,0x00,0x00,0x00,0x00,0x00,0x00,0x10,0x31,0x44,0x00,0x01,0x00,0x00,0x00,
    0x58,0x06,0x00,0x00,0x00,0x00,0x00,0x00,0x10,0x31,0x44,0x00,0x00,0x00,0x00,0x00,0x00,0x00,0x00,0x00,0x00,0x00,0x00,0x00,
    0x00,0x00,0x00,0x00,0x00,0x00,0x00,0x00,0x00,0x00,0x00,0x00,0x00,0x00,0x00,0x00,0x5f,0x5f,0x6d,0x6f,0x64,0x5f,0x69,0x6e,
    0x69,0x74,0x5f,0x66,0x75,0x6e,0x63,0x00,0x5f,0x5f,0x44,0x41,0x54,0x41,0x00,0x00,0x00,0x00,0x00,0x00,0x00,0x00,0x00,0x00,
    0x68,0x37,0x44,0x00,0x01,0x00,0x00,0x00,0x98,0x00,0x00,0x00,0x00,0x00,0x00,0x00,0x68,0x37,0x44,0x00,0x03,0x00,0x00,0x00,
    0x00,0x00,0x00,0x00,0x00,0x00,0x00,0x00,0x09,0x00,0x00,0x00,0x00,0x00,0x00,0x00,0x00,0x00,0x00,0x00,0x00,0x00,0x00,0x00,
    0x5f,0x5f,0x74,0x68,0x72,0x65,0x61,0x64,0x5f,0x76,0x61,0x72,0x73,0x00,0x00,0x00,0x5f,0x5f,0x44,0x41,0x54,0x41,0x00,0x00,
    0x00,0x00,0x00,0x00,0x00,0x00,0x00,0x00,0x00,0x38,0x44,0x00,0x01,0x00,0x00,0x00,0x18,0x00,0x00,0x00,0x00,0x00,0x00,0x00,
    0x00,0x38,0x44,0x00,0x03,0x00,0x00,0x00,0x00,0x00,0x00,0x00,0x00,0x00,0x00,0x00,0x13,0x00,0x00,0x00,0x00,0x00,0x00,0x00,
    0x00,0x00,0x00,0x00,0x00,0x00,0x00,0x00,0x5f,0x5f,0x74,0x68,0x72,0x65,0x61,0x64,0x5f,0x64,0x61,0x74,0x61,0x00,0x00,0x00,
    0x5f,0x5f,0x44,0x41,0x54,0x41,0x00,0x00,0x00,0x00,0x00,0x00,0x00,0x00,0x00,0x00,0x40,0x38,0x44,0x00,0x01,0x00,0x00,0x00,
    0x40,0x00,0x00,0x00,0x00,0x00,0x00,0x00,0x40,0x38,0x44,0x00,0x06,0x00,0x00,0x00,0x00,0x00,0x00,0x00,0x00,0x00,0x00,0x00,
    0x11,0x00,0x00,0x00,0x00,0x00,0x00,0x00,0x00,0x00,0x00,0x00,0x00,0x00,0x00,0x00,0x5f,0x5f,0x62,0x73,0x73,0x00,0x00,0x00,
    0x00,0x00,0x00,0x00,0x00,0x00,0x00,0x00,0x5f,0x5f,0x44,0x41,0x54,0x41,0x00,0x00,0x00,0x00,0x00,0x00,0x00,0x00,0x00,0x00,
    0x80,0x38,0x44,0x00,0x01,0x00,0x00,0x00,0xb0,0x21,0x00,0x00,0x00,0x00,0x00,0x00,0x00,0x00,0x00,0x00,0x04,0x00,0x00,0x00,
    0x00,0x00,0x00,0x00,0x00,0x00,0x00,0x00,0x01,0x00,0x00,0x00,0x00,0x00,0x00,0x00,0x00,0x00,0x00,0x00,0x00,0x00,0x00,0x00,
    0x5f,0x5f,0x63,0x6f,0x6d,0x6d,0x6f,0x6e,0x00,0x00,0x00,0x00,0x00,0x00,0x00,0x00,0x5f,0x5f,0x44,0x41,0x54,0x41,0x00,0x00,
    0x00,0x00,0x00,0x00,0x00,0x00,0x00,0x00,0x40,0x5a,0x44,0x00,0x01,0x00,0x00,0x00,0xa8,0x07,0x00,0x00,0x00,0x00,0x00,0x00,
    0x00,0x00,0x00,0x00,0x06,0x00,0x00,0x00,0x00,0x00,0x00,0x00,0x00,0x00,0x00,0x00,0x01,0x00,0x00,0x00,0x00,0x00,0x00,0x00,
    0x00,0x00,0x00,0x00,0x00,0x00,0x00,0x00,0x19,0x00,0x00,0x00,0x48,0x00,0x00,0x00,0x5f,0x5f,0x4c,0x49,0x4e,0x4b,0x45,0x44,
    0x49,0x54,0x00,0x00,0x00,0x00,0x00,0x00,0x00,0x70,0x44,0x00,0x01,0x00,0x00,0x00,0x00,0x50,0x13,0x00,0x00,0x00,0x00,0x00,
    0x00,0x40,0x44,0x00,0x00,0x00,0x00,0x00,0x48,0x44,0x13,0x00,0x00,0x00,0x00,0x00,0x01,0x00,0x00,0x00,0x01,0x00,0x00,0x00,
    0x00,0x00,0x00,0x00,0x00,0x00,0x00,0x00,0x22,0x00,0x00,0x80,0x30,0x00,0x00,0x00,0x00,0x40,0x44,0x00,0x00,0x0b,0x00,0x00,
    0x00,0x4b,0x44,0x00,0x20,0x01,0x00,0x00,0x20,0x4c,0x44,0x00,0x10,0xf7,0x00,0x00,0x30,0x43,0x45,0x00,0xd0,0x0e,0x00,0x00,
    0x00,0x52,0x45,0x00,0xa0,0xfe,0x05,0x00,0x02,0x00,0x00,0x00,0x18,0x00,0x00,0x00,0x28,0x9d,0x4b,0x00,0xf1,0x26,0x00,0x00,
    0xd0,0x1a,0x4e,0x00,0x38,0xbb,0x08,0x00,0x0b,0x00,0x00,0x00,0x50,0x00,0x00,0x00,0x00,0x00,0x00,0x00,0x01,0x00,0x00,0x00,
    0x01,0x00,0x00,0x00,0x1c,0x26,0x00,0x00,0x1d,0x26,0x00,0x00,0xd4,0x00,0x00,0x00,0x00,0x00,0x00,0x00,0x00,0x00,0x00,0x00,
    0x00,0x00,0x00,0x00,0x00,0x00,0x00,0x00,0x00,0x00,0x00,0x00,0x00,0x00,0x00,0x00,0x38,0x0c,0x4e,0x00,0xa6,0x03,0x00,0x00,
    0x00,0x00,0x00,0x00,0x00,0x00,0x00,0x00,0x00,0x00,0x00,0x00,0x00,0x00,0x00,0x00,0x1c,0x00,0x00,0x80,0x20,0x00,0x00,0x00,
    0x0c,0x00,0x00,0x00,0x40,0x6c,0x6f,0x61,0x64,0x65,0x72,0x5f,0x70,0x61,0x74,0x68,0x2f,0x00,0x00,0x00,0x00,0x00,0x00,0x00,
    0x1c,0x00,0x00,0x80,0x20,0x00,0x00,0x00,0x0c,0x00,0x00,0x00,0x40,0x6c,0x6f,0x61,0x64,0x65,0x72,0x5f,0x70,0x61,0x74,0x68,
    0x2f,0x6c,0x69,0x62,0x36,0x34,0x00,0x00,0x1c,0x00,0x00,0x80,0x28,0x00,0x00,0x00,0x0c,0x00,0x00,0x00,0x40,0x6c,0x6f,0x61,
    0x64,0x65,0x72,0x5f,0x70,0x61,0x74,0x68,0x2f,0x2e,0x2e,0x2f,0x6c,0x69,0x62,0x36,0x34,0x00,0x00,0x00,0x00,0x00,0x00,0x00,
    0x1c,0x00,0x00,0x80,0x28,0x00,0x00,0x00,0x0c,0x00,0x00,0x00,0x40,0x6c,0x6f,0x61,0x64,0x65,0x72,0x5f,0x70,0x61,0x74,0x68,
    0x2f,0x2e,0x2e,0x2f,0x2e,0x2e,0x2f,0x6c,0x69,0x62,0x36,0x34,0x00,0x00,0x00,0x00,0x1c,0x00,0x00,0x80,0x28,0x00,0x00,0x00,
    0x0c,0x00,0x00,0x00,0x40,0x6c,0x6f,0x61,0x64,0x65,0x72,0x5f,0x70,0x61,0x74,0x68,0x2f,0x2e,0x2e,0x2f,0x2e,0x2e,0x2f,0x2e,
    0x2e,0x2f,0x6c,0x69,0x62,0x36,0x34,0x00,0x0e,0x00,0x00,0x00,0x20,0x00,0x00,0x00,0x0c,0x00,0x00,0x00,0x2f,0x75,0x73,0x72,
    0x2f,0x6c,0x69,0x62,0x2f,0x64,0x79,0x6c,0x64,0x00,0x00,0x00,0x00,0x00,0x00,0x00,0x1b,0x00,0x00,0x00,0x18,0x00,0x00,0x00,
    0x4c,0x4c,0x44,0x8b,0x55,0x55,0x31,0x44,0xa1,0x9d,0x80,0x29,0xc5,0x2f,0x40,0x5f,0x32,0x00,0x00,0x00,0x20,0x00,0x00,0x00,
    0x01,0x00,0x00,0x00,0x00,0x0e,0x0a,0x00,0x00,0x01,0x0c,0x00,0x01,0x00,0x00,0x00,0x04,0x00,0x00,0x00,0x01,0x00,0x13,0x00,
    0x28,0x00,0x00,0x80,0x18,0x00,0x00,0x00,0xe0,0x12,0x00,0x00,0x00,0x00,0x00,0x00,0x00,0x00,0x00,0x00,0x00,0x00,0x00,0x00,
    0x0c,0x00,0x00,0x00,0x38,0x00,0x00,0x00,0x18,0x00,0x00,0x00,0x00,0x00,0x00,0x00,0x00,0x00,0x1f,0x05,0x00,0x00,0x01,0x00,
    0x2f,0x75,0x73,0x72,0x2f,0x6c,0x69,0x62,0x2f,0x6c,0x69,0x62,0x53,0x79,0x73,0x74,0x65,0x6d,0x2e,0x42,0x2e,0x64,0x79,0x6c,
    0x69,0x62,0x00,0x00,0x00,0x00,0x00,0x00,0x26,0x00,0x00,0x00,0x10,0x00,0x00,0x00,0xa0,0x50,0x4b,0x00,0xd0,0x40,0x00,0x00,
    0x29,0x00,0x00,0x00,0x10,0x00,0x00,0x00,0x70,0x91,0x4b,0x00,0xb8,0x0b,0x00,0x00,0x1d,0x00,0x00,0x00,0x10,0x00,0x00,0x00,
    0x10,0xd6,0x56,0x00,0x38,0xae,0x00,0x00,
];
#[cfg(test)]
const PREFIX_1: &[u8] = &[
    0xcf,0xfa,0xed,0xfe,0x07,0x00,0x00,0x01,0x03,0x00,0x00,0x00,0x06,0x00,0x00,0x00,0x12,0x00,0x00,0x00,0x10,0x09,0x00,0x00,
    0x85,0x80,0x91,0x00,0x00,0x00,0x00,0x00,0x19,0x00,0x00,0x00,0xc8,0x02,0x00,0x00,0x5f,0x5f,0x54,0x45,0x58,0x54,0x00,0x00,
    0x00,0x00,0x00,0x00,0x00,0x00,0x00,0x00,0x00,0x00,0x00,0x00,0x00,0x00,0x00,0x00,0xc0,0x84,0x03,0x00,0x00,0x00,0x00,0x00,
    0x00,0x00,0x00,0x00,0x00,0x00,0x00,0x00,0xc0,0x84,0x03,0x00,0x00,0x00,0x00,0x00,0x05,0x00,0x00,0x00,0x05,0x00,0x00,0x00,
    0x08,0x00,0x00,0x00,0x00,0x00,0x00,0x00,0x5f,0x5f,0x74,0x65,0x78,0x74,0x00,0x00,0x00,0x00,0x00,0x00,0x00,0x00,0x00,0x00,
    0x5f,0x5f,0x54,0x45,0x58,0x54,0x00,0x00,0x00,0x00,0x00,0x00,0x00,0x00,0x00,0x00,0x30,0x09,0x00,0x00,0x00,0x00,0x00,0x00,
    0xab,0x09,0x03,0x00,0x00,0x00,0x00,0x00,0x30,0x09,0x00,0x00,0x04,0x00,0x00,0x00,0x00,0x00,0x00,0x00,0x00,0x00,0x00,0x00,
    0x00,0x04,0x00,0x80,0x00,0x00,0x00,0x00,0x00,0x00,0x00,0x00,0x00,0x00,0x00,0x00,0x5f,0x5f,0x73,0x74,0x75,0x62,0x73,0x00,
    0x00,0x00,0x00,0x00,0x00,0x00,0x00,0x00,0x5f,0x5f,0x54,0x45,0x58,0x54,0x00,0x00,0x00,0x00,0x00,0x00,0x00,0x00,0x00,0x00,
    0xdc,0x12,0x03,0x00,0x00,0x00,0x00,0x00,0x58,0x02,0x00,0x00,0x00,0x00,0x00,0x00,0xdc,0x12,0x03,0x00,0x01,0x00,0x00,0x00,
    0x00,0x00,0x00,0x00,0x00,0x00,0x00,0x00,0x08,0x04,0x00,0x80,0x00,0x00,0x00,0x00,0x06,0x00,0x00,0x00,0x00,0x00,0x00,0x00,
    0x5f,0x5f,0x73,0x74,0x75,0x62,0x5f,0x68,0x65,0x6c,0x70,0x65,0x72,0x00,0x00,0x00,0x5f,0x5f,0x54,0x45,0x58,0x54,0x00,0x00,
    0x00,0x00,0x00,0x00,0x00,0x00,0x00,0x00,0x34,0x15,0x03,0x00,0x00,0x00,0x00,0x00,0xb2,0x03,0x00,0x00,0x00,0x00,0x00,0x00,
    0x34,0x15,0x03,0x00,0x02,0x00,0x00,0x00,0x00,0x00,0x00,0x00,0x00,0x00,0x00,0x00,0x00,0x04,0x00,0x80,0x00,0x00,0x00,0x00,
    0x00,0x00,0x00,0x00,0x00,0x00,0x00,0x00,0x5f,0x5f,0x63,0x6f,0x6e,0x73,0x74,0x00,0x00,0x00,0x00,0x00,0x00,0x00,0x00,0x00,
    0x5f,0x5f,0x54,0x45,0x58,0x54,0x00,0x00,0x00,0x00,0x00,0x00,0x00,0x00,0x00,0x00,0xf0,0x18,0x03,0x00,0x00,0x00,0x00,0x00,
    0x93,0x26,0x00,0x00,0x00,0x00,0x00,0x00,0xf0,0x18,0x03,0x00,0x04,0x00,0x00,0x00,0x00,0x00,0x00,0x00,0x00,0x00,0x00,0x00,
    0x00,0x00,0x00,0x00,0x00,0x00,0x00,0x00,0x00,0x00,0x00,0x00,0x00,0x00,0x00,0x00,0x5f,0x5f,0x63,0x73,0x74,0x72,0x69,0x6e,
    0x67,0x00,0x00,0x00,0x00,0x00,0x00,0x00,0x5f,0x5f,0x54,0x45,0x58,0x54,0x00,0x00,0x00,0x00,0x00,0x00,0x00,0x00,0x00,0x00,
    0x83,0x3f,0x03,0x00,0x00,0x00,0x00,0x00,0x32,0x0f,0x00,0x00,0x00,0x00,0x00,0x00,0x83,0x3f,0x03,0x00,0x00,0x00,0x00,0x00,
    0x00,0x00,0x00,0x00,0x00,0x00,0x00,0x00,0x02,0x00,0x00,0x00,0x00,0x00,0x00,0x00,0x00,0x00,0x00,0x00,0x00,0x00,0x00,0x00,
    0x5f,0x5f,0x67,0x63,0x63,0x5f,0x65,0x78,0x63,0x65,0x70,0x74,0x5f,0x74,0x61,0x62,0x5f,0x5f,0x54,0x45,0x58,0x54,0x00,0x00,
    0x00,0x00,0x00,0x00,0x00,0x00,0x00,0x00,0xb8,0x4e,0x03,0x00,0x00,0x00,0x00,0x00,0x80,0x1a,0x00,0x00,0x00,0x00,0x00,0x00,
    0xb8,0x4e,0x03,0x00,0x02,0x00,0x00,0x00,0x00,0x00,0x00,0x00,0x00,0x00,0x00,0x00,0x00,0x00,0x00,0x00,0x00,0x00,0x00,0x00,
    0x00,0x00,0x00,0x00,0x00,0x00,0x00,0x00,0x5f,0x5f,0x75,0x6e,0x77,0x69,0x6e,0x64,0x5f,0x69,0x6e,0x66,0x6f,0x00,0x00,0x00,
    0x5f,0x5f,0x54,0x45,0x58,0x54,0x00,0x00,0x00,0x00,0x00,0x00,0x00,0x00,0x00,0x00,0x38,0x69,0x03,0x00,0x00,0x00,0x00,0x00,
    0x70,0x17,0x00,0x00,0x00,0x00,0x00,0x00,0x38,0x69,0x03,0x00,0x02,0x00,0x00,0x00,0x00,0x00,0x00,0x00,0x00,0x00,0x00,0x00,
    0x00,0x00,0x00,0x00,0x00,0x00,0x00,0x00,0x00,0x00,0x00,0x00,0x00,0x00,0x00,0x00,0x5f,0x5f,0x65,0x68,0x5f,0x66,0x72,0x61,
    0x6d,0x65,0x00,0x00,0x00,0x00,0x00,0x00,0x5f,0x5f,0x54,0x45,0x58,0x54,0x00,0x00,0x00,0x00,0x00,0x00,0x00,0x00,0x00,0x00,
    0xa8,0x80,0x03,0x00,0x00,0x00,0x00,0x00,0x18,0x04,0x00,0x00,0x00,0x00,0x00,0x00,0xa8,0x80,0x03,0x00,0x03,0x00,0x00,0x00,
    0x00,0x00,0x00,0x00,0x00,0x00,0x00,0x00,0x00,0x00,0x00,0x00,0x00,0x00,0x00,0x00,0x00,0x00,0x00,0x00,0x00,0x00,0x00,0x00,
    0x19,0x00,0x00,0x00,0xe8,0x00,0x00,0x00,0x5f,0x5f,0x44,0x41,0x54,0x41,0x5f,0x43,0x4f,0x4e,0x53,0x54,0x00,0x00,0x00,0x00,
    0x00,0x90,0x03,0x00,0x00,0x00,0x00,0x00,0x70,0x00,0x00,0x00,0x00,0x00,0x00,0x00,0x00,0x90,0x03,0x00,0x00,0x00,0x00,0x00,
    0x70,0x00,0x00,0x00,0x00,0x00,0x00,0x00,0x03,0x00,0x00,0x00,0x03,0x00,0x00,0x00,0x02,0x00,0x00,0x00,0x10,0x00,0x00,0x00,
    0x5f,0x5f,0x67,0x6f,0x74,0x00,0x00,0x00,0x00,0x00,0x00,0x00,0x00,0x00,0x00,0x00,0x5f,0x5f,0x44,0x41,0x54,0x41,0x5f,0x43,
    0x4f,0x4e,0x53,0x54,0x00,0x00,0x00,0x00,0x00,0x90,0x03,0x00,0x00,0x00,0x00,0x00,0x68,0x00,0x00,0x00,0x00,0x00,0x00,0x00,
    0x00,0x90,0x03,0x00,0x03,0x00,0x00,0x00,0x00,0x00,0x00,0x00,0x00,0x00,0x00,0x00,0x06,0x00,0x00,0x00,0x64,0x00,0x00,0x00,
    0x00,0x00,0x00,0x00,0x00,0x00,0x00,0x00,0x5f,0x5f,0x6d,0x6f,0x64,0x5f,0x69,0x6e,0x69,0x74,0x5f,0x66,0x75,0x6e,0x63,0x00,
    0x5f,0x5f,0x44,0x41,0x54,0x41,0x5f,0x43,0x4f,0x4e,0x53,0x54,0x00,0x00,0x00,0x00,0x68,0x90,0x03,0x00,0x00,0x00,0x00,0x00,
    0x08,0x00,0x00,0x00,0x00,0x00,0x00,0x00,0x68,0x90,0x03,0x00,0x03,0x00,0x00,0x00,0x00,0x00,0x00,0x00,0x00,0x00,0x00,0x00,
    0x09,0x00,0x00,0x00,0x00,0x00,0x00,0x00,0x00,0x00,0x00,0x00,0x00,0x00,0x00,0x00,0x19,0x00,0x00,0x00,0x78,0x02,0x00,0x00,
    0x5f,0x5f,0x44,0x41,0x54,0x41,0x00,0x00,0x00,0x00,0x00,0x00,0x00,0x00,0x00,0x00,0x00,0xa0,0x03,0x00,0x00,0x00,0x00,0x00,
    0xb0,0x6e,0x00,0x00,0x00,0x00,0x00,0x00,0x00,0xa0,0x03,0x00,0x00,0x00,0x00,0x00,0xa8,0x54,0x00,0x00,0x00,0x00,0x00,0x00,
    0x03,0x00,0x00,0x00,0x03,0x00,0x00,0x00,0x07,0x00,0x00,0x00,0x00,0x00,0x00,0x00,0x5f,0x5f,0x6c,0x61,0x5f,0x73,0x79,0x6d,
    0x62,0x6f,0x6c,0x5f,0x70,0x74,0x72,0x00,0x5f,0x5f,0x44,0x41,0x54,0x41,0x00,0x00,0x00,0x00,0x00,0x00,0x00,0x00,0x00,0x00,
    0x00,0xa0,0x03,0x00,0x00,0x00,0x00,0x00,0x20,0x03,0x00,0x00,0x00,0x00,0x00,0x00,0x00,0xa0,0x03,0x00,0x03,0x00,0x00,0x00,
    0x00,0x00,0x00,0x00,0x00,0x00,0x00,0x00,0x07,0x00,0x00,0x00,0x71,0x00,0x00,0x00,0x00,0x00,0x00,0x00,0x00,0x00,0x00,0x00,
    0x5f,0x5f,0x63,0x6f,0x6e,0x73,0x74,0x00,0x00,0x00,0x00,0x00,0x00,0x00,0x00,0x00,0x5f,0x5f,0x44,0x41,0x54,0x41,0x00,0x00,
    0x00,0x00,0x00,0x00,0x00,0x00,0x00,0x00,0x20,0xa3,0x03,0x00,0x00,0x00,0x00,0x00,0x78,0x4e,0x00,0x00,0x00,0x00,0x00,0x00,
    0x20,0xa3,0x03,0x00,0x04,0x00,0x00,0x00,0x00,0x00,0x00,0x00,0x00,0x00,0x00,0x00,0x00,0x00,0x00,0x00,0x00,0x00,0x00,0x00,
    0x00,0x00,0x00,0x00,0x00,0x00,0x00,0x00,0x5f,0x5f,0x64,0x61,0x74,0x61,0x00,0x00,0x00,0x00,0x00,0x00,0x00,0x00,0x00,0x00,
    0x5f,0x5f,0x44,0x41,0x54,0x41,0x00,0x00,0x00,0x00,0x00,0x00,0x00,0x00,0x00,0x00,0x98,0xf1,0x03,0x00,0x00,0x00,0x00,0x00,
    0xf8,0x02,0x00,0x00,0x00,0x00,0x00,0x00,0x98,0xf1,0x03,0x00,0x03,0x00,0x00,0x00,0x00,0x00,0x00,0x00,0x00,0x00,0x00,0x00,
    0x00,0x00,0x00,0x00,0x00,0x00,0x00,0x00,0x00,0x00,0x00,0x00,0x00,0x00,0x00,0x00,0x5f,0x5f,0x74,0x68,0x72,0x65,0x61,0x64,
    0x5f,0x76,0x61,0x72,0x73,0x00,0x00,0x00,0x5f,0x5f,0x44,0x41,0x54,0x41,0x00,0x00,0x00,0x00,0x00,0x00,0x00,0x00,0x00,0x00,
    0x90,0xf4,0x03,0x00,0x00,0x00,0x00,0x00,0x18,0x00,0x00,0x00,0x00,0x00,0x00,0x00,0x90,0xf4,0x03,0x00,0x00,0x00,0x00,0x00,
    0x00,0x00,0x00,0x00,0x00,0x00,0x00,0x00,0x13,0x00,0x00,0x00,0x00,0x00,0x00,0x00,0x00,0x00,0x00,0x00,0x00,0x00,0x00,0x00,
    0x5f,0x5f,0x74,0x68,0x72,0x65,0x61,0x64,0x5f,0x62,0x73,0x73,0x00,0x00,0x00,0x00,0x5f,0x5f,0x44,0x41,0x54,0x41,0x00,0x00,
    0x00,0x00,0x00,0x00,0x00,0x00,0x00,0x00,0xa8,0xf4,0x03,0x00,0x00,0x00,0x00,0x00,0x10,0x00,0x00,0x00,0x00,0x00,0x00,0x00,
    0x00,0x00,0x00,0x00,0x03,0x00,0x00,0x00,0x00,0x00,0x00,0x00,0x00,0x00,0x00,0x00,0x12,0x00,0x00,0x00,0x00,0x00,0x00,0x00,
    0x00,0x00,0x00,0x00,0x00,0x00,0x00,0x00,0x5f,0x5f,0x62,0x73,0x73,0x00,0x00,0x00,0x00,0x00,0x00,0x00,0x00,0x00,0x00,0x00,
    0x5f,0x5f,0x44,0x41,0x54,0x41,0x00,0x00,0x00,0x00,0x00,0x00,0x00,0x00,0x00,0x00,0xc0,0xf4,0x03,0x00,0x00,0x00,0x00,0x00,
    0xe0,0x12,0x00,0x00,0x00,0x00,0x00,0x00,0x00,0x00,0x00,0x00,0x04,0x00,0x00,0x00,0x00,0x00,0x00,0x00,0x00,0x00,0x00,0x00,
    0x01,0x00,0x00,0x00,0x00,0x00,0x00,0x00,0x00,0x00,0x00,0x00,0x00,0x00,0x00,0x00,0x5f,0x5f,0x63,0x6f,0x6d,0x6d,0x6f,0x6e,
    0x00,0x00,0x00,0x00,0x00,0x00,0x00,0x00,0x5f,0x5f,0x44,0x41,0x54,0x41,0x00,0x00,0x00,0x00,0x00,0x00,0x00,0x00,0x00,0x00,
    0xa0,0x07,0x04,0x00,0x00,0x00,0x00,0x00,0x10,0x07,0x00,0x00,0x00,0x00,0x00,0x00,0x00,0x00,0x00,0x00,0x03,0x00,0x00,0x00,
    0x00,0x00,0x00,0x00,0x00,0x00,0x00,0x00,0x01,0x00,0x00,0x00,0x00,0x00,0x00,0x00,0x00,0x00,0x00,0x00,0x00,0x00,0x00,0x00,
    0x19,0x00,0x00,0x00,0x48,0x00,0x00,0x00,0x5f,0x5f,0x4c,0x49,0x4e,0x4b,0x45,0x44,0x49,0x54,0x00,0x00,0x00,0x00,0x00,0x00,
    0x00,0x10,0x04,0x00,0x00,0x00,0x00,0x00,0x00,0xe0,0x02,0x00,0x00,0x00,0x00,0x00,0x00,0x00,0x04,0x00,0x00,0x00,0x00,0x00,
    0x6c,0xd5,0x02,0x00,0x00,0x00,0x00,0x00,0x01,0x00,0x00,0x00,0x01,0x00,0x00,0x00,0x00,0x00,0x00,0x00,0x00,0x00,0x00,0x00,
    0x22,0x00,0x00,0x80,0x30,0x00,0x00,0x00,0x00,0x00,0x04,0x00,0x10,0x02,0x00,0x00,0x10,0x02,0x04,0x00,0xb0,0x00,0x00,0x00,
    0xc0,0x02,0x04,0x00,0x98,0x09,0x00,0x00,0x58,0x0c,0x04,0x00,0xb8,0x07,0x00,0x00,0x10,0x14,0x04,0x00,0xc8,0x14,0x00,0x00,
    0x26,0x00,0x00,0x00,0x10,0x00,0x00,0x00,0xd8,0x28,0x04,0x00,0x00,0x00,0x00,0x00,0x29,0x00,0x00,0x00,0x10,0x00,0x00,0x00,
    0xd8,0x28,0x04,0x00,0x78,0x00,0x00,0x00,0x02,0x00,0x00,0x00,0x18,0x00,0x00,0x00,0x50,0x29,0x04,0x00,0x2a,0x09,0x00,0x00,
    0x48,0xbf,0x04,0x00,0x24,0x16,0x02,0x00,0x0b,0x00,0x00,0x00,0x50,0x00,0x00,0x00,0x00,0x00,0x00,0x00,0x2f,0x08,0x00,0x00,
    0x2f,0x08,0x00,0x00,0x6b,0x00,0x00,0x00,0x9a,0x08,0x00,0x00,0x90,0x00,0x00,0x00,0x00,0x00,0x00,0x00,0x00,0x00,0x00,0x00,
    0x00,0x00,0x00,0x00,0x00,0x00,0x00,0x00,0x00,0x00,0x00,0x00,0x00,0x00,0x00,0x00,0xf0,0xbb,0x04,0x00,0xd5,0x00,0x00,0x00,
    0x00,0x00,0x00,0x00,0x00,0x00,0x00,0x00,0x00,0x00,0x00,0x00,0x00,0x00,0x00,0x00,0x0e,0x00,0x00,0x00,0x20,0x00,0x00,0x00,
    0x0c,0x00,0x00,0x00,0x2f,0x75,0x73,0x72,0x2f,0x6c,0x69,0x62,0x2f,0x64,0x79,0x6c,0x64,0x00,0x00,0x00,0x00,0x00,0x00,0x00,
    0x0d,0x00,0x00,0x00,0x40,0x00,0x00,0x00,0x18,0x00,0x00,0x00,0x02,0x00,0x00,0x00,0x00,0x00,0x01,0x00,0x00,0x00,0x01,0x00,
    0x40,0x72,0x70,0x61,0x74,0x68,0x2f,0x6c,0x69,0x62,0x67,0x72,0x61,0x64,0x6c,0x65,0x2d,0x66,0x69,0x6c,0x65,0x65,0x76,0x65,
    0x6e,0x74,0x73,0x2e,0x64,0x79,0x6c,0x69,0x62,0x00,0x00,0x00,0x00,0x00,0x00,0x00,0x2a,0x00,0x00,0x00,0x10,0x00,0x00,0x00,
    0x00,0x00,0x00,0x00,0x00,0x00,0x00,0x00,0x32,0x00,0x00,0x00,0x20,0x00,0x00,0x00,0x01,0x00,0x00,0x00,0x00,0x00,0x0d,0x00,
    0x00,0x02,0x0f,0x00,0x01,0x00,0x00,0x00,0x05,0x00,0x00,0x00,0x00,0x00,0x00,0x00,0x1b,0x00,0x00,0x00,0x18,0x00,0x00,0x00,
    0x0f,0x8e,0x3e,0x54,0xc7,0x82,0x33,0x49,0xa1,0xdd,0x17,0xf2,0x54,0xb5,0xf1,0x58,0x0c,0x00,0x00,0x00,0x68,0x00,0x00,0x00,
    0x18,0x00,0x00,0x00,0x02,0x00,0x00,0x00,0x00,0x00,0x88,0x0c,0x00,0x00,0x96,0x00,0x2f,0x53,0x79,0x73,0x74,0x65,0x6d,0x2f,
    0x4c,0x69,0x62,0x72,0x61,0x72,0x79,0x2f,0x46,0x72,0x61,0x6d,0x65,0x77,0x6f,0x72,0x6b,0x73,0x2f,0x43,0x6f,0x72,0x65,0x46,
    0x6f,0x75,0x6e,0x64,0x61,0x74,0x69,0x6f,0x6e,0x2e,0x66,0x72,0x61,0x6d,0x65,0x77,0x6f,0x72,0x6b,0x2f,0x56,0x65,0x72,0x73,
    0x69,0x6f,0x6e,0x73,0x2f,0x41,0x2f,0x43,0x6f,0x72,0x65,0x46,0x6f,0x75,0x6e,0x64,0x61,0x74,0x69,0x6f,0x6e,0x00,0x00,0x00,
    0x0c,0x00,0x00,0x00,0x68,0x00,0x00,0x00,0x18,0x00,0x00,0x00,0x02,0x00,0x00,0x00,0x00,0x00,0xca,0x04,0x00,0x00,0x01,0x00,
    0x2f,0x53,0x79,0x73,0x74,0x65,0x6d,0x2f,0x4c,0x69,0x62,0x72,0x61,0x72,0x79,0x2f,0x46,0x72,0x61,0x6d,0x65,0x77,0x6f,0x72,
    0x6b,0x73,0x2f,0x43,0x6f,0x72,0x65,0x53,0x65,0x72,0x76,0x69,0x63,0x65,0x73,0x2e,0x66,0x72,0x61,0x6d,0x65,0x77,0x6f,0x72,
    0x6b,0x2f,0x56,0x65,0x72,0x73,0x69,0x6f,0x6e,0x73,0x2f,0x41,0x2f,0x43,0x6f,0x72,0x65,0x53,0x65,0x72,0x76,0x69,0x63,0x65,
    0x73,0x00,0x00,0x00,0x00,0x00,0x00,0x00,0x0c,0x00,0x00,0x00,0x38,0x00,0x00,0x00,0x18,0x00,0x00,0x00,0x02,0x00,0x00,0x00,
    0x00,0x00,0x47,0x05,0x00,0x00,0x01,0x00,0x2f,0x75,0x73,0x72,0x2f,0x6c,0x69,0x62,0x2f,0x6c,0x69,0x62,0x53,0x79,0x73,0x74,
    0x65,0x6d,0x2e,0x42,0x2e,0x64,0x79,0x6c,0x69,0x62,0x00,0x00,0x00,0x00,0x00,0x00,0x0c,0x00,0x00,0x00,0x38,0x00,0x00,0x00,
    0x18,0x00,0x00,0x00,0x02,0x00,0x00,0x00,0x00,0x00,0xe4,0x00,0x00,0x00,0x01,0x00,0x2f,0x75,0x73,0x72,0x2f,0x6c,0x69,0x62,
    0x2f,0x6c,0x69,0x62,0x6f,0x62,0x6a,0x63,0x2e,0x41,0x2e,0x64,0x79,0x6c,0x69,0x62,0x00,0x00,0x00,0x00,0x00,0x00,0x00,0x00,
    0x55,0x48,0x89,0xe5,0x41,0x57,0x41,0x56,0x41,0x55,0x41,0x54,0x53,0x48,0x83,0xec,0x58,0x4d,0x89,0xc6,0x48,0x89,0xcb,0x48,
    0x89,0x55,0x88,0x49,0x89,0xf5,0x0f,0xb6,0x01,0x48,0x8d,0x71,0x02,0x89,0xc2,0xd1,0xea,0xa8,0x01,0x48,0x0f,0x45,0x71,0x10,
    0x48,0x89,0x7d,0x90,0x48,0x0f,0x45,0x51,0x08,0x31,0xff,0xe8,0xa8,0x09,0x03,0x00,0x48,0x85,0xc0,0x0f,0x84,0xbf,0x00,0x00,
    0x00,0x49,0x89,0xc4,0x48,0x8b,0x15,0xa5,0x86,0x03,0x00,0xbe,0x01,0x00,0x00,0x00,0x31,0xff,0xe8,0x7d,0x09,0x03,0x00,0x48,
    0x85,0xc0,0x0f,0x84,0xed,0x00,0x00,0x00,0x49,0x89,0xc7,0x48,0x89,0xc7,0x4c,0x89,0xe6,0xe8,0x60,0x09,0x03,0x00,0x31,0xc0,
    0x48,0x8d,0x55,0x98,0x48,0x89,0x02,0xf2,0x49,0x0f,0x2a,0xc6,0xf2,0x0f,0x5e,0x05,0x34,0x0f,0x03,0x00,0x4c,0x89,0x6a,0x08,
    0x48,0x89,0x42,0x10,0x48,0x89,0x42,0x18,0x48,0x89,0x42,0x20,0x48,0x8d,0x35,0x07,0x02,0x00,0x00,0x31,0xff,0x4c,0x89,0xf9,
    0x49,0xc7,0xc0,0xff,0xff,0xff,0xff,0x41,0xb9,0x16,0x00,0x00,0x00,0xe8,0x34,0x09,0x03,0x00,0x49,0x89,0xc6,0x4c,0x89,0xff,
    0xe8,0x1d,0x09,0x03,0x00,0x4c,0x89,0xe7,0xe8,0x15,0x09,0x03,0x00,0x4d,0x85,0xf6,0x0f,0x84,0xd4,0x00,0x00,0x00,0x4c,0x89,
    0xf7,0x48,0x8b,0x75,0x88,0xe8,0x1e,0x09,0x03,0x00,0x4c,0x89,0xf7,0xe8,0x1c,0x09,0x03,0x00,0x84,0xc0,0x0f,0x84,0x02,0x01,
    0x00,0x00,0x48,0x8b,0x45,0x90,0x4c,0x89,0x30,0x48,0x83,0xc4,0x58,0x5b,0x41,0x5c,0x41,0x5d,0x41,0x5e,0x41,0x5f,0x5d,0xc3,
    0xbf,0x10,0x00,0x00,0x00,0xe8,0x45,0x4b,0x01,0x00,0x49,0x89,0xc6,0x48,0x8d,0x35,0x37,0x35,0x03,0x00,0x48,0x8d,0x7d,0x98,
    0xe8,0x03,0x17,0x00,0x00,0x41,0xb7,0x01,0x48,0x8d,0x75,0x98,0x4c,0x89,0xf7,0x48,0x89,0xda,0xe8,0xdd,0x0c,0x00,0x00,0x45,
    0x31,0xff,0x48,0x8b,0x35,0x97,0x85,0x03,0x00,0x48,0x8d,0x15,0x58,0x01,0x00,0x00,0x4c,0x89,0xf7,0xe8,0x56,0x4c,0x01,0x00,
    0xe9,0xf7,0x00,0x00,0x00,0x4c,0x89,0xe7,0xe8,0x85,0x08,0x03,0x00,0xbf,0x10,0x00,0x00,0x00,0xe8,0xf0,0x4a,0x01,0x00,0x49,
    0x89,0xc6,0x48,0x8d,0x35,0x07,0x35,0x03,0x00,0x48,0x8d,0x7d,0x98,0xe8,0xae,0x16,0x00,0x00,0x41,0xb7,0x01,0x48,0x8d,0x75,
    0x98,0x4c,0x89,0xf7,0x48,0x89,0xda,0xe8,0x88,0x0c,0x00,0x00,0x45,0x31,0xff,0x48,0x8b,0x35,0x42,0x85,0x03,0x00,0x48,0x8d,
    0x15,0x03,0x01,0x00,0x00,0x4c,0x89,0xf7,0xe8,0x01,0x4c,0x01,0x00,0xe9,0xa2,0x00,0x00,0x00,0xbf,0x10,0x00,0x00,0x00,0xe8,
    0xa3,0x4a,0x01,0x00,0x49,0x89,0xc6,0x48,0x8d,0x35,0xea,0x34,0x03,0x00,0x48,0x8d,0x7d,0xc0,0xe8,0x61,0x16,0x00,0x00,0x41,
    0xb7,0x01,0x48,0x8d,0x75,0xc0,0x4c,0x89,0xf7,0x48,0x89,0xda,0xe8,0x3b,0x0c,0x00,0x00,0x45,0x31,0xff,0x48,0x8b,0x35,0xf5,
    0x84,0x03,0x00,0x48,0x8d,0x15,0xb6,0x00,0x00,0x00,0x4c,0x89,0xf7,0xe8,0xb4,0x4b,0x01,0x00,0xeb,0x58,0x4c,0x89,0xf7,0xe8,
    0xf8,0x07,0x03,0x00,0x4c,0x89,0xf7,0xe8,0xf6,0x07,0x03,0x00,0xbf,0x10,0x00,0x00,0x00,0xe8,0x49,0x4a,0x01,0x00,0x49,0x89,
    0xc6,0x48,0x8d,0x35,0xa3,0x34,0x03,0x00,0x48,0x8d,0x7d,0xc0,0xe8,0x07,0x16,0x00,0x00,0x41,0xb7,0x01,0x48,0x8d,0x75,0xc0,
    0x4c,0x89,0xf7,0x48,0x89,0xda,0xe8,0xe1,0x0b,0x00,0x00,0x45,0x31,0xff,0x48,0x8b,0x35,0x9b,0x84,0x03,0x00,0x48,0x8d,0x15,
    0x5c,0x00,0x00,0x00,0x4c,0x89,0xf7,0xe8,0x5a,0x4b,0x01,0x00,0x0f,0x0b,0xeb,0x02,0xeb,0x3a,0x48,0x89,0xc3,0xf6,0x45,0xc0,
    0x01,0x74,0x2a,0x48,0x8b,0x75,0xc0,0x48,0x8b,0x7d,0xd0,0xeb,0x17,0xeb,0x25,0xeb,0x02,0xeb,0x21,0x48,0x89,0xc3,0xf6,0x45,
    0x98,0x01,0x74,0x11,0x48,0x8b,0x75,0x98,0x48,0x8b,0x7d,0xa8,0x48,0x83,0xe6,0xfe,0xe8,0x3f,0x07,0x03,0x00,0x45,0x84,0xff,
    0x75,0x05,0xeb,0x0b,0x48,0x89,0xc3,0x4c,0x89,0xf7,0xe8,0x7b,0x4a,0x01,0x00,0x48,0x89,0xdf,0xe8,0x53,0x09,0x03,0x00,0x90,
    0x55,0x48,0x89,0xe5,0x5d,0xe9,0x00,0x6c,0x01,0x00,0x55,0x48,0x89,0xe5,0x48,0x89,0xf7,0x48,0x89,0xd6,0x48,0x89,0xca,0x4c,
    0x89,0xc1,0x4d,0x89,0xc8,0x5d,0xe9,0x0f,0x02,0x00,0x00,0x90,0x55,0x48,0x89,0xe5,0x5d,0xe9,0x32,0xfd,0xff,0xff,0x55,0x48,
    0x89,0xe5,0x53,0x50,0x48,0x89,0xfb,0x48,0x8b,0x3f,0xe8,0x2d,0x07,0x03,0x00,0x48,0x8b,0x3b,0xe8,0x0d,0x07,0x03,0x00,0x48,
    0x8b,0x3b,0xe8,0x0b,0x07,0x03,0x00,0x48,0x83,0xc4,0x08,0x5b,0x5d,0xc3,0x48,0x89,0xc7,0xe8,0x00,0x00,0x00,0x00,0x55,0x48,
    0x89,0xe5,0xe8,0x99,0x49,0x01,0x00,0xe8,0xe4,0x4e,0x01,0x00,0x55,0x48,0x89,0xe5,0x5d,0xe9,0xb8,0xff,0xff,0xff,0x55,0x48,
    0x89,0xe5,0x41,0x56,0x53,0x49,0x89,0xce,0x48,0x89,0xfb,0xe8,0x00,0x32,0x00,0x00,0x48,0x8d,0x05,0xe9,0x96,0x03,0x00,0x48,
    0x89,0x03,0x4c,0x89,0xb3,0xb8,0x00,0x00,0x00,0x48,0x8d,0xbb,0xc0,0x00,0x00,0x00,0xe8,0x03,0x06,0x03,0x00,0x45,0x31,0xf6,
    0x4c,0x89,0xb3,0x18,0x01,0x00,0x00,0x4c,0x89,0xb3,0x10,0x01,0x00,0x00,0x4c,0x89,0xb3,0x08,0x01,0x00,0x00,0x4c,0x89,0xb3,
    0x00,0x01,0x00,0x00,0xc7,0x83,0x20,0x01,0x00,0x00,0x00,0x00,0x80,0x3f,0x48,0x8d,0x3d,0x6a,0x33,0x03,0x00,0x31,0xf6,0xe8,
    0x96,0x06,0x03,0x00,0x48,0x89,0x83,0x28,0x01,0x00,0x00,0x48,0xc7,0x83,0x30,0x01,0x00,0x00,0xa7,0xab,0xaa,0x32,0x4c,0x89,
    0xb3,0x38,0x01,0x00,0x00,0x4c,0x89,0xb3,0x40,0x01,0x00,0x00,0x4c,0x89,0xb3,0x48,0x01,0x00,0x00,0x4c,0x89,0xb3,0x50,0x01,
    0x00,0x00,0x4c,0x89,0xb3,0x58,0x01,0x00,0x00,0x4c,0x89,0xb3,0x60,0x01,0x00,0x00,0x4c,0x89,0xb3,0x68,0x01,0x00,0x00,0x48,
    0xc7,0x83,0x70,0x01,0x00,0x00,0xbb,0xb1,0xb0,0x3c,0x4c,0x89,0xb3,0x78,0x01,0x00,0x00,0x4c,0x89,0xb3,0x80,0x01,0x00,0x00,
    0x4c,0x89,0xb3,0x88,0x01,0x00,0x00,0x4c,0x89,0xb3,0x90,0x01,0x00,0x00,0x4c,0x89,0xb3,0x98,0x01,0x00,0x00,0x4c,0x89,0xb3,
    0xa0,0x01,0x00,0x00,0x4c,0x89,0xb3,0xa8,0x01,0x00,0x00,0x4c,0x89,0xb3,0xb0,0x01,0x00,0x00,0x4c,0x89,0xb3,0xb8,0x01,0x00,
    0x00,0x4c,0x89,0xb3,0xc0,0x01,0x00,0x00,0x4c,0x89,0xb3,0xc8,0x01,0x00,0x00,0x5b,0x41,0x5e,0x5d,0xc3,0x49,0x89,0xc6,0x48,
    0x89,0xdf,0xe8,0x61,0x32,0x00,0x00,0x4c,0x89,0xf7,0xe8,0xc3,0x07,0x03,0x00,0x90,0x55,0x48,0x89,0xe5,0x5d,0xe9,0xdc,0xfe,
    0xff,0xff,0x55,0x48,0x89,0xe5,0x41,0x56,0x53,0x48,0x89,0xfb,0x48,0x8d,0x05,0xcd,0x95,0x03,0x00,0x48,0x89,0x07,0x48,0x8b,
    0xbf,0x28,0x01,0x00,0x00,0xe8,0xbe,0x05,0x03,0x00,0x4c,0x8d,0xb3,0x30,0x01,0x00,0x00,0x48,0x8d,0xbb,0xa0,0x01,0x00,0x00,
    0xe8,0x2b,0x11,0x00,0x00,0x48,0x8d,0xbb,0x70,0x01,0x00,0x00,0xe8,0xfb,0x03,0x03,0x00,0x4c,0x89,0xf7,0xe8,0x17,0x05,0x03,
    0x00,0x48,0x8d,0xbb,0x00,0x01,0x00,0x00,0xe8,0x29,0x14,0x00,0x00,0x48,0x8d,0xbb,0xc0,0x00,0x00,0x00,0xe8,0xb9,0x04,0x03,
    0x00,0x48,0x89,0xdf,0x5b,0x41,0x5e,0x5d,0xe9,0xe3,0x31,0x00,0x00,0x90,0x55,0x48,0x89,0xe5,0x5d,0xe9,0x8a,0xff,0xff,0xff,
    0x55,0x48,0x89,0xe5,0x53,0x50,0x48,0x89,0xfb,0xe8,0x7c,0xff,0xff,0xff,0xbe,0xd0,0x01,0x00,0x00,0x48,0x89,0xdf,0x48,0x83,
    0xc4,0x08,0x5b,0x5d,0xe9,0xf3,0x04,0x03,0x00,0x90,0x55,0x48,0x89,0xe5,0x41,0x57,0x41,0x56,0x41,0x55,0x41,0x54,0x53,0x48,
    0x83,0xec,0x78,0x4c,0x89,0x45,0x98,0x48,0x89,0x4d,0xa0,0x48,0x89,0x55,0x90,0x48,0x89,0x7d,0xa8,0x48,0x85,0xf6,0x0f,0x84,
    0xc4,0x00,0x00,0x00,0x49,0x89,0xf5,0x48,0x81,0x45,0xa8,0x30,0x01,0x00,0x00,0x4c,0x8d,0x75,0xc8,0x4c,0x8d,0xbd,0x78,0xff,
    0xff,0xff,0x45,0x31,0xe4,0x48,0x8d,0x9d,0x60,0xff,0xff,0xff,0x48,0x8b,0x45,0x90,0x4a,0x8b,0x34,0xe0,0x48,0x8d,0x7d,0xb0,
    0xe8,0xfb,0x12,0x00,0x00,0x48,0x8b,0x45,0xa0,0x42,0x8b,0x04,0xa0,0x89,0x45,0xc8,0x48,0x8b,0x45,0x98,0x4a,0x8b,0x04,0xe0,
    0x48,0x89,0x45,0xd0,0x48,0x8b,0x45,0xb0,0x48,0x8b,0x4d,0xb8,0x48,0x89,0x85,0x60,0xff,0xff,0xff,0x48,0x89,0x8d,0x68,0xff,
    0xff,0xff,0x48,0x8b,0x45,0xc0,0x48,0x89,0x85,0x70,0xff,0xff,0xff,0x0f,0x57,0xc0,0x0f,0x29,0x45,0xb0,0x48,0xc7,0x45,0xc0,
    0x00,0x00,0x00,0x00,0x49,0x8b,0x06,0x49,0x8b,0x4e,0x08,0x49,0x89,0x4f,0x08,0x49,0x89,0x07,0xc7,0x45,0x88,0x00,0x00,0x00,
    0x00,0x48,0x8b,0x7d,0xa8,0x48,0x89,0xde,0xe8,0x3b,0x01,0x00,0x00,0x48,0x89,0xdf,0xe8,0x89,0x11,0x00,0x00,0xf6,0x45,0xb0,
    0x01,0x74,0x11,0x48,0x8b,0x75,0xb0,0x48,0x8b,0x7d,0xc0,0x48,0x83,0xe6,0xfe,0xe8,0x10,0x04,0x03,0x00,0x49,0xff,0xc4,0x4d,
    0x39,0xe5,0x0f,0x85,0x5c,0xff,0xff,0xff,0x48,0x83,0xc4,0x78,0x5b,0x41,0x5c,0x41,0x5d,0x41,0x5e,0x41,0x5f,0x5d,0xc3,0x48,
    0x89,0xd3,0x49,0x89,0xc6,0xeb,0x29,0x48,0x89,0xd3,0x49,0x89,0xc6,0x48,0x8d,0xbd,0x60,0xff,0xff,0xff,0xe8,0x3d,0x11,0x00,
    0x00,0xf6,0x45,0xb0,0x01,0x74,0x11,0x48,0x8b,0x75,0xb0,0x48,0x8b,0x7d,0xc0,0x48,0x83,0xe6,0xfe,0xe8,0xc4,0x03,0x03,0x00,
    0x83,0xfb,0x01,0x0f,0x85,0xb7,0x00,0x00,0x00,0x4c,0x89,0xf7,0xe8,0x8f,0x46,0x01,0x00,0x48,0x8b,0x08,0x48,0x89,0xc7,0xff,
    0x51,0x10,0x48,0x8d,0x7d,0xb0,0x48,0x89,0xc6,0xe8,0x02,0x12,0x00,0x00,0x48,0x8b,0x45,0xc0,0x48,0x8d,0xb5,0x60,0xff,0xff,
    0xff,0x48,0x89,0x46,0x10,0x48,0x8b,0x45,0xb0,0x48,0x8b,0x4d,0xb8,0x48,0x89,0x4e,0x08,0x48,0x89,0x06,0x0f,0x57,0xc0,0x0f,
    0x29,0x45,0xb0,0x48,0xc7,0x45,0xc0,0x00,0x00,0x00,0x00,0xc7,0x46,0x28,0x01,0x00,0x00,0x00,0x48,0x8b,0x7d,0xa8,0xe8,0x6d,
    0x00,0x00,0x00,0x48,0x8d,0xbd,0x60,0xff,0xff,0xff,0xe8,0xb7,0x10,0x00,0x00,0xf6,0x45,0xb0,0x01,0x74,0x11,0x48,0x8b,0x75,
    0xb0,0x48,0x8b,0x7d,0xc0,0x48,0x83,0xe6,0xfe,0xe8,0x3e,0x03,0x03,0x00,0xe8,0x80,0x47,0x01,0x00,0xe9,0x30,0xff,0xff,0xff,
    0x49,0x89,0xc6,0x48,0x8d,0xbd,0x60,0xff,0xff,0xff,0xe8,0x87,0x10,0x00,0x00,0xf6,0x45,0xb0,0x01,0x74,0x16,0x48,0x8b,0x75,
    0xb0,0x48,0x8b,0x7d,0xc0,0x48,0x83,0xe6,0xfe,0xe8,0x0e,0x03,0x03,0x00,0xeb,0x03,0x49,0x89,0xc6,0xe8,0x4b,0x47,0x01,0x00,
    0x4c,0x89,0xf7,0xe8,0x2a,0x05,0x03,0x00,0x48,0x89,0xc7,0xe8,0x2e,0xfc,0xff,0xff,
];
#[cfg(test)]
const COMMANDS_1: &[u8] = &[
    0xcf,0xfa,0xed,0xfe,0x07,0x00,0x00,0x01,0x03,0x00,0x00,0x00,0x06,0x00,0x00,0x00,0x12,0x00,0x00,0x00,0x10,0x09,0x00,0x00,
    0x85,0x80,0x91,0x00,0x00,0x00,0x00,0x00,0x19,0x00,0x00,0x00,0xc8,0x02,0x00,0x00,0x5f,0x5f,0x54,0x45,0x58,0x54,0x00,0x00,
    0x00,0x00,0x00,0x00,0x00,0x00,0x00,0x00,0x00,0x00,0x00,0x00,0x00,0x00,0x00,0x00,0xc0,0x84,0x03,0x00,0x00,0x00,0x00,0x00,
    0x00,0x00,0x00,0x00,0x00,0x00,0x00,0x00,0xc0,0x84,0x03,0x00,0x00,0x00,0x00,0x00,0x05,0x00,0x00,0x00,0x05,0x00,0x00,0x00,
    0x08,0x00,0x00,0x00,0x00,0x00,0x00,0x00,0x5f,0x5f,0x74,0x65,0x78,0x74,0x00,0x00,0x00,0x00,0x00,0x00,0x00,0x00,0x00,0x00,
    0x5f,0x5f,0x54,0x45,0x58,0x54,0x00,0x00,0x00,0x00,0x00,0x00,0x00,0x00,0x00,0x00,0x30,0x09,0x00,0x00,0x00,0x00,0x00,0x00,
    0xab,0x09,0x03,0x00,0x00,0x00,0x00,0x00,0x30,0x09,0x00,0x00,0x04,0x00,0x00,0x00,0x00,0x00,0x00,0x00,0x00,0x00,0x00,0x00,
    0x00,0x04,0x00,0x80,0x00,0x00,0x00,0x00,0x00,0x00,0x00,0x00,0x00,0x00,0x00,0x00,0x5f,0x5f,0x73,0x74,0x75,0x62,0x73,0x00,
    0x00,0x00,0x00,0x00,0x00,0x00,0x00,0x00,0x5f,0x5f,0x54,0x45,0x58,0x54,0x00,0x00,0x00,0x00,0x00,0x00,0x00,0x00,0x00,0x00,
    0xdc,0x12,0x03,0x00,0x00,0x00,0x00,0x00,0x58,0x02,0x00,0x00,0x00,0x00,0x00,0x00,0xdc,0x12,0x03,0x00,0x01,0x00,0x00,0x00,
    0x00,0x00,0x00,0x00,0x00,0x00,0x00,0x00,0x08,0x04,0x00,0x80,0x00,0x00,0x00,0x00,0x06,0x00,0x00,0x00,0x00,0x00,0x00,0x00,
    0x5f,0x5f,0x73,0x74,0x75,0x62,0x5f,0x68,0x65,0x6c,0x70,0x65,0x72,0x00,0x00,0x00,0x5f,0x5f,0x54,0x45,0x58,0x54,0x00,0x00,
    0x00,0x00,0x00,0x00,0x00,0x00,0x00,0x00,0x34,0x15,0x03,0x00,0x00,0x00,0x00,0x00,0xb2,0x03,0x00,0x00,0x00,0x00,0x00,0x00,
    0x34,0x15,0x03,0x00,0x02,0x00,0x00,0x00,0x00,0x00,0x00,0x00,0x00,0x00,0x00,0x00,0x00,0x04,0x00,0x80,0x00,0x00,0x00,0x00,
    0x00,0x00,0x00,0x00,0x00,0x00,0x00,0x00,0x5f,0x5f,0x63,0x6f,0x6e,0x73,0x74,0x00,0x00,0x00,0x00,0x00,0x00,0x00,0x00,0x00,
    0x5f,0x5f,0x54,0x45,0x58,0x54,0x00,0x00,0x00,0x00,0x00,0x00,0x00,0x00,0x00,0x00,0xf0,0x18,0x03,0x00,0x00,0x00,0x00,0x00,
    0x93,0x26,0x00,0x00,0x00,0x00,0x00,0x00,0xf0,0x18,0x03,0x00,0x04,0x00,0x00,0x00,0x00,0x00,0x00,0x00,0x00,0x00,0x00,0x00,
    0x00,0x00,0x00,0x00,0x00,0x00,0x00,0x00,0x00,0x00,0x00,0x00,0x00,0x00,0x00,0x00,0x5f,0x5f,0x63,0x73,0x74,0x72,0x69,0x6e,
    0x67,0x00,0x00,0x00,0x00,0x00,0x00,0x00,0x5f,0x5f,0x54,0x45,0x58,0x54,0x00,0x00,0x00,0x00,0x00,0x00,0x00,0x00,0x00,0x00,
    0x83,0x3f,0x03,0x00,0x00,0x00,0x00,0x00,0x32,0x0f,0x00,0x00,0x00,0x00,0x00,0x00,0x83,0x3f,0x03,0x00,0x00,0x00,0x00,0x00,
    0x00,0x00,0x00,0x00,0x00,0x00,0x00,0x00,0x02,0x00,0x00,0x00,0x00,0x00,0x00,0x00,0x00,0x00,0x00,0x00,0x00,0x00,0x00,0x00,
    0x5f,0x5f,0x67,0x63,0x63,0x5f,0x65,0x78,0x63,0x65,0x70,0x74,0x5f,0x74,0x61,0x62,0x5f,0x5f,0x54,0x45,0x58,0x54,0x00,0x00,
    0x00,0x00,0x00,0x00,0x00,0x00,0x00,0x00,0xb8,0x4e,0x03,0x00,0x00,0x00,0x00,0x00,0x80,0x1a,0x00,0x00,0x00,0x00,0x00,0x00,
    0xb8,0x4e,0x03,0x00,0x02,0x00,0x00,0x00,0x00,0x00,0x00,0x00,0x00,0x00,0x00,0x00,0x00,0x00,0x00,0x00,0x00,0x00,0x00,0x00,
    0x00,0x00,0x00,0x00,0x00,0x00,0x00,0x00,0x5f,0x5f,0x75,0x6e,0x77,0x69,0x6e,0x64,0x5f,0x69,0x6e,0x66,0x6f,0x00,0x00,0x00,
    0x5f,0x5f,0x54,0x45,0x58,0x54,0x00,0x00,0x00,0x00,0x00,0x00,0x00,0x00,0x00,0x00,0x38,0x69,0x03,0x00,0x00,0x00,0x00,0x00,
    0x70,0x17,0x00,0x00,0x00,0x00,0x00,0x00,0x38,0x69,0x03,0x00,0x02,0x00,0x00,0x00,0x00,0x00,0x00,0x00,0x00,0x00,0x00,0x00,
    0x00,0x00,0x00,0x00,0x00,0x00,0x00,0x00,0x00,0x00,0x00,0x00,0x00,0x00,0x00,0x00,0x5f,0x5f,0x65,0x68,0x5f,0x66,0x72,0x61,
    0x6d,0x65,0x00,0x00,0x00,0x00,0x00,0x00,0x5f,0x5f,0x54,0x45,0x58,0x54,0x00,0x00,0x00,0x00,0x00,0x00,0x00,0x00,0x00,0x00,
    0xa8,0x80,0x03,0x00,0x00,0x00,0x00,0x00,0x18,0x04,0x00,0x00,0x00,0x00,0x00,0x00,0xa8,0x80,0x03,0x00,0x03,0x00,0x00,0x00,
    0x00,0x00,0x00,0x00,0x00,0x00,0x00,0x00,0x00,0x00,0x00,0x00,0x00,0x00,0x00,0x00,0x00,0x00,0x00,0x00,0x00,0x00,0x00,0x00,
    0x19,0x00,0x00,0x00,0xe8,0x00,0x00,0x00,0x5f,0x5f,0x44,0x41,0x54,0x41,0x5f,0x43,0x4f,0x4e,0x53,0x54,0x00,0x00,0x00,0x00,
    0x00,0x90,0x03,0x00,0x00,0x00,0x00,0x00,0x70,0x00,0x00,0x00,0x00,0x00,0x00,0x00,0x00,0x90,0x03,0x00,0x00,0x00,0x00,0x00,
    0x70,0x00,0x00,0x00,0x00,0x00,0x00,0x00,0x03,0x00,0x00,0x00,0x03,0x00,0x00,0x00,0x02,0x00,0x00,0x00,0x10,0x00,0x00,0x00,
    0x5f,0x5f,0x67,0x6f,0x74,0x00,0x00,0x00,0x00,0x00,0x00,0x00,0x00,0x00,0x00,0x00,0x5f,0x5f,0x44,0x41,0x54,0x41,0x5f,0x43,
    0x4f,0x4e,0x53,0x54,0x00,0x00,0x00,0x00,0x00,0x90,0x03,0x00,0x00,0x00,0x00,0x00,0x68,0x00,0x00,0x00,0x00,0x00,0x00,0x00,
    0x00,0x90,0x03,0x00,0x03,0x00,0x00,0x00,0x00,0x00,0x00,0x00,0x00,0x00,0x00,0x00,0x06,0x00,0x00,0x00,0x64,0x00,0x00,0x00,
    0x00,0x00,0x00,0x00,0x00,0x00,0x00,0x00,0x5f,0x5f,0x6d,0x6f,0x64,0x5f,0x69,0x6e,0x69,0x74,0x5f,0x66,0x75,0x6e,0x63,0x00,
    0x5f,0x5f,0x44,0x41,0x54,0x41,0x5f,0x43,0x4f,0x4e,0x53,0x54,0x00,0x00,0x00,0x00,0x68,0x90,0x03,0x00,0x00,0x00,0x00,0x00,
    0x08,0x00,0x00,0x00,0x00,0x00,0x00,0x00,0x68,0x90,0x03,0x00,0x03,0x00,0x00,0x00,0x00,0x00,0x00,0x00,0x00,0x00,0x00,0x00,
    0x09,0x00,0x00,0x00,0x00,0x00,0x00,0x00,0x00,0x00,0x00,0x00,0x00,0x00,0x00,0x00,0x19,0x00,0x00,0x00,0x78,0x02,0x00,0x00,
    0x5f,0x5f,0x44,0x41,0x54,0x41,0x00,0x00,0x00,0x00,0x00,0x00,0x00,0x00,0x00,0x00,0x00,0xa0,0x03,0x00,0x00,0x00,0x00,0x00,
    0xb0,0x6e,0x00,0x00,0x00,0x00,0x00,0x00,0x00,0xa0,0x03,0x00,0x00,0x00,0x00,0x00,0xa8,0x54,0x00,0x00,0x00,0x00,0x00,0x00,
    0x03,0x00,0x00,0x00,0x03,0x00,0x00,0x00,0x07,0x00,0x00,0x00,0x00,0x00,0x00,0x00,0x5f,0x5f,0x6c,0x61,0x5f,0x73,0x79,0x6d,
    0x62,0x6f,0x6c,0x5f,0x70,0x74,0x72,0x00,0x5f,0x5f,0x44,0x41,0x54,0x41,0x00,0x00,0x00,0x00,0x00,0x00,0x00,0x00,0x00,0x00,
    0x00,0xa0,0x03,0x00,0x00,0x00,0x00,0x00,0x20,0x03,0x00,0x00,0x00,0x00,0x00,0x00,0x00,0xa0,0x03,0x00,0x03,0x00,0x00,0x00,
    0x00,0x00,0x00,0x00,0x00,0x00,0x00,0x00,0x07,0x00,0x00,0x00,0x71,0x00,0x00,0x00,0x00,0x00,0x00,0x00,0x00,0x00,0x00,0x00,
    0x5f,0x5f,0x63,0x6f,0x6e,0x73,0x74,0x00,0x00,0x00,0x00,0x00,0x00,0x00,0x00,0x00,0x5f,0x5f,0x44,0x41,0x54,0x41,0x00,0x00,
    0x00,0x00,0x00,0x00,0x00,0x00,0x00,0x00,0x20,0xa3,0x03,0x00,0x00,0x00,0x00,0x00,0x78,0x4e,0x00,0x00,0x00,0x00,0x00,0x00,
    0x20,0xa3,0x03,0x00,0x04,0x00,0x00,0x00,0x00,0x00,0x00,0x00,0x00,0x00,0x00,0x00,0x00,0x00,0x00,0x00,0x00,0x00,0x00,0x00,
    0x00,0x00,0x00,0x00,0x00,0x00,0x00,0x00,0x5f,0x5f,0x64,0x61,0x74,0x61,0x00,0x00,0x00,0x00,0x00,0x00,0x00,0x00,0x00,0x00,
    0x5f,0x5f,0x44,0x41,0x54,0x41,0x00,0x00,0x00,0x00,0x00,0x00,0x00,0x00,0x00,0x00,0x98,0xf1,0x03,0x00,0x00,0x00,0x00,0x00,
    0xf8,0x02,0x00,0x00,0x00,0x00,0x00,0x00,0x98,0xf1,0x03,0x00,0x03,0x00,0x00,0x00,0x00,0x00,0x00,0x00,0x00,0x00,0x00,0x00,
    0x00,0x00,0x00,0x00,0x00,0x00,0x00,0x00,0x00,0x00,0x00,0x00,0x00,0x00,0x00,0x00,0x5f,0x5f,0x74,0x68,0x72,0x65,0x61,0x64,
    0x5f,0x76,0x61,0x72,0x73,0x00,0x00,0x00,0x5f,0x5f,0x44,0x41,0x54,0x41,0x00,0x00,0x00,0x00,0x00,0x00,0x00,0x00,0x00,0x00,
    0x90,0xf4,0x03,0x00,0x00,0x00,0x00,0x00,0x18,0x00,0x00,0x00,0x00,0x00,0x00,0x00,0x90,0xf4,0x03,0x00,0x00,0x00,0x00,0x00,
    0x00,0x00,0x00,0x00,0x00,0x00,0x00,0x00,0x13,0x00,0x00,0x00,0x00,0x00,0x00,0x00,0x00,0x00,0x00,0x00,0x00,0x00,0x00,0x00,
    0x5f,0x5f,0x74,0x68,0x72,0x65,0x61,0x64,0x5f,0x62,0x73,0x73,0x00,0x00,0x00,0x00,0x5f,0x5f,0x44,0x41,0x54,0x41,0x00,0x00,
    0x00,0x00,0x00,0x00,0x00,0x00,0x00,0x00,0xa8,0xf4,0x03,0x00,0x00,0x00,0x00,0x00,0x10,0x00,0x00,0x00,0x00,0x00,0x00,0x00,
    0x00,0x00,0x00,0x00,0x03,0x00,0x00,0x00,0x00,0x00,0x00,0x00,0x00,0x00,0x00,0x00,0x12,0x00,0x00,0x00,0x00,0x00,0x00,0x00,
    0x00,0x00,0x00,0x00,0x00,0x00,0x00,0x00,0x5f,0x5f,0x62,0x73,0x73,0x00,0x00,0x00,0x00,0x00,0x00,0x00,0x00,0x00,0x00,0x00,
    0x5f,0x5f,0x44,0x41,0x54,0x41,0x00,0x00,0x00,0x00,0x00,0x00,0x00,0x00,0x00,0x00,0xc0,0xf4,0x03,0x00,0x00,0x00,0x00,0x00,
    0xe0,0x12,0x00,0x00,0x00,0x00,0x00,0x00,0x00,0x00,0x00,0x00,0x04,0x00,0x00,0x00,0x00,0x00,0x00,0x00,0x00,0x00,0x00,0x00,
    0x01,0x00,0x00,0x00,0x00,0x00,0x00,0x00,0x00,0x00,0x00,0x00,0x00,0x00,0x00,0x00,0x5f,0x5f,0x63,0x6f,0x6d,0x6d,0x6f,0x6e,
    0x00,0x00,0x00,0x00,0x00,0x00,0x00,0x00,0x5f,0x5f,0x44,0x41,0x54,0x41,0x00,0x00,0x00,0x00,0x00,0x00,0x00,0x00,0x00,0x00,
    0xa0,0x07,0x04,0x00,0x00,0x00,0x00,0x00,0x10,0x07,0x00,0x00,0x00,0x00,0x00,0x00,0x00,0x00,0x00,0x00,0x03,0x00,0x00,0x00,
    0x00,0x00,0x00,0x00,0x00,0x00,0x00,0x00,0x01,0x00,0x00,0x00,0x00,0x00,0x00,0x00,0x00,0x00,0x00,0x00,0x00,0x00,0x00,0x00,
    0x19,0x00,0x00,0x00,0x48,0x00,0x00,0x00,0x5f,0x5f,0x4c,0x49,0x4e,0x4b,0x45,0x44,0x49,0x54,0x00,0x00,0x00,0x00,0x00,0x00,
    0x00,0x10,0x04,0x00,0x00,0x00,0x00,0x00,0x00,0xe0,0x02,0x00,0x00,0x00,0x00,0x00,0x00,0x00,0x04,0x00,0x00,0x00,0x00,0x00,
    0x6c,0xd5,0x02,0x00,0x00,0x00,0x00,0x00,0x01,0x00,0x00,0x00,0x01,0x00,0x00,0x00,0x00,0x00,0x00,0x00,0x00,0x00,0x00,0x00,
    0x22,0x00,0x00,0x80,0x30,0x00,0x00,0x00,0x00,0x00,0x04,0x00,0x10,0x02,0x00,0x00,0x10,0x02,0x04,0x00,0xb0,0x00,0x00,0x00,
    0xc0,0x02,0x04,0x00,0x98,0x09,0x00,0x00,0x58,0x0c,0x04,0x00,0xb8,0x07,0x00,0x00,0x10,0x14,0x04,0x00,0xc8,0x14,0x00,0x00,
    0x26,0x00,0x00,0x00,0x10,0x00,0x00,0x00,0xd8,0x28,0x04,0x00,0x00,0x00,0x00,0x00,0x29,0x00,0x00,0x00,0x10,0x00,0x00,0x00,
    0xd8,0x28,0x04,0x00,0x78,0x00,0x00,0x00,0x02,0x00,0x00,0x00,0x18,0x00,0x00,0x00,0x50,0x29,0x04,0x00,0x2a,0x09,0x00,0x00,
    0x48,0xbf,0x04,0x00,0x24,0x16,0x02,0x00,0x0b,0x00,0x00,0x00,0x50,0x00,0x00,0x00,0x00,0x00,0x00,0x00,0x2f,0x08,0x00,0x00,
    0x2f,0x08,0x00,0x00,0x6b,0x00,0x00,0x00,0x9a,0x08,0x00,0x00,0x90,0x00,0x00,0x00,0x00,0x00,0x00,0x00,0x00,0x00,0x00,0x00,
    0x00,0x00,0x00,0x00,0x00,0x00,0x00,0x00,0x00,0x00,0x00,0x00,0x00,0x00,0x00,0x00,0xf0,0xbb,0x04,0x00,0xd5,0x00,0x00,0x00,
    0x00,0x00,0x00,0x00,0x00,0x00,0x00,0x00,0x00,0x00,0x00,0x00,0x00,0x00,0x00,0x00,0x0e,0x00,0x00,0x00,0x20,0x00,0x00,0x00,
    0x0c,0x00,0x00,0x00,0x2f,0x75,0x73,0x72,0x2f,0x6c,0x69,0x62,0x2f,0x64,0x79,0x6c,0x64,0x00,0x00,0x00,0x00,0x00,0x00,0x00,
    0x0d,0x00,0x00,0x00,0x40,0x00,0x00,0x00,0x18,0x00,0x00,0x00,0x02,0x00,0x00,0x00,0x00,0x00,0x01,0x00,0x00,0x00,0x01,0x00,
    0x40,0x72,0x70,0x61,0x74,0x68,0x2f,0x6c,0x69,0x62,0x67,0x72,0x61,0x64,0x6c,0x65,0x2d,0x66,0x69,0x6c,0x65,0x65,0x76,0x65,
    0x6e,0x74,0x73,0x2e,0x64,0x79,0x6c,0x69,0x62,0x00,0x00,0x00,0x00,0x00,0x00,0x00,0x2a,0x00,0x00,0x00,0x10,0x00,0x00,0x00,
    0x00,0x00,0x00,0x00,0x00,0x00,0x00,0x00,0x32,0x00,0x00,0x00,0x20,0x00,0x00,0x00,0x01,0x00,0x00,0x00,0x00,0x00,0x0d,0x00,
    0x00,0x02,0x0f,0x00,0x01,0x00,0x00,0x00,0x05,0x00,0x00,0x00,0x00,0x00,0x00,0x00,0x1b,0x00,0x00,0x00,0x18,0x00,0x00,0x00,
    0x0f,0x8e,0x3e,0x54,0xc7,0x82,0x33,0x49,0xa1,0xdd,0x17,0xf2,0x54,0xb5,0xf1,0x58,0x0c,0x00,0x00,0x00,0x68,0x00,0x00,0x00,
    0x18,0x00,0x00,0x00,0x02,0x00,0x00,0x00,0x00,0x00,0x88,0x0c,0x00,0x00,0x96,0x00,0x2f,0x53,0x79,0x73,0x74,0x65,0x6d,0x2f,
    0x4c,0x69,0x62,0x72,0x61,0x72,0x79,0x2f,0x46,0x72,0x61,0x6d,0x65,0x77,0x6f,0x72,0x6b,0x73,0x2f,0x43,0x6f,0x72,0x65,0x46,
    0x6f,0x75,0x6e,0x64,0x61,0x74,0x69,0x6f,0x6e,0x2e,0x66,0x72,0x61,0x6d,0x65,0x77,0x6f,0x72,0x6b,0x2f,0x56,0x65,0x72,0x73,
    0x69,0x6f,0x6e,0x73,0x2f,0x41,0x2f,0x43,0x6f,0x72,0x65,0x46,0x6f,0x75,0x6e,0x64,0x61,0x74,0x69,0x6f,0x6e,0x00,0x00,0x00,
    0x0c,0x00,0x00,0x00,0x68,0x00,0x00,0x00,0x18,0x00,0x00,0x00,0x02,0x00,0x00,0x00,0x00,0x00,0xca,0x04,0x00,0x00,0x01,0x00,
    0x2f,0x53,0x79,0x73,0x74,0x65,0x6d,0x2f,0x4c,0x69,0x62,0x72,0x61,0x72,0x79,0x2f,0x46,0x72,0x61,0x6d,0x65,0x77,0x6f,0x72,
    0x6b,0x73,0x2f,0x43,0x6f,0x72,0x65,0x53,0x65,0x72,0x76,0x69,0x63,0x65,0x73,0x2e,0x66,0x72,0x61,0x6d,0x65,0x77,0x6f,0x72,
    0x6b,0x2f,0x56,0x65,0x72,0x73,0x69,0x6f,0x6e,0x73,0x2f,0x41,0x2f,0x43,0x6f,0x72,0x65,0x53,0x65,0x72,0x76,0x69,0x63,0x65,
    0x73,0x00,0x00,0x00,0x00,0x00,0x00,0x00,0x0c,0x00,0x00,0x00,0x38,0x00,0x00,0x00,0x18,0x00,0x00,0x00,0x02,0x00,0x00,0x00,
    0x00,0x00,0x47,0x05,0x00,0x00,0x01,0x00,0x2f,0x75,0x73,0x72,0x2f,0x6c,0x69,0x62,0x2f,0x6c,0x69,0x62,0x53,0x79,0x73,0x74,
    0x65,0x6d,0x2e,0x42,0x2e,0x64,0x79,0x6c,0x69,0x62,0x00,0x00,0x00,0x00,0x00,0x00,0x0c,0x00,0x00,0x00,0x38,0x00,0x00,0x00,
    0x18,0x00,0x00,0x00,0x02,0x00,0x00,0x00,0x00,0x00,0xe4,0x00,0x00,0x00,0x01,0x00,0x2f,0x75,0x73,0x72,0x2f,0x6c,0x69,0x62,
    0x2f,0x6c,0x69,0x62,0x6f,0x62,0x6a,0x63,0x2e,0x41,0x2e,0x64,0x79,0x6c,0x69,0x62,0x00,0x00,0x00,0x00,0x00,0x00,0x00,0x00,
];
#[cfg(test)]
const PREFIX_2: &[u8] = &[
    0xcf,0xfa,0xed,0xfe,0x07,0x00,0x00,0x01,0x03,0x00,0x00,0x00,0x06,0x00,0x00,0x00,0x0d,0x00,0x00,0x00,0x40,0x05,0x00,0x00,
    0x85,0x00,0x10,0x00,0x00,0x00,0x00,0x00,0x19,0x00,0x00,0x00,0xd8,0x01,0x00,0x00,0x5f,0x5f,0x54,0x45,0x58,0x54,0x00,0x00,
    0x00,0x00,0x00,0x00,0x00,0x00,0x00,0x00,0x00,0x00,0x00,0x00,0x00,0x00,0x00,0x00,0x00,0x20,0x00,0x00,0x00,0x00,0x00,0x00,
    0x00,0x00,0x00,0x00,0x00,0x00,0x00,0x00,0x00,0x20,0x00,0x00,0x00,0x00,0x00,0x00,0x07,0x00,0x00,0x00,0x05,0x00,0x00,0x00,
    0x05,0x00,0x00,0x00,0x00,0x00,0x00,0x00,0x5f,0x5f,0x74,0x65,0x78,0x74,0x00,0x00,0x00,0x00,0x00,0x00,0x00,0x00,0x00,0x00,
    0x5f,0x5f,0x54,0x45,0x58,0x54,0x00,0x00,0x00,0x00,0x00,0x00,0x00,0x00,0x00,0x00,0x40,0x0d,0x00,0x00,0x00,0x00,0x00,0x00,
    0x8e,0x10,0x00,0x00,0x00,0x00,0x00,0x00,0x40,0x0d,0x00,0x00,0x04,0x00,0x00,0x00,0x00,0x00,0x00,0x00,0x00,0x00,0x00,0x00,
    0x00,0x04,0x00,0x80,0x00,0x00,0x00,0x00,0x00,0x00,0x00,0x00,0x00,0x00,0x00,0x00,0x5f,0x5f,0x73,0x74,0x75,0x62,0x73,0x00,
    0x00,0x00,0x00,0x00,0x00,0x00,0x00,0x00,0x5f,0x5f,0x54,0x45,0x58,0x54,0x00,0x00,0x00,0x00,0x00,0x00,0x00,0x00,0x00,0x00,
    0xce,0x1d,0x00,0x00,0x00,0x00,0x00,0x00,0x2a,0x00,0x00,0x00,0x00,0x00,0x00,0x00,0xce,0x1d,0x00,0x00,0x01,0x00,0x00,0x00,
    0x00,0x00,0x00,0x00,0x00,0x00,0x00,0x00,0x08,0x04,0x00,0x80,0x00,0x00,0x00,0x00,0x06,0x00,0x00,0x00,0x00,0x00,0x00,0x00,
    0x5f,0x5f,0x73,0x74,0x75,0x62,0x5f,0x68,0x65,0x6c,0x70,0x65,0x72,0x00,0x00,0x00,0x5f,0x5f,0x54,0x45,0x58,0x54,0x00,0x00,
    0x00,0x00,0x00,0x00,0x00,0x00,0x00,0x00,0xf8,0x1d,0x00,0x00,0x00,0x00,0x00,0x00,0x56,0x00,0x00,0x00,0x00,0x00,0x00,0x00,
    0xf8,0x1d,0x00,0x00,0x02,0x00,0x00,0x00,0x00,0x00,0x00,0x00,0x00,0x00,0x00,0x00,0x00,0x04,0x00,0x80,0x00,0x00,0x00,0x00,
    0x00,0x00,0x00,0x00,0x00,0x00,0x00,0x00,0x5f,0x5f,0x63,0x73,0x74,0x72,0x69,0x6e,0x67,0x00,0x00,0x00,0x00,0x00,0x00,0x00,
    0x5f,0x5f,0x54,0x45,0x58,0x54,0x00,0x00,0x00,0x00,0x00,0x00,0x00,0x00,0x00,0x00,0x4e,0x1e,0x00,0x00,0x00,0x00,0x00,0x00,
    0x1f,0x01,0x00,0x00,0x00,0x00,0x00,0x00,0x4e,0x1e,0x00,0x00,0x00,0x00,0x00,0x00,0x00,0x00,0x00,0x00,0x00,0x00,0x00,0x00,
    0x02,0x00,0x00,0x00,0x00,0x00,0x00,0x00,0x00,0x00,0x00,0x00,0x00,0x00,0x00,0x00,0x5f,0x5f,0x75,0x6e,0x77,0x69,0x6e,0x64,
    0x5f,0x69,0x6e,0x66,0x6f,0x00,0x00,0x00,0x5f,0x5f,0x54,0x45,0x58,0x54,0x00,0x00,0x00,0x00,0x00,0x00,0x00,0x00,0x00,0x00,
    0x70,0x1f,0x00,0x00,0x00,0x00,0x00,0x00,0x84,0x00,0x00,0x00,0x00,0x00,0x00,0x00,0x70,0x1f,0x00,0x00,0x02,0x00,0x00,0x00,
    0x00,0x00,0x00,0x00,0x00,0x00,0x00,0x00,0x00,0x00,0x00,0x00,0x00,0x00,0x00,0x00,0x00,0x00,0x00,0x00,0x00,0x00,0x00,0x00,
    0x19,0x00,0x00,0x00,0x88,0x01,0x00,0x00,0x5f,0x5f,0x44,0x41,0x54,0x41,0x00,0x00,0x00,0x00,0x00,0x00,0x00,0x00,0x00,0x00,
    0x00,0x20,0x00,0x00,0x00,0x00,0x00,0x00,0x00,0x10,0x00,0x00,0x00,0x00,0x00,0x00,0x00,0x20,0x00,0x00,0x00,0x00,0x00,0x00,
    0x00,0x10,0x00,0x00,0x00,0x00,0x00,0x00,0x07,0x00,0x00,0x00,0x03,0x00,0x00,0x00,0x04,0x00,0x00,0x00,0x00,0x00,0x00,0x00,
    0x5f,0x5f,0x6e,0x6c,0x5f,0x73,0x79,0x6d,0x62,0x6f,0x6c,0x5f,0x70,0x74,0x72,0x00,0x5f,0x5f,0x44,0x41,0x54,0x41,0x00,0x00,
    0x00,0x00,0x00,0x00,0x00,0x00,0x00,0x00,0x00,0x20,0x00,0x00,0x00,0x00,0x00,0x00,0x10,0x00,0x00,0x00,0x00,0x00,0x00,0x00,
    0x00,0x20,0x00,0x00,0x03,0x00,0x00,0x00,0x00,0x00,0x00,0x00,0x00,0x00,0x00,0x00,0x06,0x00,0x00,0x00,0x07,0x00,0x00,0x00,
    0x00,0x00,0x00,0x00,0x00,0x00,0x00,0x00,0x5f,0x5f,0x67,0x6f,0x74,0x00,0x00,0x00,0x00,0x00,0x00,0x00,0x00,0x00,0x00,0x00,
    0x5f,0x5f,0x44,0x41,0x54,0x41,0x00,0x00,0x00,0x00,0x00,0x00,0x00,0x00,0x00,0x00,0x10,0x20,0x00,0x00,0x00,0x00,0x00,0x00,
    0x08,0x00,0x00,0x00,0x00,0x00,0x00,0x00,0x10,0x20,0x00,0x00,0x03,0x00,0x00,0x00,0x00,0x00,0x00,0x00,0x00,0x00,0x00,0x00,
    0x06,0x00,0x00,0x00,0x09,0x00,0x00,0x00,0x00,0x00,0x00,0x00,0x00,0x00,0x00,0x00,0x5f,0x5f,0x6c,0x61,0x5f,0x73,0x79,0x6d,
    0x62,0x6f,0x6c,0x5f,0x70,0x74,0x72,0x00,0x5f,0x5f,0x44,0x41,0x54,0x41,0x00,0x00,0x00,0x00,0x00,0x00,0x00,0x00,0x00,0x00,
    0x18,0x20,0x00,0x00,0x00,0x00,0x00,0x00,0x38,0x00,0x00,0x00,0x00,0x00,0x00,0x00,0x18,0x20,0x00,0x00,0x03,0x00,0x00,0x00,
    0x00,0x00,0x00,0x00,0x00,0x00,0x00,0x00,0x07,0x00,0x00,0x00,0x0a,0x00,0x00,0x00,0x00,0x00,0x00,0x00,0x00,0x00,0x00,0x00,
    0x5f,0x5f,0x63,0x6f,0x6d,0x6d,0x6f,0x6e,0x00,0x00,0x00,0x00,0x00,0x00,0x00,0x00,0x5f,0x5f,0x44,0x41,0x54,0x41,0x00,0x00,
    0x00,0x00,0x00,0x00,0x00,0x00,0x00,0x00,0x50,0x20,0x00,0x00,0x00,0x00,0x00,0x00,0x88,0x00,0x00,0x00,0x00,0x00,0x00,0x00,
    0x00,0x00,0x00,0x00,0x03,0x00,0x00,0x00,0x00,0x00,0x00,0x00,0x00,0x00,0x00,0x00,0x01,0x00,0x00,0x00,0x00,0x00,0x00,0x00,
    0x00,0x00,0x00,0x00,0x00,0x00,0x00,0x00,0x19,0x00,0x00,0x00,0x48,0x00,0x00,0x00,0x5f,0x5f,0x4c,0x49,0x4e,0x4b,0x45,0x44,
    0x49,0x54,0x00,0x00,0x00,0x00,0x00,0x00,0x00,0x30,0x00,0x00,0x00,0x00,0x00,0x00,0x00,0x30,0x00,0x00,0x00,0x00,0x00,0x00,
    0x00,0x30,0x00,0x00,0x00,0x00,0x00,0x00,0xc4,0x20,0x00,0x00,0x00,0x00,0x00,0x00,0x07,0x00,0x00,0x00,0x01,0x00,0x00,0x00,
    0x00,0x00,0x00,0x00,0x00,0x00,0x00,0x00,0x0d,0x00,0x00,0x00,0x70,0x00,0x00,0x00,0x18,0x00,0x00,0x00,0x01,0x00,0x00,0x00,
    0x00,0x00,0x00,0x00,0x00,0x00,0x00,0x00,0x2f,0x55,0x73,0x65,0x72,0x73,0x2f,0x67,0x6e,0x6f,0x64,0x65,0x74,0x2f,0x77,0x6f,
    0x72,0x6b,0x2f,0x67,0x69,0x74,0x2f,0x6a,0x61,0x6e,0x73,0x69,0x2d,0x6e,0x61,0x74,0x69,0x76,0x65,0x2f,0x74,0x61,0x72,0x67,
    0x65,0x74,0x2f,0x6e,0x61,0x74,0x69,0x76,0x65,0x2d,0x62,0x75,0x69,0x6c,0x64,0x2f,0x74,0x61,0x72,0x67,0x65,0x74,0x2f,0x6c,
    0x69,0x62,0x2f,0x6c,0x69,0x62,0x6a,0x61,0x6e,0x73,0x69,0x2d,0x31,0x2e,0x38,0x2e,0x6a,0x6e,0x69,0x6c,0x69,0x62,0x00,0x00,
    0x22,0x00,0x00,0x80,0x30,0x00,0x00,0x00,0x00,0x30,0x00,0x00,0x08,0x00,0x00,0x00,0x08,0x30,0x00,0x00,0x38,0x00,0x00,0x00,
    0x00,0x00,0x00,0x00,0x00,0x00,0x00,0x00,0x40,0x30,0x00,0x00,0x78,0x00,0x00,0x00,0xb8,0x30,0x00,0x00,0xc8,0x03,0x00,0x00,
    0x02,0x00,0x00,0x00,0x18,0x00,0x00,0x00,0xb0,0x34,0x00,0x00,0xc5,0x00,0x00,0x00,0x44,0x41,0x00,0x00,0x80,0x0f,0x00,0x00,
    0x0b,0x00,0x00,0x00,0x50,0x00,0x00,0x00,0x00,0x00,0x00,0x00,0x99,0x00,0x00,0x00,0x99,0x00,0x00,0x00,0x23,0x00,0x00,0x00,
    0xbc,0x00,0x00,0x00,0x09,0x00,0x00,0x00,0x00,0x00,0x00,0x00,0x00,0x00,0x00,0x00,0x00,0x00,0x00,0x00,0x00,0x00,0x00,0x00,
    0x00,0x00,0x00,0x00,0x00,0x00,0x00,0x00,0x00,0x41,0x00,0x00,0x11,0x00,0x00,0x00,0x00,0x00,0x00,0x00,0x00,0x00,0x00,0x00,
    0x00,0x00,0x00,0x00,0x00,0x00,0x00,0x00,0x1b,0x00,0x00,0x00,0x18,0x00,0x00,0x00,0xef,0x3a,0xe1,0xfa,0x0f,0xe0,0x3b,0xa7,
    0xa3,0xce,0x05,0xfc,0x83,0xa6,0x72,0xdf,0x24,0x00,0x00,0x00,0x10,0x00,0x00,0x00,0x00,0x0d,0x0a,0x00,0x00,0x0d,0x0a,0x00,
    0x2a,0x00,0x00,0x00,0x10,0x00,0x00,0x00,0x00,0x00,0x00,0x00,0x00,0x00,0x00,0x00,0x0c,0x00,0x00,0x00,0x38,0x00,0x00,0x00,
    0x18,0x00,0x00,0x00,0x02,0x00,0x00,0x00,0x00,0x00,0xe4,0x04,0x00,0x00,0x01,0x00,0x2f,0x75,0x73,0x72,0x2f,0x6c,0x69,0x62,
    0x2f,0x6c,0x69,0x62,0x53,0x79,0x73,0x74,0x65,0x6d,0x2e,0x42,0x2e,0x64,0x79,0x6c,0x69,0x62,0x00,0x00,0x00,0x00,0x00,0x00,
    0x26,0x00,0x00,0x00,0x10,0x00,0x00,0x00,0x80,0x34,0x00,0x00,0x30,0x00,0x00,0x00,0x29,0x00,0x00,0x00,0x10,0x00,0x00,0x00,
    0xb0,0x34,0x00,0x00,0x00,0x00,0x00,0x00,0x00,0x00,0x00,0x00,0x00,0x00,0x00,0x00,0x00,0x00,0x00,0x00,0x00,0x00,0x00,0x00,
    0x00,0x00,0x00,0x00,0x00,0x00,0x00,0x00,0x00,0x00,0x00,0x00,0x00,0x00,0x00,0x00,0x00,0x00,0x00,0x00,0x00,0x00,0x00,0x00,
    0x00,0x00,0x00,0x00,0x00,0x00,0x00,0x00,0x00,0x00,0x00,0x00,0x00,0x00,0x00,0x00,0x00,0x00,0x00,0x00,0x00,0x00,0x00,0x00,
    0x00,0x00,0x00,0x00,0x00,0x00,0x00,0x00,0x00,0x00,0x00,0x00,0x00,0x00,0x00,0x00,0x00,0x00,0x00,0x00,0x00,0x00,0x00,0x00,
    0x00,0x00,0x00,0x00,0x00,0x00,0x00,0x00,0x00,0x00,0x00,0x00,0x00,0x00,0x00,0x00,0x00,0x00,0x00,0x00,0x00,0x00,0x00,0x00,
    0x00,0x00,0x00,0x00,0x00,0x00,0x00,0x00,0x00,0x00,0x00,0x00,0x00,0x00,0x00,0x00,0x00,0x00,0x00,0x00,0x00,0x00,0x00,0x00,
    0x00,0x00,0x00,0x00,0x00,0x00,0x00,0x00,0x00,0x00,0x00,0x00,0x00,0x00,0x00,0x00,0x00,0x00,0x00,0x00,0x00,0x00,0x00,0x00,
    0x00,0x00,0x00,0x00,0x00,0x00,0x00,0x00,0x00,0x00,0x00,0x00,0x00,0x00,0x00,0x00,0x00,0x00,0x00,0x00,0x00,0x00,0x00,0x00,
    0x00,0x00,0x00,0x00,0x00,0x00,0x00,0x00,0x00,0x00,0x00,0x00,0x00,0x00,0x00,0x00,0x00,0x00,0x00,0x00,0x00,0x00,0x00,0x00,
    0x00,0x00,0x00,0x00,0x00,0x00,0x00,0x00,0x00,0x00,0x00,0x00,0x00,0x00,0x00,0x00,0x00,0x00,0x00,0x00,0x00,0x00,0x00,0x00,
    0x00,0x00,0x00,0x00,0x00,0x00,0x00,0x00,0x00,0x00,0x00,0x00,0x00,0x00,0x00,0x00,0x00,0x00,0x00,0x00,0x00,0x00,0x00,0x00,
    0x00,0x00,0x00,0x00,0x00,0x00,0x00,0x00,0x00,0x00,0x00,0x00,0x00,0x00,0x00,0x00,0x00,0x00,0x00,0x00,0x00,0x00,0x00,0x00,
    0x00,0x00,0x00,0x00,0x00,0x00,0x00,0x00,0x00,0x00,0x00,0x00,0x00,0x00,0x00,0x00,0x00,0x00,0x00,0x00,0x00,0x00,0x00,0x00,
    0x00,0x00,0x00,0x00,0x00,0x00,0x00,0x00,0x00,0x00,0x00,0x00,0x00,0x00,0x00,0x00,0x00,0x00,0x00,0x00,0x00,0x00,0x00,0x00,
    0x00,0x00,0x00,0x00,0x00,0x00,0x00,0x00,0x00,0x00,0x00,0x00,0x00,0x00,0x00,0x00,0x00,0x00,0x00,0x00,0x00,0x00,0x00,0x00,
    0x00,0x00,0x00,0x00,0x00,0x00,0x00,0x00,0x00,0x00,0x00,0x00,0x00,0x00,0x00,0x00,0x00,0x00,0x00,0x00,0x00,0x00,0x00,0x00,
    0x00,0x00,0x00,0x00,0x00,0x00,0x00,0x00,0x00,0x00,0x00,0x00,0x00,0x00,0x00,0x00,0x00,0x00,0x00,0x00,0x00,0x00,0x00,0x00,
    0x00,0x00,0x00,0x00,0x00,0x00,0x00,0x00,0x00,0x00,0x00,0x00,0x00,0x00,0x00,0x00,0x00,0x00,0x00,0x00,0x00,0x00,0x00,0x00,
    0x00,0x00,0x00,0x00,0x00,0x00,0x00,0x00,0x00,0x00,0x00,0x00,0x00,0x00,0x00,0x00,0x00,0x00,0x00,0x00,0x00,0x00,0x00,0x00,
    0x00,0x00,0x00,0x00,0x00,0x00,0x00,0x00,0x00,0x00,0x00,0x00,0x00,0x00,0x00,0x00,0x00,0x00,0x00,0x00,0x00,0x00,0x00,0x00,
    0x00,0x00,0x00,0x00,0x00,0x00,0x00,0x00,0x00,0x00,0x00,0x00,0x00,0x00,0x00,0x00,0x00,0x00,0x00,0x00,0x00,0x00,0x00,0x00,
    0x00,0x00,0x00,0x00,0x00,0x00,0x00,0x00,0x00,0x00,0x00,0x00,0x00,0x00,0x00,0x00,0x00,0x00,0x00,0x00,0x00,0x00,0x00,0x00,
    0x00,0x00,0x00,0x00,0x00,0x00,0x00,0x00,0x00,0x00,0x00,0x00,0x00,0x00,0x00,0x00,0x00,0x00,0x00,0x00,0x00,0x00,0x00,0x00,
    0x00,0x00,0x00,0x00,0x00,0x00,0x00,0x00,0x00,0x00,0x00,0x00,0x00,0x00,0x00,0x00,0x00,0x00,0x00,0x00,0x00,0x00,0x00,0x00,
    0x00,0x00,0x00,0x00,0x00,0x00,0x00,0x00,0x00,0x00,0x00,0x00,0x00,0x00,0x00,0x00,0x00,0x00,0x00,0x00,0x00,0x00,0x00,0x00,
    0x00,0x00,0x00,0x00,0x00,0x00,0x00,0x00,0x00,0x00,0x00,0x00,0x00,0x00,0x00,0x00,0x00,0x00,0x00,0x00,0x00,0x00,0x00,0x00,
    0x00,0x00,0x00,0x00,0x00,0x00,0x00,0x00,0x00,0x00,0x00,0x00,0x00,0x00,0x00,0x00,0x00,0x00,0x00,0x00,0x00,0x00,0x00,0x00,
    0x00,0x00,0x00,0x00,0x00,0x00,0x00,0x00,0x00,0x00,0x00,0x00,0x00,0x00,0x00,0x00,0x00,0x00,0x00,0x00,0x00,0x00,0x00,0x00,
    0x00,0x00,0x00,0x00,0x00,0x00,0x00,0x00,0x00,0x00,0x00,0x00,0x00,0x00,0x00,0x00,0x00,0x00,0x00,0x00,0x00,0x00,0x00,0x00,
    0x00,0x00,0x00,0x00,0x00,0x00,0x00,0x00,0x00,0x00,0x00,0x00,0x00,0x00,0x00,0x00,0x00,0x00,0x00,0x00,0x00,0x00,0x00,0x00,
    0x00,0x00,0x00,0x00,0x00,0x00,0x00,0x00,0x00,0x00,0x00,0x00,0x00,0x00,0x00,0x00,0x00,0x00,0x00,0x00,0x00,0x00,0x00,0x00,
    0x00,0x00,0x00,0x00,0x00,0x00,0x00,0x00,0x00,0x00,0x00,0x00,0x00,0x00,0x00,0x00,0x00,0x00,0x00,0x00,0x00,0x00,0x00,0x00,
    0x00,0x00,0x00,0x00,0x00,0x00,0x00,0x00,0x00,0x00,0x00,0x00,0x00,0x00,0x00,0x00,0x00,0x00,0x00,0x00,0x00,0x00,0x00,0x00,
    0x00,0x00,0x00,0x00,0x00,0x00,0x00,0x00,0x00,0x00,0x00,0x00,0x00,0x00,0x00,0x00,0x00,0x00,0x00,0x00,0x00,0x00,0x00,0x00,
    0x00,0x00,0x00,0x00,0x00,0x00,0x00,0x00,0x00,0x00,0x00,0x00,0x00,0x00,0x00,0x00,0x00,0x00,0x00,0x00,0x00,0x00,0x00,0x00,
    0x00,0x00,0x00,0x00,0x00,0x00,0x00,0x00,0x00,0x00,0x00,0x00,0x00,0x00,0x00,0x00,0x00,0x00,0x00,0x00,0x00,0x00,0x00,0x00,
    0x00,0x00,0x00,0x00,0x00,0x00,0x00,0x00,0x00,0x00,0x00,0x00,0x00,0x00,0x00,0x00,0x00,0x00,0x00,0x00,0x00,0x00,0x00,0x00,
    0x00,0x00,0x00,0x00,0x00,0x00,0x00,0x00,0x00,0x00,0x00,0x00,0x00,0x00,0x00,0x00,0x00,0x00,0x00,0x00,0x00,0x00,0x00,0x00,
    0x00,0x00,0x00,0x00,0x00,0x00,0x00,0x00,0x00,0x00,0x00,0x00,0x00,0x00,0x00,0x00,0x00,0x00,0x00,0x00,0x00,0x00,0x00,0x00,
    0x00,0x00,0x00,0x00,0x00,0x00,0x00,0x00,0x00,0x00,0x00,0x00,0x00,0x00,0x00,0x00,0x00,0x00,0x00,0x00,0x00,0x00,0x00,0x00,
    0x00,0x00,0x00,0x00,0x00,0x00,0x00,0x00,0x00,0x00,0x00,0x00,0x00,0x00,0x00,0x00,0x00,0x00,0x00,0x00,0x00,0x00,0x00,0x00,
    0x00,0x00,0x00,0x00,0x00,0x00,0x00,0x00,0x00,0x00,0x00,0x00,0x00,0x00,0x00,0x00,0x00,0x00,0x00,0x00,0x00,0x00,0x00,0x00,
    0x00,0x00,0x00,0x00,0x00,0x00,0x00,0x00,0x00,0x00,0x00,0x00,0x00,0x00,0x00,0x00,0x00,0x00,0x00,0x00,0x00,0x00,0x00,0x00,
    0x00,0x00,0x00,0x00,0x00,0x00,0x00,0x00,0x00,0x00,0x00,0x00,0x00,0x00,0x00,0x00,0x00,0x00,0x00,0x00,0x00,0x00,0x00,0x00,
    0x00,0x00,0x00,0x00,0x00,0x00,0x00,0x00,0x00,0x00,0x00,0x00,0x00,0x00,0x00,0x00,0x00,0x00,0x00,0x00,0x00,0x00,0x00,0x00,
    0x00,0x00,0x00,0x00,0x00,0x00,0x00,0x00,0x00,0x00,0x00,0x00,0x00,0x00,0x00,0x00,0x00,0x00,0x00,0x00,0x00,0x00,0x00,0x00,
    0x00,0x00,0x00,0x00,0x00,0x00,0x00,0x00,0x00,0x00,0x00,0x00,0x00,0x00,0x00,0x00,0x00,0x00,0x00,0x00,0x00,0x00,0x00,0x00,
    0x00,0x00,0x00,0x00,0x00,0x00,0x00,0x00,0x00,0x00,0x00,0x00,0x00,0x00,0x00,0x00,0x00,0x00,0x00,0x00,0x00,0x00,0x00,0x00,
    0x00,0x00,0x00,0x00,0x00,0x00,0x00,0x00,0x00,0x00,0x00,0x00,0x00,0x00,0x00,0x00,0x00,0x00,0x00,0x00,0x00,0x00,0x00,0x00,
    0x00,0x00,0x00,0x00,0x00,0x00,0x00,0x00,0x00,0x00,0x00,0x00,0x00,0x00,0x00,0x00,0x00,0x00,0x00,0x00,0x00,0x00,0x00,0x00,
    0x00,0x00,0x00,0x00,0x00,0x00,0x00,0x00,0x00,0x00,0x00,0x00,0x00,0x00,0x00,0x00,0x00,0x00,0x00,0x00,0x00,0x00,0x00,0x00,
    0x00,0x00,0x00,0x00,0x00,0x00,0x00,0x00,0x00,0x00,0x00,0x00,0x00,0x00,0x00,0x00,0x00,0x00,0x00,0x00,0x00,0x00,0x00,0x00,
    0x00,0x00,0x00,0x00,0x00,0x00,0x00,0x00,0x00,0x00,0x00,0x00,0x00,0x00,0x00,0x00,0x00,0x00,0x00,0x00,0x00,0x00,0x00,0x00,
    0x00,0x00,0x00,0x00,0x00,0x00,0x00,0x00,0x00,0x00,0x00,0x00,0x00,0x00,0x00,0x00,0x00,0x00,0x00,0x00,0x00,0x00,0x00,0x00,
    0x00,0x00,0x00,0x00,0x00,0x00,0x00,0x00,0x00,0x00,0x00,0x00,0x00,0x00,0x00,0x00,0x00,0x00,0x00,0x00,0x00,0x00,0x00,0x00,
    0x00,0x00,0x00,0x00,0x00,0x00,0x00,0x00,0x00,0x00,0x00,0x00,0x00,0x00,0x00,0x00,0x00,0x00,0x00,0x00,0x00,0x00,0x00,0x00,
    0x00,0x00,0x00,0x00,0x00,0x00,0x00,0x00,0x00,0x00,0x00,0x00,0x00,0x00,0x00,0x00,0x00,0x00,0x00,0x00,0x00,0x00,0x00,0x00,
    0x00,0x00,0x00,0x00,0x00,0x00,0x00,0x00,0x00,0x00,0x00,0x00,0x00,0x00,0x00,0x00,0x00,0x00,0x00,0x00,0x00,0x00,0x00,0x00,
    0x00,0x00,0x00,0x00,0x00,0x00,0x00,0x00,0x00,0x00,0x00,0x00,0x00,0x00,0x00,0x00,0x00,0x00,0x00,0x00,0x00,0x00,0x00,0x00,
    0x00,0x00,0x00,0x00,0x00,0x00,0x00,0x00,0x00,0x00,0x00,0x00,0x00,0x00,0x00,0x00,0x00,0x00,0x00,0x00,0x00,0x00,0x00,0x00,
    0x00,0x00,0x00,0x00,0x00,0x00,0x00,0x00,0x00,0x00,0x00,0x00,0x00,0x00,0x00,0x00,0x00,0x00,0x00,0x00,0x00,0x00,0x00,0x00,
    0x00,0x00,0x00,0x00,0x00,0x00,0x00,0x00,0x00,0x00,0x00,0x00,0x00,0x00,0x00,0x00,0x00,0x00,0x00,0x00,0x00,0x00,0x00,0x00,
    0x00,0x00,0x00,0x00,0x00,0x00,0x00,0x00,0x00,0x00,0x00,0x00,0x00,0x00,0x00,0x00,0x00,0x00,0x00,0x00,0x00,0x00,0x00,0x00,
    0x00,0x00,0x00,0x00,0x00,0x00,0x00,0x00,0x00,0x00,0x00,0x00,0x00,0x00,0x00,0x00,0x00,0x00,0x00,0x00,0x00,0x00,0x00,0x00,
    0x00,0x00,0x00,0x00,0x00,0x00,0x00,0x00,0x00,0x00,0x00,0x00,0x00,0x00,0x00,0x00,0x00,0x00,0x00,0x00,0x00,0x00,0x00,0x00,
    0x00,0x00,0x00,0x00,0x00,0x00,0x00,0x00,0x00,0x00,0x00,0x00,0x00,0x00,0x00,0x00,0x00,0x00,0x00,0x00,0x00,0x00,0x00,0x00,
    0x00,0x00,0x00,0x00,0x00,0x00,0x00,0x00,0x00,0x00,0x00,0x00,0x00,0x00,0x00,0x00,0x00,0x00,0x00,0x00,0x00,0x00,0x00,0x00,
    0x00,0x00,0x00,0x00,0x00,0x00,0x00,0x00,0x00,0x00,0x00,0x00,0x00,0x00,0x00,0x00,0x00,0x00,0x00,0x00,0x00,0x00,0x00,0x00,
    0x00,0x00,0x00,0x00,0x00,0x00,0x00,0x00,0x00,0x00,0x00,0x00,0x00,0x00,0x00,0x00,0x00,0x00,0x00,0x00,0x00,0x00,0x00,0x00,
    0x00,0x00,0x00,0x00,0x00,0x00,0x00,0x00,0x00,0x00,0x00,0x00,0x00,0x00,0x00,0x00,0x00,0x00,0x00,0x00,0x00,0x00,0x00,0x00,
    0x00,0x00,0x00,0x00,0x00,0x00,0x00,0x00,0x00,0x00,0x00,0x00,0x00,0x00,0x00,0x00,0x00,0x00,0x00,0x00,0x00,0x00,0x00,0x00,
    0x00,0x00,0x00,0x00,0x00,0x00,0x00,0x00,0x00,0x00,0x00,0x00,0x00,0x00,0x00,0x00,0x00,0x00,0x00,0x00,0x00,0x00,0x00,0x00,
    0x00,0x00,0x00,0x00,0x00,0x00,0x00,0x00,0x00,0x00,0x00,0x00,0x00,0x00,0x00,0x00,0x00,0x00,0x00,0x00,0x00,0x00,0x00,0x00,
    0x00,0x00,0x00,0x00,0x00,0x00,0x00,0x00,0x00,0x00,0x00,0x00,0x00,0x00,0x00,0x00,0x00,0x00,0x00,0x00,0x00,0x00,0x00,0x00,
    0x00,0x00,0x00,0x00,0x00,0x00,0x00,0x00,0x00,0x00,0x00,0x00,0x00,0x00,0x00,0x00,0x00,0x00,0x00,0x00,0x00,0x00,0x00,0x00,
    0x00,0x00,0x00,0x00,0x00,0x00,0x00,0x00,0x00,0x00,0x00,0x00,0x00,0x00,0x00,0x00,0x00,0x00,0x00,0x00,0x00,0x00,0x00,0x00,
    0x00,0x00,0x00,0x00,0x00,0x00,0x00,0x00,0x00,0x00,0x00,0x00,0x00,0x00,0x00,0x00,0x00,0x00,0x00,0x00,0x00,0x00,0x00,0x00,
    0x00,0x00,0x00,0x00,0x00,0x00,0x00,0x00,0x00,0x00,0x00,0x00,0x00,0x00,0x00,0x00,0x00,0x00,0x00,0x00,0x00,0x00,0x00,0x00,
    0x00,0x00,0x00,0x00,0x00,0x00,0x00,0x00,0x00,0x00,0x00,0x00,0x00,0x00,0x00,0x00,0x00,0x00,0x00,0x00,0x00,0x00,0x00,0x00,
    0x00,0x00,0x00,0x00,0x00,0x00,0x00,0x00,0x00,0x00,0x00,0x00,0x00,0x00,0x00,0x00,0x00,0x00,0x00,0x00,0x00,0x00,0x00,0x00,
    0x00,0x00,0x00,0x00,0x00,0x00,0x00,0x00,0x00,0x00,0x00,0x00,0x00,0x00,0x00,0x00,0x00,0x00,0x00,0x00,0x00,0x00,0x00,0x00,
    0x00,0x00,0x00,0x00,0x00,0x00,0x00,0x00,0x00,0x00,0x00,0x00,0x00,0x00,0x00,0x00,0x00,0x00,0x00,0x00,0x00,0x00,0x00,0x00,
    0x00,0x00,0x00,0x00,0x00,0x00,0x00,0x00,0x00,0x00,0x00,0x00,0x00,0x00,0x00,0x00,0x00,0x00,0x00,0x00,0x00,0x00,0x00,0x00,
    0x00,0x00,0x00,0x00,0x00,0x00,0x00,0x00,0x00,0x00,0x00,0x00,0x00,0x00,0x00,0x00,0x00,0x00,0x00,0x00,0x00,0x00,0x00,0x00,
    0x00,0x00,0x00,0x00,0x00,0x00,0x00,0x00,0x55,0x48,0x89,0xe5,0x41,0x56,0x53,0x48,0x89,0xfb,0x83,0x3d,0xff,0x12,0x00,0x00,
    0x00,0x0f,0x85,0x24,0x01,0x00,0x00,0x48,0x8b,0x03,0x48,0x89,0xdf,0xff,0x90,0xf8,0x00,0x00,0x00,0x48,0x89,0x05,0xee,0x12,
    0x00,0x00,0x4c,0x8b,0x03,0x48,0x8d,0x15,0xda,0x10,0x00,0x00,0x4c,0x8d,0x35,0xdb,0x10,0x00,0x00,0x48,0x89,0xdf,0x48,0x89,
    0xc6,0x4c,0x89,0xf1,0x41,0xff,0x90,0xf0,0x02,0x00,0x00,0x48,0x89,0x05,0xce,0x12,0x00,0x00,0x48,0x8b,0x03,0x48,0x8b,0x35,
    0xbc,0x12,0x00,0x00,0x48,0x8d,0x15,0xb5,0x10,0x00,0x00,0x48,0x89,0xdf,0x4c,0x89,0xf1,0xff,0x90,0xf0,0x02,0x00,0x00,0x48,
    0x89,0x05,0xb2,0x12,0x00,0x00,0x48,0x8b,0x03,0x48,0x8b,0x35,0x98,0x12,0x00,0x00,0x48,0x8d,0x15,0x99,0x10,0x00,0x00,0x48,
    0x89,0xdf,0x4c,0x89,0xf1,0xff,0x90,0xf0,0x02,0x00,0x00,0x48,0x89,0x05,0x96,0x12,0x00,0x00,0x48,0x8b,0x03,0x48,0x8b,0x35,
    0x74,0x12,0x00,0x00,0x48,0x8d,0x15,0x7d,0x10,0x00,0x00,0x48,0x89,0xdf,0x4c,0x89,0xf1,0xff,0x90,0xf0,0x02,0x00,0x00,0x48,
    0x89,0x05,0x7a,0x12,0x00,0x00,0x48,0x8b,0x03,0x48,0x8b,0x35,0x50,0x12,0x00,0x00,0x48,0x8d,0x15,0x61,0x10,0x00,0x00,0x48,
    0x8d,0x0d,0x5f,0x10,0x00,0x00,0x48,0x89,0xdf,0xff,0x90,0xf0,0x02,0x00,0x00,0x48,0x89,0x05,0x5a,0x12,0x00,0x00,0x48,0x8b,
    0x03,0x48,0x8b,0x35,0x28,0x12,0x00,0x00,0x48,0x8d,0x15,0x41,0x10,0x00,0x00,0x48,0x89,0xdf,0x4c,0x89,0xf1,0xff,0x90,0xf0,
    0x02,0x00,0x00,0x48,0x89,0x05,0x3e,0x12,0x00,0x00,0x48,0x8b,0x03,0x48,0x8b,0x35,0x04,0x12,0x00,0x00,0x48,0x8d,0x15,0x26,
    0x10,0x00,0x00,0x48,0x89,0xdf,0x4c,0x89,0xf1,0xff,0x90,0xf0,0x02,0x00,0x00,0x48,0x89,0x05,0x22,0x12,0x00,0x00,0x0f,0xae,
    0xf0,0xc7,0x05,0xd5,0x11,0x00,0x00,0x01,0x00,0x00,0x00,0x5b,0x41,0x5e,0x5d,0xc3,0x55,0x48,0x89,0xe5,0x41,0x57,0x41,0x56,
    0x53,0x50,0x49,0x89,0xd7,0x49,0x89,0xf6,0x48,0x89,0xfb,0x83,0x3d,0xb6,0x11,0x00,0x00,0x00,0x75,0x0b,0x48,0x89,0xdf,0x4c,
    0x89,0xf6,0xe8,0x99,0xfe,0xff,0xff,0x48,0x8b,0x03,0x48,0x8b,0x15,0xaf,0x11,0x00,0x00,0x48,0x89,0xdf,0x4c,0x89,0xf6,0xff,
    0x90,0x28,0x03,0x00,0x00,0x49,0x89,0x07,0x48,0x8b,0x03,0x48,0x8b,0x15,0x9e,0x11,0x00,0x00,0x48,0x89,0xdf,0x4c,0x89,0xf6,
    0xff,0x90,0x28,0x03,0x00,0x00,0x49,0x89,0x47,0x08,0x48,0x8b,0x03,0x48,0x8b,0x15,0x8c,0x11,0x00,0x00,0x48,0x89,0xdf,0x4c,
    0x89,0xf6,0xff,0x90,0x28,0x03,0x00,0x00,0x49,0x89,0x47,0x10,0x48,0x8b,0x03,0x48,0x8b,0x15,0x7a,0x11,0x00,0x00,0x48,0x89,
    0xdf,0x4c,0x89,0xf6,0xff,0x90,0x28,0x03,0x00,0x00,0x49,0x89,0x47,0x18,0x48,0x8b,0x03,0x48,0x8b,0x15,0x68,0x11,0x00,0x00,
    0x48,0x89,0xdf,0x4c,0x89,0xf6,0xff,0x90,0xf8,0x02,0x00,0x00,0x4c,0x8b,0x0b,0x4d,0x8d,0x47,0x20,0x31,0xd2,0xb9,0x14,0x00,
    0x00,0x00,0x48,0x89,0xdf,0x48,0x89,0xc6,0x41,0xff,0x91,0x40,0x06,0x00,0x00,0x48,0x8b,0x03,0x48,0x8b,0x15,0x3f,0x11,0x00,
    0x00,0x48,0x89,0xdf,0x4c,0x89,0xf6,0xff,0x90,0x28,0x03,0x00,0x00,0x49,0x89,0x47,0x38,0x48,0x8b,0x03,0x48,0x8b,0x15,0x2d,
    0x11,0x00,0x00,0x48,0x89,0xdf,0x4c,0x89,0xf6,0xff,0x90,0x28,0x03,0x00,0x00,0x49,0x89,0x47,0x40,0x4c,0x89,0xf8,0x48,0x83,
    0xc4,0x08,0x5b,0x41,0x5e,0x41,0x5f,0x5d,0xc3,0x66,0x66,0x66,0x66,0x66,0x66,0x2e,0x0f,0x1f,0x84,0x00,0x00,0x00,0x00,0x00,
    0x55,0x48,0x89,0xe5,0x41,0x57,0x41,0x56,0x53,0x50,0x49,0x89,0xd6,0x49,0x89,0xf7,0x48,0x89,0xfb,0x83,0x3d,0xa6,0x10,0x00,
    0x00,0x00,0x75,0x0b,0x48,0x89,0xdf,0x4c,0x89,0xfe,0xe8,0x89,0xfd,0xff,0xff,0x48,0x8b,0x03,0x48,0x8b,0x15,0x9f,0x10,0x00,
    0x00,0x49,0x8b,0x0e,0x48,0x89,0xdf,0x4c,0x89,0xfe,0xff,0x90,0x70,0x03,0x00,0x00,0x48,0x8b,0x03,0x48,0x8b,0x15,0x8e,0x10,
    0x00,0x00,0x49,0x8b,0x4e,0x08,0x48,0x89,0xdf,0x4c,0x89,0xfe,0xff,0x90,0x70,0x03,0x00,0x00,0x48,0x8b,0x03,0x48,0x8b,0x15,
    0x7c,0x10,0x00,0x00,0x49,0x8b,0x4e,0x10,0x48,0x89,0xdf,0x4c,0x89,0xfe,0xff,0x90,
];
#[cfg(test)]
const COMMANDS_2: &[u8] = &[
    0xcf,0xfa,0xed,0xfe,0x07,0x00,0x00,0x01,0x03,0x00,0x00,0x00,0x06,0x00,0x00,0x00,0x0d,0x00,0x00,0x00,0x40,0x05,0x00,0x00,
    0x85,0x00,0x10,0x00,0x00,0x00,0x00,0x00,0x19,0x00,0x00,0x00,0xd8,0x01,0x00,0x00,0x5f,0x5f,0x54,0x45,0x58,0x54,0x00,0x00,
    0x00,0x00,0x00,0x00,0x00,0x00,0x00,0x00,0x00,0x00,0x00,0x00,0x00,0x00,0x00,0x00,0x00,0x20,0x00,0x00,0x00,0x00,0x00,0x00,
    0x00,0x00,0x00,0x00,0x00,0x00,0x00,0x00,0x00,0x20,0x00,0x00,0x00,0x00,0x00,0x00,0x07,0x00,0x00,0x00,0x05,0x00,0x00,0x00,
    0x05,0x00,0x00,0x00,0x00,0x00,0x00,0x00,0x5f,0x5f,0x74,0x65,0x78,0x74,0x00,0x00,0x00,0x00,0x00,0x00,0x00,0x00,0x00,0x00,
    0x5f,0x5f,0x54,0x45,0x58,0x54,0x00,0x00,0x00,0x00,0x00,0x00,0x00,0x00,0x00,0x00,0x40,0x0d,0x00,0x00,0x00,0x00,0x00,0x00,
    0x8e,0x10,0x00,0x00,0x00,0x00,0x00,0x00,0x40,0x0d,0x00,0x00,0x04,0x00,0x00,0x00,0x00,0x00,0x00,0x00,0x00,0x00,0x00,0x00,
    0x00,0x04,0x00,0x80,0x00,0x00,0x00,0x00,0x00,0x00,0x00,0x00,0x00,0x00,0x00,0x00,0x5f,0x5f,0x73,0x74,0x75,0x62,0x73,0x00,
    0x00,0x00,0x00,0x00,0x00,0x00,0x00,0x00,0x5f,0x5f,0x54,0x45,0x58,0x54,0x00,0x00,0x00,0x00,0x00,0x00,0x00,0x00,0x00,0x00,
    0xce,0x1d,0x00,0x00,0x00,0x00,0x00,0x00,0x2a,0x00,0x00,0x00,0x00,0x00,0x00,0x00,0xce,0x1d,0x00,0x00,0x01,0x00,0x00,0x00,
    0x00,0x00,0x00,0x00,0x00,0x00,0x00,0x00,0x08,0x04,0x00,0x80,0x00,0x00,0x00,0x00,0x06,0x00,0x00,0x00,0x00,0x00,0x00,0x00,
    0x5f,0x5f,0x73,0x74,0x75,0x62,0x5f,0x68,0x65,0x6c,0x70,0x65,0x72,0x00,0x00,0x00,0x5f,0x5f,0x54,0x45,0x58,0x54,0x00,0x00,
    0x00,0x00,0x00,0x00,0x00,0x00,0x00,0x00,0xf8,0x1d,0x00,0x00,0x00,0x00,0x00,0x00,0x56,0x00,0x00,0x00,0x00,0x00,0x00,0x00,
    0xf8,0x1d,0x00,0x00,0x02,0x00,0x00,0x00,0x00,0x00,0x00,0x00,0x00,0x00,0x00,0x00,0x00,0x04,0x00,0x80,0x00,0x00,0x00,0x00,
    0x00,0x00,0x00,0x00,0x00,0x00,0x00,0x00,0x5f,0x5f,0x63,0x73,0x74,0x72,0x69,0x6e,0x67,0x00,0x00,0x00,0x00,0x00,0x00,0x00,
    0x5f,0x5f,0x54,0x45,0x58,0x54,0x00,0x00,0x00,0x00,0x00,0x00,0x00,0x00,0x00,0x00,0x4e,0x1e,0x00,0x00,0x00,0x00,0x00,0x00,
    0x1f,0x01,0x00,0x00,0x00,0x00,0x00,0x00,0x4e,0x1e,0x00,0x00,0x00,0x00,0x00,0x00,0x00,0x00,0x00,0x00,0x00,0x00,0x00,0x00,
    0x02,0x00,0x00,0x00,0x00,0x00,0x00,0x00,0x00,0x00,0x00,0x00,0x00,0x00,0x00,0x00,0x5f,0x5f,0x75,0x6e,0x77,0x69,0x6e,0x64,
    0x5f,0x69,0x6e,0x66,0x6f,0x00,0x00,0x00,0x5f,0x5f,0x54,0x45,0x58,0x54,0x00,0x00,0x00,0x00,0x00,0x00,0x00,0x00,0x00,0x00,
    0x70,0x1f,0x00,0x00,0x00,0x00,0x00,0x00,0x84,0x00,0x00,0x00,0x00,0x00,0x00,0x00,0x70,0x1f,0x00,0x00,0x02,0x00,0x00,0x00,
    0x00,0x00,0x00,0x00,0x00,0x00,0x00,0x00,0x00,0x00,0x00,0x00,0x00,0x00,0x00,0x00,0x00,0x00,0x00,0x00,0x00,0x00,0x00,0x00,
    0x19,0x00,0x00,0x00,0x88,0x01,0x00,0x00,0x5f,0x5f,0x44,0x41,0x54,0x41,0x00,0x00,0x00,0x00,0x00,0x00,0x00,0x00,0x00,0x00,
    0x00,0x20,0x00,0x00,0x00,0x00,0x00,0x00,0x00,0x10,0x00,0x00,0x00,0x00,0x00,0x00,0x00,0x20,0x00,0x00,0x00,0x00,0x00,0x00,
    0x00,0x10,0x00,0x00,0x00,0x00,0x00,0x00,0x07,0x00,0x00,0x00,0x03,0x00,0x00,0x00,0x04,0x00,0x00,0x00,0x00,0x00,0x00,0x00,
    0x5f,0x5f,0x6e,0x6c,0x5f,0x73,0x79,0x6d,0x62,0x6f,0x6c,0x5f,0x70,0x74,0x72,0x00,0x5f,0x5f,0x44,0x41,0x54,0x41,0x00,0x00,
    0x00,0x00,0x00,0x00,0x00,0x00,0x00,0x00,0x00,0x20,0x00,0x00,0x00,0x00,0x00,0x00,0x10,0x00,0x00,0x00,0x00,0x00,0x00,0x00,
    0x00,0x20,0x00,0x00,0x03,0x00,0x00,0x00,0x00,0x00,0x00,0x00,0x00,0x00,0x00,0x00,0x06,0x00,0x00,0x00,0x07,0x00,0x00,0x00,
    0x00,0x00,0x00,0x00,0x00,0x00,0x00,0x00,0x5f,0x5f,0x67,0x6f,0x74,0x00,0x00,0x00,0x00,0x00,0x00,0x00,0x00,0x00,0x00,0x00,
    0x5f,0x5f,0x44,0x41,0x54,0x41,0x00,0x00,0x00,0x00,0x00,0x00,0x00,0x00,0x00,0x00,0x10,0x20,0x00,0x00,0x00,0x00,0x00,0x00,
    0x08,0x00,0x00,0x00,0x00,0x00,0x00,0x00,0x10,0x20,0x00,0x00,0x03,0x00,0x00,0x00,0x00,0x00,0x00,0x00,0x00,0x00,0x00,0x00,
    0x06,0x00,0x00,0x00,0x09,0x00,0x00,0x00,0x00,0x00,0x00,0x00,0x00,0x00,0x00,0x00,0x5f,0x5f,0x6c,0x61,0x5f,0x73,0x79,0x6d,
    0x62,0x6f,0x6c,0x5f,0x70,0x74,0x72,0x00,0x5f,0x5f,0x44,0x41,0x54,0x41,0x00,0x00,0x00,0x00,0x00,0x00,0x00,0x00,0x00,0x00,
    0x18,0x20,0x00,0x00,0x00,0x00,0x00,0x00,0x38,0x00,0x00,0x00,0x00,0x00,0x00,0x00,0x18,0x20,0x00,0x00,0x03,0x00,0x00,0x00,
    0x00,0x00,0x00,0x00,0x00,0x00,0x00,0x00,0x07,0x00,0x00,0x00,0x0a,0x00,0x00,0x00,0x00,0x00,0x00,0x00,0x00,0x00,0x00,0x00,
    0x5f,0x5f,0x63,0x6f,0x6d,0x6d,0x6f,0x6e,0x00,0x00,0x00,0x00,0x00,0x00,0x00,0x00,0x5f,0x5f,0x44,0x41,0x54,0x41,0x00,0x00,
    0x00,0x00,0x00,0x00,0x00,0x00,0x00,0x00,0x50,0x20,0x00,0x00,0x00,0x00,0x00,0x00,0x88,0x00,0x00,0x00,0x00,0x00,0x00,0x00,
    0x00,0x00,0x00,0x00,0x03,0x00,0x00,0x00,0x00,0x00,0x00,0x00,0x00,0x00,0x00,0x00,0x01,0x00,0x00,0x00,0x00,0x00,0x00,0x00,
    0x00,0x00,0x00,0x00,0x00,0x00,0x00,0x00,0x19,0x00,0x00,0x00,0x48,0x00,0x00,0x00,0x5f,0x5f,0x4c,0x49,0x4e,0x4b,0x45,0x44,
    0x49,0x54,0x00,0x00,0x00,0x00,0x00,0x00,0x00,0x30,0x00,0x00,0x00,0x00,0x00,0x00,0x00,0x30,0x00,0x00,0x00,0x00,0x00,0x00,
    0x00,0x30,0x00,0x00,0x00,0x00,0x00,0x00,0xc4,0x20,0x00,0x00,0x00,0x00,0x00,0x00,0x07,0x00,0x00,0x00,0x01,0x00,0x00,0x00,
    0x00,0x00,0x00,0x00,0x00,0x00,0x00,0x00,0x0d,0x00,0x00,0x00,0x70,0x00,0x00,0x00,0x18,0x00,0x00,0x00,0x01,0x00,0x00,0x00,
    0x00,0x00,0x00,0x00,0x00,0x00,0x00,0x00,0x2f,0x55,0x73,0x65,0x72,0x73,0x2f,0x67,0x6e,0x6f,0x64,0x65,0x74,0x2f,0x77,0x6f,
    0x72,0x6b,0x2f,0x67,0x69,0x74,0x2f,0x6a,0x61,0x6e,0x73,0x69,0x2d,0x6e,0x61,0x74,0x69,0x76,0x65,0x2f,0x74,0x61,0x72,0x67,
    0x65,0x74,0x2f,0x6e,0x61,0x74,0x69,0x76,0x65,0x2d,0x62,0x75,0x69,0x6c,0x64,0x2f,0x74,0x61,0x72,0x67,0x65,0x74,0x2f,0x6c,
    0x69,0x62,0x2f,0x6c,0x69,0x62,0x6a,0x61,0x6e,0x73,0x69,0x2d,0x31,0x2e,0x38,0x2e,0x6a,0x6e,0x69,0x6c,0x69,0x62,0x00,0x00,
    0x22,0x00,0x00,0x80,0x30,0x00,0x00,0x00,0x00,0x30,0x00,0x00,0x08,0x00,0x00,0x00,0x08,0x30,0x00,0x00,0x38,0x00,0x00,0x00,
    0x00,0x00,0x00,0x00,0x00,0x00,0x00,0x00,0x40,0x30,0x00,0x00,0x78,0x00,0x00,0x00,0xb8,0x30,0x00,0x00,0xc8,0x03,0x00,0x00,
    0x02,0x00,0x00,0x00,0x18,0x00,0x00,0x00,0xb0,0x34,0x00,0x00,0xc5,0x00,0x00,0x00,0x44,0x41,0x00,0x00,0x80,0x0f,0x00,0x00,
    0x0b,0x00,0x00,0x00,0x50,0x00,0x00,0x00,0x00,0x00,0x00,0x00,0x99,0x00,0x00,0x00,0x99,0x00,0x00,0x00,0x23,0x00,0x00,0x00,
    0xbc,0x00,0x00,0x00,0x09,0x00,0x00,0x00,0x00,0x00,0x00,0x00,0x00,0x00,0x00,0x00,0x00,0x00,0x00,0x00,0x00,0x00,0x00,0x00,
    0x00,0x00,0x00,0x00,0x00,0x00,0x00,0x00,0x00,0x41,0x00,0x00,0x11,0x00,0x00,0x00,0x00,0x00,0x00,0x00,0x00,0x00,0x00,0x00,
    0x00,0x00,0x00,0x00,0x00,0x00,0x00,0x00,0x1b,0x00,0x00,0x00,0x18,0x00,0x00,0x00,0xef,0x3a,0xe1,0xfa,0x0f,0xe0,0x3b,0xa7,
    0xa3,0xce,0x05,0xfc,0x83,0xa6,0x72,0xdf,0x24,0x00,0x00,0x00,0x10,0x00,0x00,0x00,0x00,0x0d,0x0a,0x00,0x00,0x0d,0x0a,0x00,
    0x2a,0x00,0x00,0x00,0x10,0x00,0x00,0x00,0x00,0x00,0x00,0x00,0x00,0x00,0x00,0x00,0x0c,0x00,0x00,0x00,0x38,0x00,0x00,0x00,
    0x18,0x00,0x00,0x00,0x02,0x00,0x00,0x00,0x00,0x00,0xe4,0x04,0x00,0x00,0x01,0x00,0x2f,0x75,0x73,0x72,0x2f,0x6c,0x69,0x62,
    0x2f,0x6c,0x69,0x62,0x53,0x79,0x73,0x74,0x65,0x6d,0x2e,0x42,0x2e,0x64,0x79,0x6c,0x69,0x62,0x00,0x00,0x00,0x00,0x00,0x00,
    0x26,0x00,0x00,0x00,0x10,0x00,0x00,0x00,0x80,0x34,0x00,0x00,0x30,0x00,0x00,0x00,0x29,0x00,0x00,0x00,0x10,0x00,0x00,0x00,
    0xb0,0x34,0x00,0x00,0x00,0x00,0x00,0x00,
];
#[cfg(test)]
const PREFIX_3: &[u8] = &[
    0xcf,0xfa,0xed,0xfe,0x07,0x00,0x00,0x01,0x03,0x00,0x00,0x00,0x06,0x00,0x00,0x00,0x10,0x00,0x00,0x00,0xd8,0x05,0x00,0x00,
    0x85,0x80,0x11,0x00,0x00,0x00,0x00,0x00,0x19,0x00,0x00,0x00,0xd8,0x01,0x00,0x00,0x5f,0x5f,0x54,0x45,0x58,0x54,0x00,0x00,
    0x00,0x00,0x00,0x00,0x00,0x00,0x00,0x00,0x00,0x00,0x00,0x00,0x00,0x00,0x00,0x00,0x00,0x20,0x00,0x00,0x00,0x00,0x00,0x00,
    0x00,0x00,0x00,0x00,0x00,0x00,0x00,0x00,0x00,0x20,0x00,0x00,0x00,0x00,0x00,0x00,0x05,0x00,0x00,0x00,0x05,0x00,0x00,0x00,
    0x05,0x00,0x00,0x00,0x00,0x00,0x00,0x00,0x5f,0x5f,0x74,0x65,0x78,0x74,0x00,0x00,0x00,0x00,0x00,0x00,0x00,0x00,0x00,0x00,
    0x5f,0x5f,0x54,0x45,0x58,0x54,0x00,0x00,0x00,0x00,0x00,0x00,0x00,0x00,0x00,0x00,0x10,0x10,0x00,0x00,0x00,0x00,0x00,0x00,
    0x46,0x0d,0x00,0x00,0x00,0x00,0x00,0x00,0x10,0x10,0x00,0x00,0x04,0x00,0x00,0x00,0x00,0x00,0x00,0x00,0x00,0x00,0x00,0x00,
    0x00,0x04,0x00,0x80,0x00,0x00,0x00,0x00,0x00,0x00,0x00,0x00,0x00,0x00,0x00,0x00,0x5f,0x5f,0x73,0x74,0x75,0x62,0x73,0x00,
    0x00,0x00,0x00,0x00,0x00,0x00,0x00,0x00,0x5f,0x5f,0x54,0x45,0x58,0x54,0x00,0x00,0x00,0x00,0x00,0x00,0x00,0x00,0x00,0x00,
    0x56,0x1d,0x00,0x00,0x00,0x00,0x00,0x00,0x8a,0x00,0x00,0x00,0x00,0x00,0x00,0x00,0x56,0x1d,0x00,0x00,0x01,0x00,0x00,0x00,
    0x00,0x00,0x00,0x00,0x00,0x00,0x00,0x00,0x08,0x04,0x00,0x80,0x00,0x00,0x00,0x00,0x06,0x00,0x00,0x00,0x00,0x00,0x00,0x00,
    0x5f,0x5f,0x73,0x74,0x75,0x62,0x5f,0x68,0x65,0x6c,0x70,0x65,0x72,0x00,0x00,0x00,0x5f,0x5f,0x54,0x45,0x58,0x54,0x00,0x00,
    0x00,0x00,0x00,0x00,0x00,0x00,0x00,0x00,0xe0,0x1d,0x00,0x00,0x00,0x00,0x00,0x00,0x7e,0x00,0x00,0x00,0x00,0x00,0x00,0x00,
    0xe0,0x1d,0x00,0x00,0x00,0x00,0x00,0x00,0x00,0x00,0x00,0x00,0x00,0x00,0x00,0x00,0x00,0x04,0x00,0x80,0x00,0x00,0x00,0x00,
    0x00,0x00,0x00,0x00,0x00,0x00,0x00,0x00,0x5f,0x5f,0x63,0x73,0x74,0x72,0x69,0x6e,0x67,0x00,0x00,0x00,0x00,0x00,0x00,0x00,
    0x5f,0x5f,0x54,0x45,0x58,0x54,0x00,0x00,0x00,0x00,0x00,0x00,0x00,0x00,0x00,0x00,0x5e,0x1e,0x00,0x00,0x00,0x00,0x00,0x00,
    0x3d,0x01,0x00,0x00,0x00,0x00,0x00,0x00,0x5e,0x1e,0x00,0x00,0x00,0x00,0x00,0x00,0x00,0x00,0x00,0x00,0x00,0x00,0x00,0x00,
    0x02,0x00,0x00,0x00,0x00,0x00,0x00,0x00,0x00,0x00,0x00,0x00,0x00,0x00,0x00,0x00,0x5f,0x5f,0x75,0x6e,0x77,0x69,0x6e,0x64,
    0x5f,0x69,0x6e,0x66,0x6f,0x00,0x00,0x00,0x5f,0x5f,0x54,0x45,0x58,0x54,0x00,0x00,0x00,0x00,0x00,0x00,0x00,0x00,0x00,0x00,
    0x9c,0x1f,0x00,0x00,0x00,0x00,0x00,0x00,0x58,0x00,0x00,0x00,0x00,0x00,0x00,0x00,0x9c,0x1f,0x00,0x00,0x02,0x00,0x00,0x00,
    0x00,0x00,0x00,0x00,0x00,0x00,0x00,0x00,0x00,0x00,0x00,0x00,0x00,0x00,0x00,0x00,0x00,0x00,0x00,0x00,0x00,0x00,0x00,0x00,
    0x19,0x00,0x00,0x00,0x88,0x01,0x00,0x00,0x5f,0x5f,0x44,0x41,0x54,0x41,0x00,0x00,0x00,0x00,0x00,0x00,0x00,0x00,0x00,0x00,
    0x00,0x20,0x00,0x00,0x00,0x00,0x00,0x00,0x00,0x10,0x00,0x00,0x00,0x00,0x00,0x00,0x00,0x20,0x00,0x00,0x00,0x00,0x00,0x00,
    0x00,0x10,0x00,0x00,0x00,0x00,0x00,0x00,0x03,0x00,0x00,0x00,0x03,0x00,0x00,0x00,0x04,0x00,0x00,0x00,0x00,0x00,0x00,0x00,
    0x5f,0x5f,0x67,0x6f,0x74,0x00,0x00,0x00,0x00,0x00,0x00,0x00,0x00,0x00,0x00,0x00,0x5f,0x5f,0x44,0x41,0x54,0x41,0x00,0x00,
    0x00,0x00,0x00,0x00,0x00,0x00,0x00,0x00,0x00,0x20,0x00,0x00,0x00,0x00,0x00,0x00,0x70,0x00,0x00,0x00,0x00,0x00,0x00,0x00,
    0x00,0x20,0x00,0x00,0x03,0x00,0x00,0x00,0x00,0x00,0x00,0x00,0x00,0x00,0x00,0x00,0x06,0x00,0x00,0x00,0x17,0x00,0x00,0x00,
    0x00,0x00,0x00,0x00,0x00,0x00,0x00,0x00,0x5f,0x5f,0x6c,0x61,0x5f,0x73,0x79,0x6d,0x62,0x6f,0x6c,0x5f,0x70,0x74,0x72,0x00,
    0x5f,0x5f,0x44,0x41,0x54,0x41,0x00,0x00,0x00,0x00,0x00,0x00,0x00,0x00,0x00,0x00,0x70,0x20,0x00,0x00,0x00,0x00,0x00,0x00,
    0x58,0x00,0x00,0x00,0x00,0x00,0x00,0x00,0x70,0x20,0x00,0x00,0x03,0x00,0x00,0x00,0x00,0x00,0x00,0x00,0x00,0x00,0x00,0x00,
    0x07,0x00,0x00,0x00,0x25,0x00,0x00,0x00,0x00,0x00,0x00,0x00,0x00,0x00,0x00,0x00,0x5f,0x5f,0x64,0x61,0x74,0x61,0x00,0x00,
    0x00,0x00,0x00,0x00,0x00,0x00,0x00,0x00,0x5f,0x5f,0x44,0x41,0x54,0x41,0x00,0x00,0x00,0x00,0x00,0x00,0x00,0x00,0x00,0x00,
    0xc8,0x20,0x00,0x00,0x00,0x00,0x00,0x00,0x08,0x00,0x00,0x00,0x00,0x00,0x00,0x00,0xc8,0x20,0x00,0x00,0x03,0x00,0x00,0x00,
    0x00,0x00,0x00,0x00,0x00,0x00,0x00,0x00,0x00,0x00,0x00,0x00,0x00,0x00,0x00,0x00,0x00,0x00,0x00,0x00,0x00,0x00,0x00,0x00,
    0x5f,0x5f,0x63,0x6f,0x6d,0x6d,0x6f,0x6e,0x00,0x00,0x00,0x00,0x00,0x00,0x00,0x00,0x5f,0x5f,0x44,0x41,0x54,0x41,0x00,0x00,
    0x00,0x00,0x00,0x00,0x00,0x00,0x00,0x00,0xd0,0x20,0x00,0x00,0x00,0x00,0x00,0x00,0x24,0x00,0x00,0x00,0x00,0x00,0x00,0x00,
    0x00,0x00,0x00,0x00,0x04,0x00,0x00,0x00,0x00,0x00,0x00,0x00,0x00,0x00,0x00,0x00,0x01,0x00,0x00,0x00,0x00,0x00,0x00,0x00,
    0x00,0x00,0x00,0x00,0x00,0x00,0x00,0x00,0x19,0x00,0x00,0x00,0x48,0x00,0x00,0x00,0x5f,0x5f,0x4c,0x49,0x4e,0x4b,0x45,0x44,
    0x49,0x54,0x00,0x00,0x00,0x00,0x00,0x00,0x00,0x30,0x00,0x00,0x00,0x00,0x00,0x00,0x00,0x20,0x00,0x00,0x00,0x00,0x00,0x00,
    0x00,0x30,0x00,0x00,0x00,0x00,0x00,0x00,0x48,0x15,0x00,0x00,0x00,0x00,0x00,0x00,0x01,0x00,0x00,0x00,0x01,0x00,0x00,0x00,
    0x00,0x00,0x00,0x00,0x00,0x00,0x00,0x00,0x0d,0x00,0x00,0x00,0x38,0x00,0x00,0x00,0x18,0x00,0x00,0x00,0x01,0x00,0x00,0x00,
    0x00,0x00,0x00,0x00,0x00,0x00,0x00,0x00,0x6c,0x69,0x62,0x6e,0x61,0x74,0x69,0x76,0x65,0x2d,0x70,0x6c,0x61,0x74,0x66,0x6f,
    0x72,0x6d,0x2d,0x63,0x75,0x72,0x73,0x65,0x73,0x2e,0x64,0x79,0x6c,0x69,0x62,0x00,0x22,0x00,0x00,0x80,0x30,0x00,0x00,0x00,
    0x00,0x30,0x00,0x00,0x08,0x00,0x00,0x00,0x08,0x30,0x00,0x00,0x30,0x00,0x00,0x00,0x38,0x30,0x00,0x00,0x28,0x02,0x00,0x00,
    0x60,0x32,0x00,0x00,0xb0,0x00,0x00,0x00,0x10,0x33,0x00,0x00,0xe8,0x04,0x00,0x00,0x02,0x00,0x00,0x00,0x18,0x00,0x00,0x00,
    0x30,0x38,0x00,0x00,0x3a,0x00,0x00,0x00,0x90,0x3c,0x00,0x00,0xb8,0x08,0x00,0x00,0x0b,0x00,0x00,0x00,0x50,0x00,0x00,0x00,
    0x00,0x00,0x00,0x00,0x01,0x00,0x00,0x00,0x01,0x00,0x00,0x00,0x2c,0x00,0x00,0x00,0x2d,0x00,0x00,0x00,0x0d,0x00,0x00,0x00,
    0x00,0x00,0x00,0x00,0x00,0x00,0x00,0x00,0x00,0x00,0x00,0x00,0x00,0x00,0x00,0x00,0x00,0x00,0x00,0x00,0x00,0x00,0x00,0x00,
    0xd0,0x3b,0x00,0x00,0x30,0x00,0x00,0x00,0x00,0x00,0x00,0x00,0x00,0x00,0x00,0x00,0x00,0x00,0x00,0x00,0x00,0x00,0x00,0x00,
    0x1b,0x00,0x00,0x00,0x18,0x00,0x00,0x00,0xbd,0xf7,0xa6,0x18,0x98,0xaa,0x34,0x4a,0xa0,0x5f,0x5e,0x16,0xb7,0x60,0x1d,0x34,
    0x24,0x00,0x00,0x00,0x10,0x00,0x00,0x00,0x00,0x0d,0x0a,0x00,0x00,0x02,0x0f,0x00,0x2a,0x00,0x00,0x00,0x10,0x00,0x00,0x00,
    0x00,0x00,0x00,0x00,0x00,0x00,0x00,0x00,0x0c,0x00,0x00,0x00,0x68,0x00,0x00,0x00,0x18,0x00,0x00,0x00,0x02,0x00,0x00,0x00,
    0x00,0x00,0xca,0x04,0x00,0x00,0x01,0x00,0x2f,0x53,0x79,0x73,0x74,0x65,0x6d,0x2f,0x4c,0x69,0x62,0x72,0x61,0x72,0x79,0x2f,
    0x46,0x72,0x61,0x6d,0x65,0x77,0x6f,0x72,0x6b,0x73,0x2f,0x43,0x6f,0x72,0x65,0x53,0x65,0x72,0x76,0x69,0x63,0x65,0x73,0x2e,
    0x66,0x72,0x61,0x6d,0x65,0x77,0x6f,0x72,0x6b,0x2f,0x56,0x65,0x72,0x73,0x69,0x6f,0x6e,0x73,0x2f,0x41,0x2f,0x43,0x6f,0x72,
    0x65,0x53,0x65,0x72,0x76,0x69,0x63,0x65,0x73,0x00,0x00,0x00,0x00,0x00,0x00,0x00,0x0c,0x00,0x00,0x00,0x38,0x00,0x00,0x00,
    0x18,0x00,0x00,0x00,0x02,0x00,0x00,0x00,0x00,0x04,0x05,0x00,0x00,0x04,0x05,0x00,0x2f,0x75,0x73,0x72,0x2f,0x6c,0x69,0x62,
    0x2f,0x6c,0x69,0x62,0x6e,0x63,0x75,0x72,0x73,0x65,0x73,0x2e,0x35,0x2e,0x34,0x2e,0x64,0x79,0x6c,0x69,0x62,0x00,0x00,0x00,
    0x0c,0x00,0x00,0x00,0x30,0x00,0x00,0x00,0x18,0x00,0x00,0x00,0x02,0x00,0x00,0x00,0x00,0x69,0x08,0x07,0x00,0x00,0x01,0x00,
    0x2f,0x75,0x73,0x72,0x2f,0x6c,0x69,0x62,0x2f,0x6c,0x69,0x62,0x63,0x2b,0x2b,0x2e,0x31,0x2e,0x64,0x79,0x6c,0x69,0x62,0x00,
    0x0c,0x00,0x00,0x00,0x38,0x00,0x00,0x00,0x18,0x00,0x00,0x00,0x02,0x00,0x00,0x00,0x00,0x00,0x47,0x05,0x00,0x00,0x01,0x00,
    0x2f,0x75,0x73,0x72,0x2f,0x6c,0x69,0x62,0x2f,0x6c,0x69,0x62,0x53,0x79,0x73,0x74,0x65,0x6d,0x2e,0x42,0x2e,0x64,0x79,0x6c,
    0x69,0x62,0x00,0x00,0x00,0x00,0x00,0x00,0x26,0x00,0x00,0x00,0x10,0x00,0x00,0x00,0xf8,0x37,0x00,0x00,0x38,0x00,0x00,0x00,
    0x29,0x00,0x00,0x00,0x10,0x00,0x00,0x00,0x30,0x38,0x00,0x00,0x00,0x00,0x00,0x00,0x00,0x00,0x00,0x00,0x00,0x00,0x00,0x00,
    0x00,0x00,0x00,0x00,0x00,0x00,0x00,0x00,0x00,0x00,0x00,0x00,0x00,0x00,0x00,0x00,0x00,0x00,0x00,0x00,0x00,0x00,0x00,0x00,
    0x00,0x00,0x00,0x00,0x00,0x00,0x00,0x00,0x00,0x00,0x00,0x00,0x00,0x00,0x00,0x00,0x00,0x00,0x00,0x00,0x00,0x00,0x00,0x00,
    0x00,0x00,0x00,0x00,0x00,0x00,0x00,0x00,0x00,0x00,0x00,0x00,0x00,0x00,0x00,0x00,0x00,0x00,0x00,0x00,0x00,0x00,0x00,0x00,
    0x00,0x00,0x00,0x00,0x00,0x00,0x00,0x00,0x00,0x00,0x00,0x00,0x00,0x00,0x00,0x00,0x00,0x00,0x00,0x00,0x00,0x00,0x00,0x00,
    0x00,0x00,0x00,0x00,0x00,0x00,0x00,0x00,0x00,0x00,0x00,0x00,0x00,0x00,0x00,0x00,0x00,0x00,0x00,0x00,0x00,0x00,0x00,0x00,
    0x00,0x00,0x00,0x00,0x00,0x00,0x00,0x00,0x00,0x00,0x00,0x00,0x00,0x00,0x00,0x00,0x00,0x00,0x00,0x00,0x00,0x00,0x00,0x00,
    0x00,0x00,0x00,0x00,0x00,0x00,0x00,0x00,0x00,0x00,0x00,0x00,0x00,0x00,0x00,0x00,0x00,0x00,0x00,0x00,0x00,0x00,0x00,0x00,
    0x00,0x00,0x00,0x00,0x00,0x00,0x00,0x00,0x00,0x00,0x00,0x00,0x00,0x00,0x00,0x00,0x00,0x00,0x00,0x00,0x00,0x00,0x00,0x00,
    0x00,0x00,0x00,0x00,0x00,0x00,0x00,0x00,0x00,0x00,0x00,0x00,0x00,0x00,0x00,0x00,0x00,0x00,0x00,0x00,0x00,0x00,0x00,0x00,
    0x00,0x00,0x00,0x00,0x00,0x00,0x00,0x00,0x00,0x00,0x00,0x00,0x00,0x00,0x00,0x00,0x00,0x00,0x00,0x00,0x00,0x00,0x00,0x00,
    0x00,0x00,0x00,0x00,0x00,0x00,0x00,0x00,0x00,0x00,0x00,0x00,0x00,0x00,0x00,0x00,0x00,0x00,0x00,0x00,0x00,0x00,0x00,0x00,
    0x00,0x00,0x00,0x00,0x00,0x00,0x00,0x00,0x00,0x00,0x00,0x00,0x00,0x00,0x00,0x00,0x00,0x00,0x00,0x00,0x00,0x00,0x00,0x00,
    0x00,0x00,0x00,0x00,0x00,0x00,0x00,0x00,0x00,0x00,0x00,0x00,0x00,0x00,0x00,0x00,0x00,0x00,0x00,0x00,0x00,0x00,0x00,0x00,
    0x00,0x00,0x00,0x00,0x00,0x00,0x00,0x00,0x00,0x00,0x00,0x00,0x00,0x00,0x00,0x00,0x00,0x00,0x00,0x00,0x00,0x00,0x00,0x00,
    0x00,0x00,0x00,0x00,0x00,0x00,0x00,0x00,0x00,0x00,0x00,0x00,0x00,0x00,0x00,0x00,0x00,0x00,0x00,0x00,0x00,0x00,0x00,0x00,
    0x00,0x00,0x00,0x00,0x00,0x00,0x00,0x00,0x00,0x00,0x00,0x00,0x00,0x00,0x00,0x00,0x00,0x00,0x00,0x00,0x00,0x00,0x00,0x00,
    0x00,0x00,0x00,0x00,0x00,0x00,0x00,0x00,0x00,0x00,0x00,0x00,0x00,0x00,0x00,0x00,0x00,0x00,0x00,0x00,0x00,0x00,0x00,0x00,
    0x00,0x00,0x00,0x00,0x00,0x00,0x00,0x00,0x00,0x00,0x00,0x00,0x00,0x00,0x00,0x00,0x00,0x00,0x00,0x00,0x00,0x00,0x00,0x00,
    0x00,0x00,0x00,0x00,0x00,0x00,0x00,0x00,0x00,0x00,0x00,0x00,0x00,0x00,0x00,0x00,0x00,0x00,0x00,0x00,0x00,0x00,0x00,0x00,
    0x00,0x00,0x00,0x00,0x00,0x00,0x00,0x00,0x00,0x00,0x00,0x00,0x00,0x00,0x00,0x00,0x00,0x00,0x00,0x00,0x00,0x00,0x00,0x00,
    0x00,0x00,0x00,0x00,0x00,0x00,0x00,0x00,0x00,0x00,0x00,0x00,0x00,0x00,0x00,0x00,0x00,0x00,0x00,0x00,0x00,0x00,0x00,0x00,
    0x00,0x00,0x00,0x00,0x00,0x00,0x00,0x00,0x00,0x00,0x00,0x00,0x00,0x00,0x00,0x00,0x00,0x00,0x00,0x00,0x00,0x00,0x00,0x00,
    0x00,0x00,0x00,0x00,0x00,0x00,0x00,0x00,0x00,0x00,0x00,0x00,0x00,0x00,0x00,0x00,0x00,0x00,0x00,0x00,0x00,0x00,0x00,0x00,
    0x00,0x00,0x00,0x00,0x00,0x00,0x00,0x00,0x00,0x00,0x00,0x00,0x00,0x00,0x00,0x00,0x00,0x00,0x00,0x00,0x00,0x00,0x00,0x00,
    0x00,0x00,0x00,0x00,0x00,0x00,0x00,0x00,0x00,0x00,0x00,0x00,0x00,0x00,0x00,0x00,0x00,0x00,0x00,0x00,0x00,0x00,0x00,0x00,
    0x00,0x00,0x00,0x00,0x00,0x00,0x00,0x00,0x00,0x00,0x00,0x00,0x00,0x00,0x00,0x00,0x00,0x00,0x00,0x00,0x00,0x00,0x00,0x00,
    0x00,0x00,0x00,0x00,0x00,0x00,0x00,0x00,0x00,0x00,0x00,0x00,0x00,0x00,0x00,0x00,0x00,0x00,0x00,0x00,0x00,0x00,0x00,0x00,
    0x00,0x00,0x00,0x00,0x00,0x00,0x00,0x00,0x00,0x00,0x00,0x00,0x00,0x00,0x00,0x00,0x00,0x00,0x00,0x00,0x00,0x00,0x00,0x00,
    0x00,0x00,0x00,0x00,0x00,0x00,0x00,0x00,0x00,0x00,0x00,0x00,0x00,0x00,0x00,0x00,0x00,0x00,0x00,0x00,0x00,0x00,0x00,0x00,
    0x00,0x00,0x00,0x00,0x00,0x00,0x00,0x00,0x00,0x00,0x00,0x00,0x00,0x00,0x00,0x00,0x00,0x00,0x00,0x00,0x00,0x00,0x00,0x00,
    0x00,0x00,0x00,0x00,0x00,0x00,0x00,0x00,0x00,0x00,0x00,0x00,0x00,0x00,0x00,0x00,0x00,0x00,0x00,0x00,0x00,0x00,0x00,0x00,
    0x00,0x00,0x00,0x00,0x00,0x00,0x00,0x00,0x00,0x00,0x00,0x00,0x00,0x00,0x00,0x00,0x00,0x00,0x00,0x00,0x00,0x00,0x00,0x00,
    0x00,0x00,0x00,0x00,0x00,0x00,0x00,0x00,0x00,0x00,0x00,0x00,0x00,0x00,0x00,0x00,0x00,0x00,0x00,0x00,0x00,0x00,0x00,0x00,
    0x00,0x00,0x00,0x00,0x00,0x00,0x00,0x00,0x00,0x00,0x00,0x00,0x00,0x00,0x00,0x00,0x00,0x00,0x00,0x00,0x00,0x00,0x00,0x00,
    0x00,0x00,0x00,0x00,0x00,0x00,0x00,0x00,0x00,0x00,0x00,0x00,0x00,0x00,0x00,0x00,0x00,0x00,0x00,0x00,0x00,0x00,0x00,0x00,
    0x00,0x00,0x00,0x00,0x00,0x00,0x00,0x00,0x00,0x00,0x00,0x00,0x00,0x00,0x00,0x00,0x00,0x00,0x00,0x00,0x00,0x00,0x00,0x00,
    0x00,0x00,0x00,0x00,0x00,0x00,0x00,0x00,0x00,0x00,0x00,0x00,0x00,0x00,0x00,0x00,0x00,0x00,0x00,0x00,0x00,0x00,0x00,0x00,
    0x00,0x00,0x00,0x00,0x00,0x00,0x00,0x00,0x00,0x00,0x00,0x00,0x00,0x00,0x00,0x00,0x00,0x00,0x00,0x00,0x00,0x00,0x00,0x00,
    0x00,0x00,0x00,0x00,0x00,0x00,0x00,0x00,0x00,0x00,0x00,0x00,0x00,0x00,0x00,0x00,0x00,0x00,0x00,0x00,0x00,0x00,0x00,0x00,
    0x00,0x00,0x00,0x00,0x00,0x00,0x00,0x00,0x00,0x00,0x00,0x00,0x00,0x00,0x00,0x00,0x00,0x00,0x00,0x00,0x00,0x00,0x00,0x00,
    0x00,0x00,0x00,0x00,0x00,0x00,0x00,0x00,0x00,0x00,0x00,0x00,0x00,0x00,0x00,0x00,0x00,0x00,0x00,0x00,0x00,0x00,0x00,0x00,
    0x00,0x00,0x00,0x00,0x00,0x00,0x00,0x00,0x00,0x00,0x00,0x00,0x00,0x00,0x00,0x00,0x00,0x00,0x00,0x00,0x00,0x00,0x00,0x00,
    0x00,0x00,0x00,0x00,0x00,0x00,0x00,0x00,0x00,0x00,0x00,0x00,0x00,0x00,0x00,0x00,0x00,0x00,0x00,0x00,0x00,0x00,0x00,0x00,
    0x00,0x00,0x00,0x00,0x00,0x00,0x00,0x00,0x00,0x00,0x00,0x00,0x00,0x00,0x00,0x00,0x00,0x00,0x00,0x00,0x00,0x00,0x00,0x00,
    0x00,0x00,0x00,0x00,0x00,0x00,0x00,0x00,0x00,0x00,0x00,0x00,0x00,0x00,0x00,0x00,0x00,0x00,0x00,0x00,0x00,0x00,0x00,0x00,
    0x00,0x00,0x00,0x00,0x00,0x00,0x00,0x00,0x00,0x00,0x00,0x00,0x00,0x00,0x00,0x00,0x00,0x00,0x00,0x00,0x00,0x00,0x00,0x00,
    0x00,0x00,0x00,0x00,0x00,0x00,0x00,0x00,0x00,0x00,0x00,0x00,0x00,0x00,0x00,0x00,0x00,0x00,0x00,0x00,0x00,0x00,0x00,0x00,
    0x00,0x00,0x00,0x00,0x00,0x00,0x00,0x00,0x00,0x00,0x00,0x00,0x00,0x00,0x00,0x00,0x00,0x00,0x00,0x00,0x00,0x00,0x00,0x00,
    0x00,0x00,0x00,0x00,0x00,0x00,0x00,0x00,0x00,0x00,0x00,0x00,0x00,0x00,0x00,0x00,0x00,0x00,0x00,0x00,0x00,0x00,0x00,0x00,
    0x00,0x00,0x00,0x00,0x00,0x00,0x00,0x00,0x00,0x00,0x00,0x00,0x00,0x00,0x00,0x00,0x00,0x00,0x00,0x00,0x00,0x00,0x00,0x00,
    0x00,0x00,0x00,0x00,0x00,0x00,0x00,0x00,0x00,0x00,0x00,0x00,0x00,0x00,0x00,0x00,0x00,0x00,0x00,0x00,0x00,0x00,0x00,0x00,
    0x00,0x00,0x00,0x00,0x00,0x00,0x00,0x00,0x00,0x00,0x00,0x00,0x00,0x00,0x00,0x00,0x00,0x00,0x00,0x00,0x00,0x00,0x00,0x00,
    0x00,0x00,0x00,0x00,0x00,0x00,0x00,0x00,0x00,0x00,0x00,0x00,0x00,0x00,0x00,0x00,0x00,0x00,0x00,0x00,0x00,0x00,0x00,0x00,
    0x00,0x00,0x00,0x00,0x00,0x00,0x00,0x00,0x00,0x00,0x00,0x00,0x00,0x00,0x00,0x00,0x00,0x00,0x00,0x00,0x00,0x00,0x00,0x00,
    0x00,0x00,0x00,0x00,0x00,0x00,0x00,0x00,0x00,0x00,0x00,0x00,0x00,0x00,0x00,0x00,0x00,0x00,0x00,0x00,0x00,0x00,0x00,0x00,
    0x00,0x00,0x00,0x00,0x00,0x00,0x00,0x00,0x00,0x00,0x00,0x00,0x00,0x00,0x00,0x00,0x00,0x00,0x00,0x00,0x00,0x00,0x00,0x00,
    0x00,0x00,0x00,0x00,0x00,0x00,0x00,0x00,0x00,0x00,0x00,0x00,0x00,0x00,0x00,0x00,0x00,0x00,0x00,0x00,0x00,0x00,0x00,0x00,
    0x00,0x00,0x00,0x00,0x00,0x00,0x00,0x00,0x00,0x00,0x00,0x00,0x00,0x00,0x00,0x00,0x00,0x00,0x00,0x00,0x00,0x00,0x00,0x00,
    0x00,0x00,0x00,0x00,0x00,0x00,0x00,0x00,0x00,0x00,0x00,0x00,0x00,0x00,0x00,0x00,0x00,0x00,0x00,0x00,0x00,0x00,0x00,0x00,
    0x00,0x00,0x00,0x00,0x00,0x00,0x00,0x00,0x00,0x00,0x00,0x00,0x00,0x00,0x00,0x00,0x00,0x00,0x00,0x00,0x00,0x00,0x00,0x00,
    0x00,0x00,0x00,0x00,0x00,0x00,0x00,0x00,0x00,0x00,0x00,0x00,0x00,0x00,0x00,0x00,0x00,0x00,0x00,0x00,0x00,0x00,0x00,0x00,
    0x00,0x00,0x00,0x00,0x00,0x00,0x00,0x00,0x00,0x00,0x00,0x00,0x00,0x00,0x00,0x00,0x00,0x00,0x00,0x00,0x00,0x00,0x00,0x00,
    0x00,0x00,0x00,0x00,0x00,0x00,0x00,0x00,0x00,0x00,0x00,0x00,0x00,0x00,0x00,0x00,0x00,0x00,0x00,0x00,0x00,0x00,0x00,0x00,
    0x00,0x00,0x00,0x00,0x00,0x00,0x00,0x00,0x00,0x00,0x00,0x00,0x00,0x00,0x00,0x00,0x00,0x00,0x00,0x00,0x00,0x00,0x00,0x00,
    0x00,0x00,0x00,0x00,0x00,0x00,0x00,0x00,0x00,0x00,0x00,0x00,0x00,0x00,0x00,0x00,0x00,0x00,0x00,0x00,0x00,0x00,0x00,0x00,
    0x00,0x00,0x00,0x00,0x00,0x00,0x00,0x00,0x00,0x00,0x00,0x00,0x00,0x00,0x00,0x00,0x00,0x00,0x00,0x00,0x00,0x00,0x00,0x00,
    0x00,0x00,0x00,0x00,0x00,0x00,0x00,0x00,0x00,0x00,0x00,0x00,0x00,0x00,0x00,0x00,0x00,0x00,0x00,0x00,0x00,0x00,0x00,0x00,
    0x00,0x00,0x00,0x00,0x00,0x00,0x00,0x00,0x00,0x00,0x00,0x00,0x00,0x00,0x00,0x00,0x00,0x00,0x00,0x00,0x00,0x00,0x00,0x00,
    0x00,0x00,0x00,0x00,0x00,0x00,0x00,0x00,0x00,0x00,0x00,0x00,0x00,0x00,0x00,0x00,0x00,0x00,0x00,0x00,0x00,0x00,0x00,0x00,
    0x00,0x00,0x00,0x00,0x00,0x00,0x00,0x00,0x00,0x00,0x00,0x00,0x00,0x00,0x00,0x00,0x00,0x00,0x00,0x00,0x00,0x00,0x00,0x00,
    0x00,0x00,0x00,0x00,0x00,0x00,0x00,0x00,0x00,0x00,0x00,0x00,0x00,0x00,0x00,0x00,0x00,0x00,0x00,0x00,0x00,0x00,0x00,0x00,
    0x00,0x00,0x00,0x00,0x00,0x00,0x00,0x00,0x00,0x00,0x00,0x00,0x00,0x00,0x00,0x00,0x00,0x00,0x00,0x00,0x00,0x00,0x00,0x00,
    0x00,0x00,0x00,0x00,0x00,0x00,0x00,0x00,0x00,0x00,0x00,0x00,0x00,0x00,0x00,0x00,0x00,0x00,0x00,0x00,0x00,0x00,0x00,0x00,
    0x00,0x00,0x00,0x00,0x00,0x00,0x00,0x00,0x00,0x00,0x00,0x00,0x00,0x00,0x00,0x00,0x00,0x00,0x00,0x00,0x00,0x00,0x00,0x00,
    0x00,0x00,0x00,0x00,0x00,0x00,0x00,0x00,0x00,0x00,0x00,0x00,0x00,0x00,0x00,0x00,0x00,0x00,0x00,0x00,0x00,0x00,0x00,0x00,
    0x00,0x00,0x00,0x00,0x00,0x00,0x00,0x00,0x00,0x00,0x00,0x00,0x00,0x00,0x00,0x00,0x00,0x00,0x00,0x00,0x00,0x00,0x00,0x00,
    0x00,0x00,0x00,0x00,0x00,0x00,0x00,0x00,0x00,0x00,0x00,0x00,0x00,0x00,0x00,0x00,0x00,0x00,0x00,0x00,0x00,0x00,0x00,0x00,
    0x00,0x00,0x00,0x00,0x00,0x00,0x00,0x00,0x00,0x00,0x00,0x00,0x00,0x00,0x00,0x00,0x00,0x00,0x00,0x00,0x00,0x00,0x00,0x00,
    0x00,0x00,0x00,0x00,0x00,0x00,0x00,0x00,0x00,0x00,0x00,0x00,0x00,0x00,0x00,0x00,0x00,0x00,0x00,0x00,0x00,0x00,0x00,0x00,
    0x00,0x00,0x00,0x00,0x00,0x00,0x00,0x00,0x00,0x00,0x00,0x00,0x00,0x00,0x00,0x00,0x00,0x00,0x00,0x00,0x00,0x00,0x00,0x00,
    0x00,0x00,0x00,0x00,0x00,0x00,0x00,0x00,0x00,0x00,0x00,0x00,0x00,0x00,0x00,0x00,0x00,0x00,0x00,0x00,0x00,0x00,0x00,0x00,
    0x00,0x00,0x00,0x00,0x00,0x00,0x00,0x00,0x00,0x00,0x00,0x00,0x00,0x00,0x00,0x00,0x00,0x00,0x00,0x00,0x00,0x00,0x00,0x00,
    0x00,0x00,0x00,0x00,0x00,0x00,0x00,0x00,0x00,0x00,0x00,0x00,0x00,0x00,0x00,0x00,0x00,0x00,0x00,0x00,0x00,0x00,0x00,0x00,
    0x00,0x00,0x00,0x00,0x00,0x00,0x00,0x00,0x00,0x00,0x00,0x00,0x00,0x00,0x00,0x00,0x00,0x00,0x00,0x00,0x00,0x00,0x00,0x00,
    0x00,0x00,0x00,0x00,0x00,0x00,0x00,0x00,0x00,0x00,0x00,0x00,0x00,0x00,0x00,0x00,0x00,0x00,0x00,0x00,0x00,0x00,0x00,0x00,
    0x00,0x00,0x00,0x00,0x00,0x00,0x00,0x00,0x00,0x00,0x00,0x00,0x00,0x00,0x00,0x00,0x00,0x00,0x00,0x00,0x00,0x00,0x00,0x00,
    0x00,0x00,0x00,0x00,0x00,0x00,0x00,0x00,0x00,0x00,0x00,0x00,0x00,0x00,0x00,0x00,0x00,0x00,0x00,0x00,0x00,0x00,0x00,0x00,
    0x00,0x00,0x00,0x00,0x00,0x00,0x00,0x00,0x00,0x00,0x00,0x00,0x00,0x00,0x00,0x00,0x00,0x00,0x00,0x00,0x00,0x00,0x00,0x00,
    0x00,0x00,0x00,0x00,0x00,0x00,0x00,0x00,0x00,0x00,0x00,0x00,0x00,0x00,0x00,0x00,0x00,0x00,0x00,0x00,0x00,0x00,0x00,0x00,
    0x00,0x00,0x00,0x00,0x00,0x00,0x00,0x00,0x00,0x00,0x00,0x00,0x00,0x00,0x00,0x00,0x00,0x00,0x00,0x00,0x00,0x00,0x00,0x00,
    0x00,0x00,0x00,0x00,0x00,0x00,0x00,0x00,0x00,0x00,0x00,0x00,0x00,0x00,0x00,0x00,0x00,0x00,0x00,0x00,0x00,0x00,0x00,0x00,
    0x00,0x00,0x00,0x00,0x00,0x00,0x00,0x00,0x00,0x00,0x00,0x00,0x00,0x00,0x00,0x00,0x00,0x00,0x00,0x00,0x00,0x00,0x00,0x00,
    0x00,0x00,0x00,0x00,0x00,0x00,0x00,0x00,0x00,0x00,0x00,0x00,0x00,0x00,0x00,0x00,0x00,0x00,0x00,0x00,0x00,0x00,0x00,0x00,
    0x00,0x00,0x00,0x00,0x00,0x00,0x00,0x00,0x00,0x00,0x00,0x00,0x00,0x00,0x00,0x00,0x00,0x00,0x00,0x00,0x00,0x00,0x00,0x00,
    0x00,0x00,0x00,0x00,0x00,0x00,0x00,0x00,0x00,0x00,0x00,0x00,0x00,0x00,0x00,0x00,0x00,0x00,0x00,0x00,0x00,0x00,0x00,0x00,
    0x00,0x00,0x00,0x00,0x00,0x00,0x00,0x00,0x00,0x00,0x00,0x00,0x00,0x00,0x00,0x00,0x00,0x00,0x00,0x00,0x00,0x00,0x00,0x00,
    0x00,0x00,0x00,0x00,0x00,0x00,0x00,0x00,0x00,0x00,0x00,0x00,0x00,0x00,0x00,0x00,0x00,0x00,0x00,0x00,0x00,0x00,0x00,0x00,
    0x00,0x00,0x00,0x00,0x00,0x00,0x00,0x00,0x00,0x00,0x00,0x00,0x00,0x00,0x00,0x00,0x00,0x00,0x00,0x00,0x00,0x00,0x00,0x00,
    0x00,0x00,0x00,0x00,0x00,0x00,0x00,0x00,0x00,0x00,0x00,0x00,0x00,0x00,0x00,0x00,0x00,0x00,0x00,0x00,0x00,0x00,0x00,0x00,
    0x00,0x00,0x00,0x00,0x00,0x00,0x00,0x00,0x00,0x00,0x00,0x00,0x00,0x00,0x00,0x00,0x00,0x00,0x00,0x00,0x00,0x00,0x00,0x00,
    0x00,0x00,0x00,0x00,0x00,0x00,0x00,0x00,0x00,0x00,0x00,0x00,0x00,0x00,0x00,0x00,0x00,0x00,0x00,0x00,0x00,0x00,0x00,0x00,
    0x00,0x00,0x00,0x00,0x00,0x00,0x00,0x00,0x00,0x00,0x00,0x00,0x00,0x00,0x00,0x00,0x00,0x00,0x00,0x00,0x00,0x00,0x00,0x00,
    0x00,0x00,0x00,0x00,0x00,0x00,0x00,0x00,0x00,0x00,0x00,0x00,0x00,0x00,0x00,0x00,0x00,0x00,0x00,0x00,0x00,0x00,0x00,0x00,
    0x00,0x00,0x00,0x00,0x00,0x00,0x00,0x00,0x00,0x00,0x00,0x00,0x00,0x00,0x00,0x00,0x00,0x00,0x00,0x00,0x00,0x00,0x00,0x00,
    0x00,0x00,0x00,0x00,0x00,0x00,0x00,0x00,0x00,0x00,0x00,0x00,0x00,0x00,0x00,0x00,0x00,0x00,0x00,0x00,0x00,0x00,0x00,0x00,
    0x00,0x00,0x00,0x00,0x00,0x00,0x00,0x00,0x00,0x00,0x00,0x00,0x00,0x00,0x00,0x00,0x00,0x00,0x00,0x00,0x00,0x00,0x00,0x00,
    0x00,0x00,0x00,0x00,0x00,0x00,0x00,0x00,0x00,0x00,0x00,0x00,0x00,0x00,0x00,0x00,
];
#[cfg(test)]
const COMMANDS_3: &[u8] = &[
    0xcf,0xfa,0xed,0xfe,0x07,0x00,0x00,0x01,0x03,0x00,0x00,0x00,0x06,0x00,0x00,0x00,0x10,0x00,0x00,0x00,0xd8,0x05,0x00,0x00,
    0x85,0x80,0x11,0x00,0x00,0x00,0x00,0x00,0x19,0x00,0x00,0x00,0xd8,0x01,0x00,0x00,0x5f,0x5f,0x54,0x45,0x58,0x54,0x00,0x00,
    0x00,0x00,0x00,0x00,0x00,0x00,0x00,0x00,0x00,0x00,0x00,0x00,0x00,0x00,0x00,0x00,0x00,0x20,0x00,0x00,0x00,0x00,0x00,0x00,
    0x00,0x00,0x00,0x00,0x00,0x00,0x00,0x00,0x00,0x20,0x00,0x00,0x00,0x00,0x00,0x00,0x05,0x00,0x00,0x00,0x05,0x00,0x00,0x00,
    0x05,0x00,0x00,0x00,0x00,0x00,0x00,0x00,0x5f,0x5f,0x74,0x65,0x78,0x74,0x00,0x00,0x00,0x00,0x00,0x00,0x00,0x00,0x00,0x00,
    0x5f,0x5f,0x54,0x45,0x58,0x54,0x00,0x00,0x00,0x00,0x00,0x00,0x00,0x00,0x00,0x00,0x10,0x10,0x00,0x00,0x00,0x00,0x00,0x00,
    0x46,0x0d,0x00,0x00,0x00,0x00,0x00,0x00,0x10,0x10,0x00,0x00,0x04,0x00,0x00,0x00,0x00,0x00,0x00,0x00,0x00,0x00,0x00,0x00,
    0x00,0x04,0x00,0x80,0x00,0x00,0x00,0x00,0x00,0x00,0x00,0x00,0x00,0x00,0x00,0x00,0x5f,0x5f,0x73,0x74,0x75,0x62,0x73,0x00,
    0x00,0x00,0x00,0x00,0x00,0x00,0x00,0x00,0x5f,0x5f,0x54,0x45,0x58,0x54,0x00,0x00,0x00,0x00,0x00,0x00,0x00,0x00,0x00,0x00,
    0x56,0x1d,0x00,0x00,0x00,0x00,0x00,0x00,0x8a,0x00,0x00,0x00,0x00,0x00,0x00,0x00,0x56,0x1d,0x00,0x00,0x01,0x00,0x00,0x00,
    0x00,0x00,0x00,0x00,0x00,0x00,0x00,0x00,0x08,0x04,0x00,0x80,0x00,0x00,0x00,0x00,0x06,0x00,0x00,0x00,0x00,0x00,0x00,0x00,
    0x5f,0x5f,0x73,0x74,0x75,0x62,0x5f,0x68,0x65,0x6c,0x70,0x65,0x72,0x00,0x00,0x00,0x5f,0x5f,0x54,0x45,0x58,0x54,0x00,0x00,
    0x00,0x00,0x00,0x00,0x00,0x00,0x00,0x00,0xe0,0x1d,0x00,0x00,0x00,0x00,0x00,0x00,0x7e,0x00,0x00,0x00,0x00,0x00,0x00,0x00,
    0xe0,0x1d,0x00,0x00,0x00,0x00,0x00,0x00,0x00,0x00,0x00,0x00,0x00,0x00,0x00,0x00,0x00,0x04,0x00,0x80,0x00,0x00,0x00,0x00,
    0x00,0x00,0x00,0x00,0x00,0x00,0x00,0x00,0x5f,0x5f,0x63,0x73,0x74,0x72,0x69,0x6e,0x67,0x00,0x00,0x00,0x00,0x00,0x00,0x00,
    0x5f,0x5f,0x54,0x45,0x58,0x54,0x00,0x00,0x00,0x00,0x00,0x00,0x00,0x00,0x00,0x00,0x5e,0x1e,0x00,0x00,0x00,0x00,0x00,0x00,
    0x3d,0x01,0x00,0x00,0x00,0x00,0x00,0x00,0x5e,0x1e,0x00,0x00,0x00,0x00,0x00,0x00,0x00,0x00,0x00,0x00,0x00,0x00,0x00,0x00,
    0x02,0x00,0x00,0x00,0x00,0x00,0x00,0x00,0x00,0x00,0x00,0x00,0x00,0x00,0x00,0x00,0x5f,0x5f,0x75,0x6e,0x77,0x69,0x6e,0x64,
    0x5f,0x69,0x6e,0x66,0x6f,0x00,0x00,0x00,0x5f,0x5f,0x54,0x45,0x58,0x54,0x00,0x00,0x00,0x00,0x00,0x00,0x00,0x00,0x00,0x00,
    0x9c,0x1f,0x00,0x00,0x00,0x00,0x00,0x00,0x58,0x00,0x00,0x00,0x00,0x00,0x00,0x00,0x9c,0x1f,0x00,0x00,0x02,0x00,0x00,0x00,
    0x00,0x00,0x00,0x00,0x00,0x00,0x00,0x00,0x00,0x00,0x00,0x00,0x00,0x00,0x00,0x00,0x00,0x00,0x00,0x00,0x00,0x00,0x00,0x00,
    0x19,0x00,0x00,0x00,0x88,0x01,0x00,0x00,0x5f,0x5f,0x44,0x41,0x54,0x41,0x00,0x00,0x00,0x00,0x00,0x00,0x00,0x00,0x00,0x00,
    0x00,0x20,0x00,0x00,0x00,0x00,0x00,0x00,0x00,0x10,0x00,0x00,0x00,0x00,0x00,0x00,0x00,0x20,0x00,0x00,0x00,0x00,0x00,0x00,
    0x00,0x10,0x00,0x00,0x00,0x00,0x00,0x00,0x03,0x00,0x00,0x00,0x03,0x00,0x00,0x00,0x04,0x00,0x00,0x00,0x00,0x00,0x00,0x00,
    0x5f,0x5f,0x67,0x6f,0x74,0x00,0x00,0x00,0x00,0x00,0x00,0x00,0x00,0x00,0x00,0x00,0x5f,0x5f,0x44,0x41,0x54,0x41,0x00,0x00,
    0x00,0x00,0x00,0x00,0x00,0x00,0x00,0x00,0x00,0x20,0x00,0x00,0x00,0x00,0x00,0x00,0x70,0x00,0x00,0x00,0x00,0x00,0x00,0x00,
    0x00,0x20,0x00,0x00,0x03,0x00,0x00,0x00,0x00,0x00,0x00,0x00,0x00,0x00,0x00,0x00,0x06,0x00,0x00,0x00,0x17,0x00,0x00,0x00,
    0x00,0x00,0x00,0x00,0x00,0x00,0x00,0x00,0x5f,0x5f,0x6c,0x61,0x5f,0x73,0x79,0x6d,0x62,0x6f,0x6c,0x5f,0x70,0x74,0x72,0x00,
    0x5f,0x5f,0x44,0x41,0x54,0x41,0x00,0x00,0x00,0x00,0x00,0x00,0x00,0x00,0x00,0x00,0x70,0x20,0x00,0x00,0x00,0x00,0x00,0x00,
    0x58,0x00,0x00,0x00,0x00,0x00,0x00,0x00,0x70,0x20,0x00,0x00,0x03,0x00,0x00,0x00,0x00,0x00,0x00,0x00,0x00,0x00,0x00,0x00,
    0x07,0x00,0x00,0x00,0x25,0x00,0x00,0x00,0x00,0x00,0x00,0x00,0x00,0x00,0x00,0x00,0x5f,0x5f,0x64,0x61,0x74,0x61,0x00,0x00,
    0x00,0x00,0x00,0x00,0x00,0x00,0x00,0x00,0x5f,0x5f,0x44,0x41,0x54,0x41,0x00,0x00,0x00,0x00,0x00,0x00,0x00,0x00,0x00,0x00,
    0xc8,0x20,0x00,0x00,0x00,0x00,0x00,0x00,0x08,0x00,0x00,0x00,0x00,0x00,0x00,0x00,0xc8,0x20,0x00,0x00,0x03,0x00,0x00,0x00,
    0x00,0x00,0x00,0x00,0x00,0x00,0x00,0x00,0x00,0x00,0x00,0x00,0x00,0x00,0x00,0x00,0x00,0x00,0x00,0x00,0x00,0x00,0x00,0x00,
    0x5f,0x5f,0x63,0x6f,0x6d,0x6d,0x6f,0x6e,0x00,0x00,0x00,0x00,0x00,0x00,0x00,0x00,0x5f,0x5f,0x44,0x41,0x54,0x41,0x00,0x00,
    0x00,0x00,0x00,0x00,0x00,0x00,0x00,0x00,0xd0,0x20,0x00,0x00,0x00,0x00,0x00,0x00,0x24,0x00,0x00,0x00,0x00,0x00,0x00,0x00,
    0x00,0x00,0x00,0x00,0x04,0x00,0x00,0x00,0x00,0x00,0x00,0x00,0x00,0x00,0x00,0x00,0x01,0x00,0x00,0x00,0x00,0x00,0x00,0x00,
    0x00,0x00,0x00,0x00,0x00,0x00,0x00,0x00,0x19,0x00,0x00,0x00,0x48,0x00,0x00,0x00,0x5f,0x5f,0x4c,0x49,0x4e,0x4b,0x45,0x44,
    0x49,0x54,0x00,0x00,0x00,0x00,0x00,0x00,0x00,0x30,0x00,0x00,0x00,0x00,0x00,0x00,0x00,0x20,0x00,0x00,0x00,0x00,0x00,0x00,
    0x00,0x30,0x00,0x00,0x00,0x00,0x00,0x00,0x48,0x15,0x00,0x00,0x00,0x00,0x00,0x00,0x01,0x00,0x00,0x00,0x01,0x00,0x00,0x00,
    0x00,0x00,0x00,0x00,0x00,0x00,0x00,0x00,0x0d,0x00,0x00,0x00,0x38,0x00,0x00,0x00,0x18,0x00,0x00,0x00,0x01,0x00,0x00,0x00,
    0x00,0x00,0x00,0x00,0x00,0x00,0x00,0x00,0x6c,0x69,0x62,0x6e,0x61,0x74,0x69,0x76,0x65,0x2d,0x70,0x6c,0x61,0x74,0x66,0x6f,
    0x72,0x6d,0x2d,0x63,0x75,0x72,0x73,0x65,0x73,0x2e,0x64,0x79,0x6c,0x69,0x62,0x00,0x22,0x00,0x00,0x80,0x30,0x00,0x00,0x00,
    0x00,0x30,0x00,0x00,0x08,0x00,0x00,0x00,0x08,0x30,0x00,0x00,0x30,0x00,0x00,0x00,0x38,0x30,0x00,0x00,0x28,0x02,0x00,0x00,
    0x60,0x32,0x00,0x00,0xb0,0x00,0x00,0x00,0x10,0x33,0x00,0x00,0xe8,0x04,0x00,0x00,0x02,0x00,0x00,0x00,0x18,0x00,0x00,0x00,
    0x30,0x38,0x00,0x00,0x3a,0x00,0x00,0x00,0x90,0x3c,0x00,0x00,0xb8,0x08,0x00,0x00,0x0b,0x00,0x00,0x00,0x50,0x00,0x00,0x00,
    0x00,0x00,0x00,0x00,0x01,0x00,0x00,0x00,0x01,0x00,0x00,0x00,0x2c,0x00,0x00,0x00,0x2d,0x00,0x00,0x00,0x0d,0x00,0x00,0x00,
    0x00,0x00,0x00,0x00,0x00,0x00,0x00,0x00,0x00,0x00,0x00,0x00,0x00,0x00,0x00,0x00,0x00,0x00,0x00,0x00,0x00,0x00,0x00,0x00,
    0xd0,0x3b,0x00,0x00,0x30,0x00,0x00,0x00,0x00,0x00,0x00,0x00,0x00,0x00,0x00,0x00,0x00,0x00,0x00,0x00,0x00,0x00,0x00,0x00,
    0x1b,0x00,0x00,0x00,0x18,0x00,0x00,0x00,0xbd,0xf7,0xa6,0x18,0x98,0xaa,0x34,0x4a,0xa0,0x5f,0x5e,0x16,0xb7,0x60,0x1d,0x34,
    0x24,0x00,0x00,0x00,0x10,0x00,0x00,0x00,0x00,0x0d,0x0a,0x00,0x00,0x02,0x0f,0x00,0x2a,0x00,0x00,0x00,0x10,0x00,0x00,0x00,
    0x00,0x00,0x00,0x00,0x00,0x00,0x00,0x00,0x0c,0x00,0x00,0x00,0x68,0x00,0x00,0x00,0x18,0x00,0x00,0x00,0x02,0x00,0x00,0x00,
    0x00,0x00,0xca,0x04,0x00,0x00,0x01,0x00,0x2f,0x53,0x79,0x73,0x74,0x65,0x6d,0x2f,0x4c,0x69,0x62,0x72,0x61,0x72,0x79,0x2f,
    0x46,0x72,0x61,0x6d,0x65,0x77,0x6f,0x72,0x6b,0x73,0x2f,0x43,0x6f,0x72,0x65,0x53,0x65,0x72,0x76,0x69,0x63,0x65,0x73,0x2e,
    0x66,0x72,0x61,0x6d,0x65,0x77,0x6f,0x72,0x6b,0x2f,0x56,0x65,0x72,0x73,0x69,0x6f,0x6e,0x73,0x2f,0x41,0x2f,0x43,0x6f,0x72,
    0x65,0x53,0x65,0x72,0x76,0x69,0x63,0x65,0x73,0x00,0x00,0x00,0x00,0x00,0x00,0x00,0x0c,0x00,0x00,0x00,0x38,0x00,0x00,0x00,
    0x18,0x00,0x00,0x00,0x02,0x00,0x00,0x00,0x00,0x04,0x05,0x00,0x00,0x04,0x05,0x00,0x2f,0x75,0x73,0x72,0x2f,0x6c,0x69,0x62,
    0x2f,0x6c,0x69,0x62,0x6e,0x63,0x75,0x72,0x73,0x65,0x73,0x2e,0x35,0x2e,0x34,0x2e,0x64,0x79,0x6c,0x69,0x62,0x00,0x00,0x00,
    0x0c,0x00,0x00,0x00,0x30,0x00,0x00,0x00,0x18,0x00,0x00,0x00,0x02,0x00,0x00,0x00,0x00,0x69,0x08,0x07,0x00,0x00,0x01,0x00,
    0x2f,0x75,0x73,0x72,0x2f,0x6c,0x69,0x62,0x2f,0x6c,0x69,0x62,0x63,0x2b,0x2b,0x2e,0x31,0x2e,0x64,0x79,0x6c,0x69,0x62,0x00,
    0x0c,0x00,0x00,0x00,0x38,0x00,0x00,0x00,0x18,0x00,0x00,0x00,0x02,0x00,0x00,0x00,0x00,0x00,0x47,0x05,0x00,0x00,0x01,0x00,
    0x2f,0x75,0x73,0x72,0x2f,0x6c,0x69,0x62,0x2f,0x6c,0x69,0x62,0x53,0x79,0x73,0x74,0x65,0x6d,0x2e,0x42,0x2e,0x64,0x79,0x6c,
    0x69,0x62,0x00,0x00,0x00,0x00,0x00,0x00,0x26,0x00,0x00,0x00,0x10,0x00,0x00,0x00,0xf8,0x37,0x00,0x00,0x38,0x00,0x00,0x00,
    0x29,0x00,0x00,0x00,0x10,0x00,0x00,0x00,0x30,0x38,0x00,0x00,0x00,0x00,0x00,0x00,
];
#[cfg(test)]
const PREFIX_4: &[u8] = &[
    0xcf,0xfa,0xed,0xfe,0x07,0x00,0x00,0x01,0x03,0x00,0x00,0x00,0x06,0x00,0x00,0x00,0x0f,0x00,0x00,0x00,0xa0,0x05,0x00,0x00,
    0x85,0x80,0x11,0x00,0x00,0x00,0x00,0x00,0x19,0x00,0x00,0x00,0xd8,0x01,0x00,0x00,0x5f,0x5f,0x54,0x45,0x58,0x54,0x00,0x00,
    0x00,0x00,0x00,0x00,0x00,0x00,0x00,0x00,0x00,0x00,0x00,0x00,0x00,0x00,0x00,0x00,0x00,0x30,0x00,0x00,0x00,0x00,0x00,0x00,
    0x00,0x00,0x00,0x00,0x00,0x00,0x00,0x00,0x00,0x30,0x00,0x00,0x00,0x00,0x00,0x00,0x05,0x00,0x00,0x00,0x05,0x00,0x00,0x00,
    0x05,0x00,0x00,0x00,0x00,0x00,0x00,0x00,0x5f,0x5f,0x74,0x65,0x78,0x74,0x00,0x00,0x00,0x00,0x00,0x00,0x00,0x00,0x00,0x00,
    0x5f,0x5f,0x54,0x45,0x58,0x54,0x00,0x00,0x00,0x00,0x00,0x00,0x00,0x00,0x00,0x00,0x40,0x07,0x00,0x00,0x00,0x00,0x00,0x00,
    0xa6,0x21,0x00,0x00,0x00,0x00,0x00,0x00,0x40,0x07,0x00,0x00,0x04,0x00,0x00,0x00,0x00,0x00,0x00,0x00,0x00,0x00,0x00,0x00,
    0x00,0x04,0x00,0x80,0x00,0x00,0x00,0x00,0x00,0x00,0x00,0x00,0x00,0x00,0x00,0x00,0x5f,0x5f,0x73,0x74,0x75,0x62,0x73,0x00,
    0x00,0x00,0x00,0x00,0x00,0x00,0x00,0x00,0x5f,0x5f,0x54,0x45,0x58,0x54,0x00,0x00,0x00,0x00,0x00,0x00,0x00,0x00,0x00,0x00,
    0xe6,0x28,0x00,0x00,0x00,0x00,0x00,0x00,0x2c,0x01,0x00,0x00,0x00,0x00,0x00,0x00,0xe6,0x28,0x00,0x00,0x01,0x00,0x00,0x00,
    0x00,0x00,0x00,0x00,0x00,0x00,0x00,0x00,0x08,0x04,0x00,0x80,0x00,0x00,0x00,0x00,0x06,0x00,0x00,0x00,0x00,0x00,0x00,0x00,
    0x5f,0x5f,0x73,0x74,0x75,0x62,0x5f,0x68,0x65,0x6c,0x70,0x65,0x72,0x00,0x00,0x00,0x5f,0x5f,0x54,0x45,0x58,0x54,0x00,0x00,
    0x00,0x00,0x00,0x00,0x00,0x00,0x00,0x00,0x12,0x2a,0x00,0x00,0x00,0x00,0x00,0x00,0x82,0x01,0x00,0x00,0x00,0x00,0x00,0x00,
    0x12,0x2a,0x00,0x00,0x00,0x00,0x00,0x00,0x00,0x00,0x00,0x00,0x00,0x00,0x00,0x00,0x00,0x04,0x00,0x80,0x00,0x00,0x00,0x00,
    0x00,0x00,0x00,0x00,0x00,0x00,0x00,0x00,0x5f,0x5f,0x63,0x73,0x74,0x72,0x69,0x6e,0x67,0x00,0x00,0x00,0x00,0x00,0x00,0x00,
    0x5f,0x5f,0x54,0x45,0x58,0x54,0x00,0x00,0x00,0x00,0x00,0x00,0x00,0x00,0x00,0x00,0x94,0x2b,0x00,0x00,0x00,0x00,0x00,0x00,
    0xf2,0x03,0x00,0x00,0x00,0x00,0x00,0x00,0x94,0x2b,0x00,0x00,0x00,0x00,0x00,0x00,0x00,0x00,0x00,0x00,0x00,0x00,0x00,0x00,
    0x02,0x00,0x00,0x00,0x00,0x00,0x00,0x00,0x00,0x00,0x00,0x00,0x00,0x00,0x00,0x00,0x5f,0x5f,0x75,0x6e,0x77,0x69,0x6e,0x64,
    0x5f,0x69,0x6e,0x66,0x6f,0x00,0x00,0x00,0x5f,0x5f,0x54,0x45,0x58,0x54,0x00,0x00,0x00,0x00,0x00,0x00,0x00,0x00,0x00,0x00,
    0x88,0x2f,0x00,0x00,0x00,0x00,0x00,0x00,0x70,0x00,0x00,0x00,0x00,0x00,0x00,0x00,0x88,0x2f,0x00,0x00,0x02,0x00,0x00,0x00,
    0x00,0x00,0x00,0x00,0x00,0x00,0x00,0x00,0x00,0x00,0x00,0x00,0x00,0x00,0x00,0x00,0x00,0x00,0x00,0x00,0x00,0x00,0x00,0x00,
    0x19,0x00,0x00,0x00,0x88,0x01,0x00,0x00,0x5f,0x5f,0x44,0x41,0x54,0x41,0x00,0x00,0x00,0x00,0x00,0x00,0x00,0x00,0x00,0x00,
    0x00,0x30,0x00,0x00,0x00,0x00,0x00,0x00,0x00,0x10,0x00,0x00,0x00,0x00,0x00,0x00,0x00,0x30,0x00,0x00,0x00,0x00,0x00,0x00,
    0x00,0x10,0x00,0x00,0x00,0x00,0x00,0x00,0x03,0x00,0x00,0x00,0x03,0x00,0x00,0x00,0x04,0x00,0x00,0x00,0x00,0x00,0x00,0x00,
    0x5f,0x5f,0x67,0x6f,0x74,0x00,0x00,0x00,0x00,0x00,0x00,0x00,0x00,0x00,0x00,0x00,0x5f,0x5f,0x44,0x41,0x54,0x41,0x00,0x00,
    0x00,0x00,0x00,0x00,0x00,0x00,0x00,0x00,0x00,0x30,0x00,0x00,0x00,0x00,0x00,0x00,0x78,0x00,0x00,0x00,0x00,0x00,0x00,0x00,
    0x00,0x30,0x00,0x00,0x03,0x00,0x00,0x00,0x00,0x00,0x00,0x00,0x00,0x00,0x00,0x00,0x06,0x00,0x00,0x00,0x32,0x00,0x00,0x00,
    0x00,0x00,0x00,0x00,0x00,0x00,0x00,0x00,0x5f,0x5f,0x6c,0x61,0x5f,0x73,0x79,0x6d,0x62,0x6f,0x6c,0x5f,0x70,0x74,0x72,0x00,
    0x5f,0x5f,0x44,0x41,0x54,0x41,0x00,0x00,0x00,0x00,0x00,0x00,0x00,0x00,0x00,0x00,0x78,0x30,0x00,0x00,0x00,0x00,0x00,0x00,
    0x28,0x01,0x00,0x00,0x00,0x00,0x00,0x00,0x78,0x30,0x00,0x00,0x03,0x00,0x00,0x00,0x00,0x00,0x00,0x00,0x00,0x00,0x00,0x00,
    0x07,0x00,0x00,0x00,0x41,0x00,0x00,0x00,0x00,0x00,0x00,0x00,0x00,0x00,0x00,0x00,0x5f,0x5f,0x64,0x61,0x74,0x61,0x00,0x00,
    0x00,0x00,0x00,0x00,0x00,0x00,0x00,0x00,0x5f,0x5f,0x44,0x41,0x54,0x41,0x00,0x00,0x00,0x00,0x00,0x00,0x00,0x00,0x00,0x00,
    0xa0,0x31,0x00,0x00,0x00,0x00,0x00,0x00,0x08,0x00,0x00,0x00,0x00,0x00,0x00,0x00,0xa0,0x31,0x00,0x00,0x03,0x00,0x00,0x00,
    0x00,0x00,0x00,0x00,0x00,0x00,0x00,0x00,0x00,0x00,0x00,0x00,0x00,0x00,0x00,0x00,0x00,0x00,0x00,0x00,0x00,0x00,0x00,0x00,
    0x5f,0x5f,0x63,0x6f,0x6d,0x6d,0x6f,0x6e,0x00,0x00,0x00,0x00,0x00,0x00,0x00,0x00,0x5f,0x5f,0x44,0x41,0x54,0x41,0x00,0x00,
    0x00,0x00,0x00,0x00,0x00,0x00,0x00,0x00,0xa8,0x31,0x00,0x00,0x00,0x00,0x00,0x00,0x58,0x00,0x00,0x00,0x00,0x00,0x00,0x00,
    0x00,0x00,0x00,0x00,0x03,0x00,0x00,0x00,0x00,0x00,0x00,0x00,0x00,0x00,0x00,0x00,0x01,0x00,0x00,0x00,0x00,0x00,0x00,0x00,
    0x00,0x00,0x00,0x00,0x00,0x00,0x00,0x00,0x19,0x00,0x00,0x00,0x48,0x00,0x00,0x00,0x5f,0x5f,0x4c,0x49,0x4e,0x4b,0x45,0x44,
    0x49,0x54,0x00,0x00,0x00,0x00,0x00,0x00,0x00,0x40,0x00,0x00,0x00,0x00,0x00,0x00,0x00,0x20,0x00,0x00,0x00,0x00,0x00,0x00,
    0x00,0x40,0x00,0x00,0x00,0x00,0x00,0x00,0x58,0x1d,0x00,0x00,0x00,0x00,0x00,0x00,0x01,0x00,0x00,0x00,0x01,0x00,0x00,0x00,
    0x00,0x00,0x00,0x00,0x00,0x00,0x00,0x00,0x0d,0x00,0x00,0x00,0x38,0x00,0x00,0x00,0x18,0x00,0x00,0x00,0x01,0x00,0x00,0x00,
    0x00,0x00,0x00,0x00,0x00,0x00,0x00,0x00,0x6c,0x69,0x62,0x6e,0x61,0x74,0x69,0x76,0x65,0x2d,0x70,0x6c,0x61,0x74,0x66,0x6f,
    0x72,0x6d,0x2e,0x64,0x79,0x6c,0x69,0x62,0x00,0x00,0x00,0x00,0x00,0x00,0x00,0x00,0x22,0x00,0x00,0x80,0x30,0x00,0x00,0x00,
    0x00,0x40,0x00,0x00,0x08,0x00,0x00,0x00,0x08,0x40,0x00,0x00,0x30,0x00,0x00,0x00,0x38,0x40,0x00,0x00,0x38,0x02,0x00,0x00,
    0x70,0x42,0x00,0x00,0x98,0x02,0x00,0x00,0x08,0x45,0x00,0x00,0xa8,0x05,0x00,0x00,0x02,0x00,0x00,0x00,0x18,0x00,0x00,0x00,
    0xf8,0x4a,0x00,0x00,0x57,0x00,0x00,0x00,0x00,0x52,0x00,0x00,0x58,0x0b,0x00,0x00,0x0b,0x00,0x00,0x00,0x50,0x00,0x00,0x00,
    0x00,0x00,0x00,0x00,0x01,0x00,0x00,0x00,0x01,0x00,0x00,0x00,0x2f,0x00,0x00,0x00,0x30,0x00,0x00,0x00,0x27,0x00,0x00,0x00,
    0x00,0x00,0x00,0x00,0x00,0x00,0x00,0x00,0x00,0x00,0x00,0x00,0x00,0x00,0x00,0x00,0x00,0x00,0x00,0x00,0x00,0x00,0x00,0x00,
    0x68,0x50,0x00,0x00,0x66,0x00,0x00,0x00,0x00,0x00,0x00,0x00,0x00,0x00,0x00,0x00,0x00,0x00,0x00,0x00,0x00,0x00,0x00,0x00,
    0x1b,0x00,0x00,0x00,0x18,0x00,0x00,0x00,0xcb,0xb7,0x18,0xff,0x6f,0x9f,0x31,0x43,0x81,0xa0,0xea,0xd3,0x63,0x37,0xd2,0x82,
    0x24,0x00,0x00,0x00,0x10,0x00,0x00,0x00,0x00,0x0d,0x0a,0x00,0x00,0x02,0x0f,0x00,0x2a,0x00,0x00,0x00,0x10,0x00,0x00,0x00,
    0x00,0x00,0x00,0x00,0x00,0x00,0x00,0x00,0x0c,0x00,0x00,0x00,0x68,0x00,0x00,0x00,0x18,0x00,0x00,0x00,0x02,0x00,0x00,0x00,
    0x00,0x00,0xca,0x04,0x00,0x00,0x01,0x00,0x2f,0x53,0x79,0x73,0x74,0x65,0x6d,0x2f,0x4c,0x69,0x62,0x72,0x61,0x72,0x79,0x2f,
    0x46,0x72,0x61,0x6d,0x65,0x77,0x6f,0x72,0x6b,0x73,0x2f,0x43,0x6f,0x72,0x65,0x53,0x65,0x72,0x76,0x69,0x63,0x65,0x73,0x2e,
    0x66,0x72,0x61,0x6d,0x65,0x77,0x6f,0x72,0x6b,0x2f,0x56,0x65,0x72,0x73,0x69,0x6f,0x6e,0x73,0x2f,0x41,0x2f,0x43,0x6f,0x72,
    0x65,0x53,0x65,0x72,0x76,0x69,0x63,0x65,0x73,0x00,0x00,0x00,0x00,0x00,0x00,0x00,0x0c,0x00,0x00,0x00,0x30,0x00,0x00,0x00,
    0x18,0x00,0x00,0x00,0x02,0x00,0x00,0x00,0x00,0x69,0x08,0x07,0x00,0x00,0x01,0x00,0x2f,0x75,0x73,0x72,0x2f,0x6c,0x69,0x62,
    0x2f,0x6c,0x69,0x62,0x63,0x2b,0x2b,0x2e,0x31,0x2e,0x64,0x79,0x6c,0x69,0x62,0x00,0x0c,0x00,0x00,0x00,0x38,0x00,0x00,0x00,
    0x18,0x00,0x00,0x00,0x02,0x00,0x00,0x00,0x00,0x00,0x47,0x05,0x00,0x00,0x01,0x00,0x2f,0x75,0x73,0x72,0x2f,0x6c,0x69,0x62,
    0x2f,0x6c,0x69,0x62,0x53,0x79,0x73,0x74,0x65,0x6d,0x2e,0x42,0x2e,0x64,0x79,0x6c,0x69,0x62,0x00,0x00,0x00,0x00,0x00,0x00,
    0x26,0x00,0x00,0x00,0x10,0x00,0x00,0x00,0xb0,0x4a,0x00,0x00,0x48,0x00,0x00,0x00,0x29,0x00,0x00,0x00,0x10,0x00,0x00,0x00,
    0xf8,0x4a,0x00,0x00,0x00,0x00,0x00,0x00,0x00,0x00,0x00,0x00,0x00,0x00,0x00,0x00,0x00,0x00,0x00,0x00,0x00,0x00,0x00,0x00,
    0x00,0x00,0x00,0x00,0x00,0x00,0x00,0x00,0x00,0x00,0x00,0x00,0x00,0x00,0x00,0x00,0x00,0x00,0x00,0x00,0x00,0x00,0x00,0x00,
    0x00,0x00,0x00,0x00,0x00,0x00,0x00,0x00,0x00,0x00,0x00,0x00,0x00,0x00,0x00,0x00,0x00,0x00,0x00,0x00,0x00,0x00,0x00,0x00,
    0x00,0x00,0x00,0x00,0x00,0x00,0x00,0x00,0x00,0x00,0x00,0x00,0x00,0x00,0x00,0x00,0x00,0x00,0x00,0x00,0x00,0x00,0x00,0x00,
    0x00,0x00,0x00,0x00,0x00,0x00,0x00,0x00,0x00,0x00,0x00,0x00,0x00,0x00,0x00,0x00,0x00,0x00,0x00,0x00,0x00,0x00,0x00,0x00,
    0x00,0x00,0x00,0x00,0x00,0x00,0x00,0x00,0x00,0x00,0x00,0x00,0x00,0x00,0x00,0x00,0x00,0x00,0x00,0x00,0x00,0x00,0x00,0x00,
    0x00,0x00,0x00,0x00,0x00,0x00,0x00,0x00,0x00,0x00,0x00,0x00,0x00,0x00,0x00,0x00,0x00,0x00,0x00,0x00,0x00,0x00,0x00,0x00,
    0x00,0x00,0x00,0x00,0x00,0x00,0x00,0x00,0x00,0x00,0x00,0x00,0x00,0x00,0x00,0x00,0x00,0x00,0x00,0x00,0x00,0x00,0x00,0x00,
    0x00,0x00,0x00,0x00,0x00,0x00,0x00,0x00,0x00,0x00,0x00,0x00,0x00,0x00,0x00,0x00,0x00,0x00,0x00,0x00,0x00,0x00,0x00,0x00,
    0x00,0x00,0x00,0x00,0x00,0x00,0x00,0x00,0x00,0x00,0x00,0x00,0x00,0x00,0x00,0x00,0x00,0x00,0x00,0x00,0x00,0x00,0x00,0x00,
    0x00,0x00,0x00,0x00,0x00,0x00,0x00,0x00,0x00,0x00,0x00,0x00,0x00,0x00,0x00,0x00,0x00,0x00,0x00,0x00,0x00,0x00,0x00,0x00,
    0x00,0x00,0x00,0x00,0x00,0x00,0x00,0x00,0x00,0x00,0x00,0x00,0x00,0x00,0x00,0x00,0x00,0x00,0x00,0x00,0x00,0x00,0x00,0x00,
    0x00,0x00,0x00,0x00,0x00,0x00,0x00,0x00,0x00,0x00,0x00,0x00,0x00,0x00,0x00,0x00,0x00,0x00,0x00,0x00,0x00,0x00,0x00,0x00,
    0x00,0x00,0x00,0x00,0x00,0x00,0x00,0x00,0x00,0x00,0x00,0x00,0x00,0x00,0x00,0x00,0x00,0x00,0x00,0x00,0x00,0x00,0x00,0x00,
    0x00,0x00,0x00,0x00,0x00,0x00,0x00,0x00,0x00,0x00,0x00,0x00,0x00,0x00,0x00,0x00,0x00,0x00,0x00,0x00,0x00,0x00,0x00,0x00,
    0x00,0x00,0x00,0x00,0x00,0x00,0x00,0x00,0x00,0x00,0x00,0x00,0x00,0x00,0x00,0x00,0x00,0x00,0x00,0x00,0x00,0x00,0x00,0x00,
    0x00,0x00,0x00,0x00,0x00,0x00,0x00,0x00,0x55,0x48,0x89,0xe5,0x48,0x81,0xec,0xd0,0x00,0x00,0x00,0x48,0x89,0x7d,0xf8,0x48,
    0x89,0x75,0xf0,0x48,0x89,0x55,0xe8,0x48,0x89,0x4d,0xe0,0x31,0xc0,0x89,0xc7,0x31,0xf6,0xba,0x02,0x00,0x00,0x00,0xe8,0xff,
    0x21,0x00,0x00,0x89,0x45,0xdc,0x83,0x7d,0xdc,0x00,0x0f,0x8d,0x19,0x00,0x00,0x00,0x48,0x8b,0x7d,0xf8,0x48,0x8b,0x55,0xe0,
    0x48,0x8d,0x35,0x0d,0x24,0x00,0x00,0xe8,0x74,0x06,0x00,0x00,0xe9,0xdb,0x02,0x00,0x00,0x48,0x63,0x45,0xdc,0x48,0x69,0xc0,
    0x78,0x08,0x00,0x00,0x48,0x89,0x45,0xd0,0x48,0x8b,0x7d,0xd0,0xe8,0xf1,0x21,0x00,0x00,0x48,0x89,0x45,0xc8,0x48,0x8b,0x7d,
    0xc8,0x48,0x8b,0x45,0xd0,0x89,0xc6,0xba,0x02,0x00,0x00,0x00,0xe8,0xa9,0x21,0x00,0x00,0x83,0xf8,0x00,0x0f,0x8d,0x22,0x00,
    0x00,0x00,0x48,0x8b,0x7d,0xf8,0x48,0x8b,0x55,0xe0,0x48,0x8d,0x35,0xbb,0x23,0x00,0x00,0xe8,0x22,0x06,0x00,0x00,0x48,0x8b,
    0x7d,0xc8,0xe8,0x6b,0x21,0x00,0x00,0xe9,0x80,0x02,0x00,0x00,0x48,0x8b,0x7d,0xf8,0x48,0x8b,0x75,0xe8,0xe8,0x11,0x21,0x00,
    0x00,0x48,0x89,0x45,0xc0,0x48,0x8b,0x7d,0xf8,0x48,0x8b,0x75,0xc0,0x48,0x8d,0x15,0xa4,0x23,0x00,0x00,0x48,0x8d,0x0d,0xa1,
    0x23,0x00,0x00,0xe8,0xd4,0x20,0x00,0x00,0x48,0x89,0x45,0xb8,0x48,0x8b,0x7d,0xf8,0x48,0x8b,0x75,0xc0,0x48,0x8d,0x15,0xc6,
    0x23,0x00,0x00,0x48,0x8d,0x0d,0xdc,0x23,0x00,0x00,0xe8,0xb5,0x20,0x00,0x00,0x48,0x89,0x45,0xb0,0xc7,0x45,0xac,0x00,0x00,
    0x00,0x00,0x8b,0x45,0xac,0x3b,0x45,0xdc,0x0f,0x8d,0x15,0x02,0x00,0x00,0x48,0x8d,0x7d,0x94,0x31,0xf6,0xba,0x18,0x00,0x00,
    0x00,0xe8,0x48,0x21,0x00,0x00,0x66,0xc7,0x45,0x94,0x05,0x00,0xc7,0x45,0x9c,0x00,0x00,0x02,0x80,0x48,0x8b,0x7d,0xf8,0x48,
    0x8b,0x75,0xc8,0x48,0x63,0x45,0xac,0x48,0x69,0xc0,0x78,0x08,0x00,0x00,0x48,0x01,0xc6,0x48,0x83,0xc6,0x58,0x48,0x8b,0x55,
    0xe0,0xe8,0xb2,0x1e,0x00,0x00,0x48,0x89,0x85,0x68,0xff,0xff,0xff,0x48,0x8b,0x7d,0xf8,0x48,0x8b,0x75,0xc8,0x48,0x63,0x45,
    0xac,0x48,0x69,0xc0,0x78,0x08,0x00,0x00,0x48,0x01,0xc6,0x48,0x83,0xc6,0x48,0x48,0x8b,0x55,0xe0,0xe8,0x88,0x1e,0x00,0x00,
    0x48,0x89,0x85,0x60,0xff,0xff,0xff,0x48,0x8b,0x7d,0xf8,0x48,0x8b,0x75,0xc8,0x48,0x63,0x45,0xac,0x48,0x69,0xc0,0x78,0x08,
    0x00,0x00,0x48,0x01,0xc6,0x48,0x81,0xc6,0x58,0x04,0x00,0x00,0x48,0x8b,0x55,0xe0,0xe8,0x5b,0x1e,0x00,0x00,0x48,0x89,0x85,
    0x58,0xff,0xff,0xff,0x48,0x8b,0x45,0xc8,0x48,0x63,0x4d,0xac,0x48,0x69,0xc9,0x78,0x08,0x00,0x00,0x48,0x01,0xc8,0x8b,0x40,
    0x40,0x25,0x00,0x10,0x00,0x00,0x83,0xf8,0x00,0x0f,0x94,0xc0,0x24,0x01,0x88,0x85,0x57,0xff,0xff,0xff,0x48,0x8b,0x7d,0xc8,
    0x48,0x63,0x45,0xac,0x48,0x69,0xc0,0x78,0x08,0x00,0x00,0x48,0x01,0xc7,0x48,0x83,0xc7,0x58,0x48,0x8d,0x75,0x94,0x48,0x8d,
    0x95,0x70,0xff,0xff,0xff,0xb9,0x24,0x00,0x00,0x00,0x45,0x31,0xc0,0xe8,0x16,0x20,0x00,0x00,0x89,0x85,0x50,0xff,0xff,0xff,
    0x83,0xbd,0x50,0xff,0xff,0xff,0x00,0x0f,0x84,0x37,0x00,0x00,0x00,0x48,0x8b,0x7d,0xf8,0x48,0x8b,0x75,0xe8,0x48,0x8b,0x55,
    0xb0,0x48,0x8b,0x8d,0x68,0xff,0xff,0xff,0x4c,0x8b,0x85,0x60,0xff,0xff,0xff,0x4c,0x8b,0x8d,0x58,0xff,0xff,0xff,0x0f,0xb6,
    0x85,0x57,0xff,0xff,0xff,0x89,0x04,0x24,0xb0,0x00,0xe8,0x77,0x1f,0x00,0x00,0xe9,0xc4,0x00,0x00,0x00,0xc6,0x85,0x4f,0xff,
    0xff,0xff,0x01,0xc6,0x85,0x4e,0xff,0xff,0xff,0x01,0x8b,0x45,0x9c,0x25,0x00,0x00,0x02,0x00,0x83,0xf8,0x00,0x0f,0x84,0x59,
    0x00,0x00,0x00,0x8b,0x45,0x84,0x25,0x00,0x01,0x00,0x00,0x83,0xf8,0x00,0x0f,0x84,0x19,0x00,0x00,0x00,0x8b,0x85,0x74,0xff,
    0xff,0xff,0x25,0x00,0x01,0x00,0x00,0x83,0xf8,0x00,0x0f,0x95,0xc0,0x24,0x01,0x88,0x85,0x4f,0xff,0xff,0xff,0x8b,0x45,0x84,
    0x25,0x00,0x02,0x00,0x00,0x83,0xf8,0x00,0x0f,0x84,0x19,0x00,0x00,0x00,0x8b,0x85,0x74,0xff,0xff,0xff,0x25,0x00,0x02,0x00,
    0x00,0x83,0xf8,0x00,0x0f,0x95,0xc0,0x24,0x01,0x88,0x85,0x4e,0xff,0xff,0xff,0xe9,0x00,0x00,0x00,0x00,0x48,0x8b,0x7d,0xf8,
    0x48,0x8b,0x75,0xe8,0x48,0x8b,0x55,0xb8,0x48,0x8b,0x8d,0x68,0xff,0xff,0xff,0x4c,0x8b,0x85,0x60,0xff,0xff,0xff,0x4c,0x8b,
    0x8d,0x58,0xff,0xff,0xff,0x44,0x0f,0xb6,0x9d,0x57,0xff,0xff,0xff,0x44,0x0f,0xb6,0x95,0x4f,0xff,0xff,0xff,0x0f,0xb6,0x85,
    0x4e,0xff,0xff,0xff,0x44,0x89,0x1c,0x24,0x44,0x89,0x54,0x24,0x08,0x89,0x44,0x24,0x10,0xb0,0x00,0xe8,0xae,0x1e,0x00,0x00,
    0xe9,0x00,0x00,0x00,0x00,0x8b,0x45,0xac,0x83,0xc0,0x01,0x89,0x45,0xac,0xe9,0xdf,0xfd,0xff,0xff,0x48,0x8b,0x7d,0xc8,0xe8,
    0xe6,0x1e,0x00,0x00,0x48,0x81,0xc4,0xd0,0x00,0x00,0x00,0x5d,0xc3,0x66,0x66,0x2e,0x0f,0x1f,0x84,0x00,0x00,0x00,0x00,0x00,
    0x55,0x48,0x89,0xe5,0x48,0x83,0xec,0x10,0x48,0x89,0x7d,0xf8,0x48,0x89,0x75,0xf0,0x48,0x8b,0x7d,0xf8,0x48,0x8b,0x07,0x48,
    0x8b,0x80,0xf8,0x00,0x00,0x00,0x48,0x8b,0x75,0xf0,0xff,0xd0,0x48,0x83,0xc4,0x10,0x5d,0xc3,0x66,0x0f,0x1f,0x44,0x00,0x00,
    0x55,0x48,0x89,0xe5,0x48,0x83,0xec,0x20,0x48,0x89,0x7d,0xf8,0x48,0x89,0x75,0xf0,0x48,0x89,0x55,0xe8,0x48,0x89,0x4d,0xe0,
    0x48,0x8b,0x7d,0xf8,0x48,0x8b,0x07,0x48,0x8b,0x80,0x08,0x01,0x00,0x00,0x48,0x8b,0x75,0xf0,0x48,0x8b,0x55,0xe8,0x48,0x8b,
    0x4d,0xe0,0xff,0xd0,0x48,0x83,0xc4,0x20,0x5d,0xc3,0x66,0x0f,0x1f,0x44,0x00,0x00,0x55,0x48,0x89,0xe5,0x48,0x81,0xec,0xf0,
    0x00,0x00,0x00,0x84,0xc0,0x0f,0x84,0x2c,0x00,0x00,0x00,0x0f,0x29,0x85,0x40,0xff,0xff,0xff,0x0f,0x29,0x8d,0x50,0xff,0xff,
    0xff,0x0f,0x29,0x95,0x60,0xff,0xff,0xff,0x0f,0x29,0x9d,0x70,0xff,0xff,0xff,0x0f,0x29,0x65,0x80,0x0f,0x29,0x6d,0x90,0x0f,
    0x29,0x75,0xa0,0x0f,0x29,0x7d,0xb0,0x4c,0x89,0x8d,0x38,0xff,0xff,0xff,0x4c,0x89,0x85,0x30,0xff,0xff,0xff,0x48,0x89,0x8d,
    0x28,0xff,0xff,0xff,0x48,0x8b,0x05,0x1d,0x25,0x00,0x00,0x48,0x8b,0x00,0x48,0x89,0x45,0xf8,0x48,0x89,0x7d,0xd8,0x48,0x89,
    0x75,0xd0,0x48,0x89,0x55,0xc8,0x48,0x8b,0x7d,0xd8,0x48,0x8d,0x45,0xe0,0x48,0x8d,0x8d,0x10,0xff,0xff,0xff,0x48,0x89,0x48,
    0x10,0x48,0x8d,0x4d,0x10,0x48,0x89,0x48,0x08,0xc7,0x40,0x04,0x30,0x00,0x00,0x00,0xc7,0x00,0x18,0x00,0x00,0x00,0x48,0x8b,
    0x07,0x48,0x8b,0x80,0xf0,0x01,0x00,0x00,0x48,0x8b,0x75,0xd0,0x48,0x8b,0x55,0xc8,0x48,0x8d,0x4d,0xe0,0xff,0xd0,0x48,0x8d,
    0x45,0xe0,0x48,0x8b,0x05,0xbf,0x24,0x00,0x00,0x48,0x8b,0x00,0x48,0x8b,0x4d,0xf8,0x48,0x39,0xc8,0x0f,0x85,0x09,0x00,0x00,
    0x00,0x48,0x81,0xc4,0xf0,0x00,0x00,0x00,0x5d,0xc3,0xe8,0x73,0x1d,0x00,0x00,0x66,0x0f,0x1f,0x84,0x00,0x00,0x00,0x00,0x00,
    0x55,0x48,0x89,0xe5,0x41,0x57,0x41,0x56,0x53,0x48,0x81,0xec,0x38,0x01,0x00,0x00,0x48,0x8b,0x05,0x81,0x24,0x00,0x00,0x48,
    0x8b,0x00,0x48,0x89,0x45,0xe0,0x48,0x89,0x7d,0xd0,0x48,0x89,0x75,0xc8,0x48,0x89,0x55,0xc0,0x48,0x89,0x4d,0xb8,0x48,0x8b,
    0x7d,0xd0,0x48,0x8b,0x75,0xc0,0xe8,0xff,0x1c,0x00,0x00,0x48,0x89,0x45,0xb0,0x48,0x8b,0x7d,0xd0,0x48,0x8b,0x75,0xb0,0x48,
    0x8d,0x15,0x2b,0x20,0x00,0x00,0x48,0x8d,0x0d,0x2c,0x20,0x00,0x00,0xe8,0xc2,0x1c,0x00,0x00,0x48,0x89,0x45,0xa8,0x48,0x83,
    0x7d,0xa8,0x00,0x0f,0x85,0x19,0x00,0x00,0x00,0x48,0x8b,0x7d,0xd0,0x48,0x8b,0x55,0xb8,0x48,0x8d,0x35,0x16,0x20,0x00,0x00,
    0xe8,0x23,0x1b,0x00,0x00,0xe9,0x79,0x01,0x00,0x00,0xc7,0x45,0xd8,0x06,0x00,0x00,0x00,0xc7,0x45,0xdc,0x18,0x00,0x00,0x00,
    0x48,0xc7,0x45,0xa0,0x00,0x00,0x00,0x00,0x48,0xc7,0x45,0x98,0x08,0x00,0x00,0x00,0x48,0x8d,0x7d,0xd8,0xbe,0x02,0x00,0x00,
    0x00,0x48,0x8d,0x55,0xa0,0x48,0x8d,0x4d,0x98,0x31,0xc0,0x41,0x89,0xc1,0x4d,0x89,0xc8,0xe8,0x66,0x1d,0x00,0x00,0x83,0xf8,
    0x00,0x0f,0x84,0x19,0x00,0x00,0x00,0x48,0x8b,0x7d,0xd0,0x48,0x8b,0x55,0xb8,0x48,0x8d,0x35,0xce,0x1f,0x00,0x00,0xe8,0x55,
    0x01,0x00,0x00,0xe9,0x1b,0x01,0x00,0x00,0xe8,0xdf,0x1c,0x00,0x00,0x89,0x45,0x8c,0xc7,0x85,0xec,0xfe,0xff,0xff,0x26,0x00,
    0x00,0x00,0x8b,0x7d,0x8c,0x48,0x8d,0x75,0x90,0xe8,0xa8,0x1c,0x00,0x00,0x89,0xc1,0x31,0xc0,0x39,0xc8,0x0f,0x84,0x19,0x00,
    0x00,0x00,0x48,0x8b,0x7d,0xd0,0x48,0x8b,0x55,0xb8,0x48,0x8d,0x35,0xa7,0x1f,0x00,0x00,0xe8,0x12,0x01,0x00,0x00,0xe9,0xd8,
    0x00,0x00,0x00,0x8b,0x7d,0x8c,0xbe,0x04,0x00,0x00,0x00,0x48,0x8d,0x95,0xf0,0xfe,0xff,0xff,0x48,0x8d,0x8d,0xec,0xfe,0xff,
    0xff,0xe8,0x6e,0x1c,0x00,0x00,0x89,0xc1,0x31,0xc0,0x39,0xc8,0x0f,0x84,0x19,0x00,0x00,0x00,0x48,0x8b,0x7d,0xd0,0x48,0x8b,
    0x55,0xb8,0x48,0x8d,0x35,0x81,0x1f,0x00,0x00,0xe8,0xd2,0x00,0x00,0x00,0xe9,0x98,0x00,0x00,0x00,0x8b,0x85,0xf0,0xfe,0xff,
    0xff,0x8b,0x8d,0xf8,0xfe,0xff,0xff,0x48,0x01,0xc8,0x8b,0x8d,0x4c,0xff,0xff,0xff,0x48,0x29,0xc8,0x48,0x0f,0xaf,0x45,0x90,
    0x48,0x89,0x85,0xe0,0xfe,0xff,0xff,0x48,0x8b,0x7d,0xd0,0x48,0x8b,0x75,0xc0,0x48,0x8b,0x55,0xa8,0x48,0x8b,0x4d,0x90,0x8b,
    0x85,0xf0,0xfe,0xff,0xff,0x41,0x89,0xc0,0x8b,0x85,0xf8,0xfe,0xff,0xff,0x41,0x89,0xc1,0x8b,0x85,0xfc,0xfe,0xff,0xff,0x41,
    0x89,0xc7,0x8b,0x85,0xf4,0xfe,0xff,0xff,0x41,0x89,0xc6,0x8b,0x85,0x78,0xff,0xff,0xff,0x89,0xc3,0x8b,0x85,0x4c,0xff,0xff,
    0xff,0x41,0x89,0xc3,0x4c,0x8b,0x55,0xa0,0x48,0x8b,0x85,0xe0,0xfe,0xff,0xff,0x4c,0x89,0x3c,0x24,0x4c,0x89,0x74,0x24,0x08,
    0x48,0x89,0x5c,0x24,0x10,0x4c,0x89,0x5c,0x24,0x18,0x4c,0x89,0x54,0x24,0x20,0x48,0x89,0x44,0x24,0x28,0xb0,0x00,0xe8,0x33,
    0x1b,0x00,0x00,0x48,0x8b,0x05,0x96,0x22,0x00,0x00,0x48,0x8b,0x00,0x48,0x8b,0x4d,0xe0,0x48,0x39,0xc8,0x0f,0x85,0x0e,0x00,
    0x00,0x00,0x48,0x81,0xc4,0x38,0x01,0x00,0x00,0x5b,0x41,0x5e,0x41,0x5f,0x5d,0xc3,0xe8,0x45,0x1b,0x00,0x00,0x00,0x00,0x00,
    0x00,0x00,0x00,0x00,0x00,0x00,0x00,0x00,0x55,0x48,0x89,0xe5,0x48,0x83,0xec,0x40,0x48,0x89,0x7d,0xf8,0x48,0x89,0x75,0xf0,
    0x48,0x89,0x55,0xe8,0xbf,0x00,0x04,0x00,0x00,0xe8,0x7c,0x1b,0x00,0x00,0x48,0x89,0x45,0xe0,0xe8,0x0d,0x1b,0x00,0x00,0x8b,
    0x38,0x48,0x8b,0x75,0xe0,0xba,0x00,0x04,0x00,0x00,0xe8,0xa5,0x1b,0x00,0x00,0x48,0x8b,0x45,0xe0,0x48,0x89,0x45,0xd8,0x48,
    0x8b,0x45,0xf8,0x48,0x89,0x45,0xc8,0x48,0x8b,0x45,0xf0,0x48,0x89,0x45,0xd0,0xe8,0xe0,0x1a,0x00,0x00,0x48,0x8b,0x7d,0xc8,
    0x48,0x8b,0x75,0xd0,0x8b,0x10,0x48,0x8b,0x4d,0xd8,0x4c,0x8b,0x45,0xe8,0xe8,0x45,0x19,0x00,0x00,0x48,0x8b,0x7d,0xe0,0xe8,
    0xde,0x1a,0x00,0x00,0x48,0x83,0xc4,0x40,0x5d,0xc3,0x66,0x0f,0x1f,0x44,0x00,0x00,0x55,0x48,0x89,0xe5,0x89,0x7d,0xf8,0x83,
    0x7d,0xf8,0x02,0x0f,0x85,0x0c,0x00,0x00,0x00,0xc7,0x45,0xfc,0x01,0x00,0x00,0x00,0xe9,0x33,0x00,0x00,0x00,0x83,0x7d,0xf8,
    0x14,0x0f,0x85,0x0c,0x00,0x00,0x00,0xc7,0x45,0xfc,0x02,0x00,0x00,0x00,0xe9,0x1d,0x00,0x00,0x00,0x83,0x7d,0xf8,0x0d,0x0f,
    0x85,0x0c,0x00,0x00,0x00,0xc7,0x45,0xfc,0x03,0x00,0x00,0x00,0xe9,0x07,0x00,0x00,0x00,0xc7,0x45,0xfc,0x00,0x00,0x00,0x00,
    0x8b,0x45,0xfc,0x5d,0xc3,0x66,0x66,0x2e,0x0f,0x1f,0x84,0x00,0x00,0x00,0x00,0x00,0x55,0x48,0x89,0xe5,0x48,0x83,0xec,0x30,
    0x48,0x89,0x7d,0xf8,0x48,0x89,0x75,0xf0,0x48,0x89,0x55,0xe8,0x48,0x8b,0x7d,0xf8,0x48,0x8b,0x75,0xf0,0xe8,0x15,0x1a,0x00,
    0x00,0x48,0x98,0x48,0x89,0x45,0xe0,0x48,0x8b,0x7d,0xf8,0x48,0x8b,0x75,0xf0,0xe8,0x08,0x1a,0x00,0x00,0x48,0x98,0x48,0x89,
    0x45,0xd8,0x48,0x8b,0x7d,0xd8,0x48,0x83,0xc7,0x01,0xe8,0x73,0x1a,0x00,0x00,0x48,0x89,0x45,0xd0,0x48,0x8b,0x7d,0xf8,0x48,
    0x8b,0x75,0xf0,0x48,0x8b,0x45,0xe0,0x89,0xc1,0x4c,0x8b,0x45,0xd0,0x31,0xd2,0xe8,0xde,0x19,0x00,0x00,0x48,0x8b,0x45,0xd0,
    0x48,0x8b,0x4d,0xd8,0xc6,0x04,0x08,0x00,0x48,0x8b,0x45,0xd0,0x48,0x83,0xc4,0x30,0x5d,0xc3,0x66,0x0f,0x1f,0x44,0x00,0x00,
    0x55,0x48,0x89,0xe5,0x48,0x83,0xec,0x10,0x48,0x89,0x7d,0xf8,0x48,0x89,0x75,0xf0,0x48,0x8b,0x7d,0xf8,0x48,0x8b,0x07,0x48,
    0x8b,0x80,0x20,0x05,0x00,0x00,0x48,0x8b,0x75,0xf0,0xff,0xd0,0x48,0x83,0xc4,0x10,0x5d,0xc3,0x66,0x0f,0x1f,0x44,0x00,0x00,
    0x55,0x48,0x89,0xe5,0x48,0x83,0xec,0x10,0x48,0x89,0x7d,0xf8,0x48,0x89,0x75,0xf0,0x48,0x8b,0x7d,0xf8,0x48,0x8b,0x07,0x48,
    0x8b,0x80,0x40,0x05,0x00,0x00,0x48,0x8b,0x75,0xf0,0xff,0xd0,0x48,0x83,0xc4,0x10,0x5d,0xc3,0x66,0x0f,0x1f,0x44,0x00,0x00,
    0x55,0x48,0x89,0xe5,0x48,0x83,0xec,0x20,0x48,0x89,0x7d,0xf8,0x48,0x89,0x75,0xf0,0x89,0x55,0xec,0x89,0x4d,0xe8,0x4c,0x89,
    0x45,0xe0,0x48,0x8b,0x7d,0xf8,0x48,0x8b,0x07,0x48,0x8b,0x80,0xe8,0x06,0x00,0x00,0x48,0x8b,0x75,0xf0,0x8b,0x55,0xec,0x8b,
    0x4d,0xe8,0x4c,0x8b,0x45,0xe0,0xff,0xd0,0x48,0x83,0xc4,0x20,0x5d,0xc3,0x66,0x90,
];
#[cfg(test)]
const COMMANDS_4: &[u8] = &[
    0xcf,0xfa,0xed,0xfe,0x07,0x00,0x00,0x01,0x03,0x00,0x00,0x00,0x06,0x00,0x00,0x00,0x0f,0x00,0x00,0x00,0xa0,0x05,0x00,0x00,
    0x85,0x80,0x11,0x00,0x00,0x00,0x00,0x00,0x19,0x00,0x00,0x00,0xd8,0x01,0x00,0x00,0x5f,0x5f,0x54,0x45,0x58,0x54,0x00,0x00,
    0x00,0x00,0x00,0x00,0x00,0x00,0x00,0x00,0x00,0x00,0x00,0x00,0x00,0x00,0x00,0x00,0x00,0x30,0x00,0x00,0x00,0x00,0x00,0x00,
    0x00,0x00,0x00,0x00,0x00,0x00,0x00,0x00,0x00,0x30,0x00,0x00,0x00,0x00,0x00,0x00,0x05,0x00,0x00,0x00,0x05,0x00,0x00,0x00,
    0x05,0x00,0x00,0x00,0x00,0x00,0x00,0x00,0x5f,0x5f,0x74,0x65,0x78,0x74,0x00,0x00,0x00,0x00,0x00,0x00,0x00,0x00,0x00,0x00,
    0x5f,0x5f,0x54,0x45,0x58,0x54,0x00,0x00,0x00,0x00,0x00,0x00,0x00,0x00,0x00,0x00,0x40,0x07,0x00,0x00,0x00,0x00,0x00,0x00,
    0xa6,0x21,0x00,0x00,0x00,0x00,0x00,0x00,0x40,0x07,0x00,0x00,0x04,0x00,0x00,0x00,0x00,0x00,0x00,0x00,0x00,0x00,0x00,0x00,
    0x00,0x04,0x00,0x80,0x00,0x00,0x00,0x00,0x00,0x00,0x00,0x00,0x00,0x00,0x00,0x00,0x5f,0x5f,0x73,0x74,0x75,0x62,0x73,0x00,
    0x00,0x00,0x00,0x00,0x00,0x00,0x00,0x00,0x5f,0x5f,0x54,0x45,0x58,0x54,0x00,0x00,0x00,0x00,0x00,0x00,0x00,0x00,0x00,0x00,
    0xe6,0x28,0x00,0x00,0x00,0x00,0x00,0x00,0x2c,0x01,0x00,0x00,0x00,0x00,0x00,0x00,0xe6,0x28,0x00,0x00,0x01,0x00,0x00,0x00,
    0x00,0x00,0x00,0x00,0x00,0x00,0x00,0x00,0x08,0x04,0x00,0x80,0x00,0x00,0x00,0x00,0x06,0x00,0x00,0x00,0x00,0x00,0x00,0x00,
    0x5f,0x5f,0x73,0x74,0x75,0x62,0x5f,0x68,0x65,0x6c,0x70,0x65,0x72,0x00,0x00,0x00,0x5f,0x5f,0x54,0x45,0x58,0x54,0x00,0x00,
    0x00,0x00,0x00,0x00,0x00,0x00,0x00,0x00,0x12,0x2a,0x00,0x00,0x00,0x00,0x00,0x00,0x82,0x01,0x00,0x00,0x00,0x00,0x00,0x00,
    0x12,0x2a,0x00,0x00,0x00,0x00,0x00,0x00,0x00,0x00,0x00,0x00,0x00,0x00,0x00,0x00,0x00,0x04,0x00,0x80,0x00,0x00,0x00,0x00,
    0x00,0x00,0x00,0x00,0x00,0x00,0x00,0x00,0x5f,0x5f,0x63,0x73,0x74,0x72,0x69,0x6e,0x67,0x00,0x00,0x00,0x00,0x00,0x00,0x00,
    0x5f,0x5f,0x54,0x45,0x58,0x54,0x00,0x00,0x00,0x00,0x00,0x00,0x00,0x00,0x00,0x00,0x94,0x2b,0x00,0x00,0x00,0x00,0x00,0x00,
    0xf2,0x03,0x00,0x00,0x00,0x00,0x00,0x00,0x94,0x2b,0x00,0x00,0x00,0x00,0x00,0x00,0x00,0x00,0x00,0x00,0x00,0x00,0x00,0x00,
    0x02,0x00,0x00,0x00,0x00,0x00,0x00,0x00,0x00,0x00,0x00,0x00,0x00,0x00,0x00,0x00,0x5f,0x5f,0x75,0x6e,0x77,0x69,0x6e,0x64,
    0x5f,0x69,0x6e,0x66,0x6f,0x00,0x00,0x00,0x5f,0x5f,0x54,0x45,0x58,0x54,0x00,0x00,0x00,0x00,0x00,0x00,0x00,0x00,0x00,0x00,
    0x88,0x2f,0x00,0x00,0x00,0x00,0x00,0x00,0x70,0x00,0x00,0x00,0x00,0x00,0x00,0x00,0x88,0x2f,0x00,0x00,0x02,0x00,0x00,0x00,
    0x00,0x00,0x00,0x00,0x00,0x00,0x00,0x00,0x00,0x00,0x00,0x00,0x00,0x00,0x00,0x00,0x00,0x00,0x00,0x00,0x00,0x00,0x00,0x00,
    0x19,0x00,0x00,0x00,0x88,0x01,0x00,0x00,0x5f,0x5f,0x44,0x41,0x54,0x41,0x00,0x00,0x00,0x00,0x00,0x00,0x00,0x00,0x00,0x00,
    0x00,0x30,0x00,0x00,0x00,0x00,0x00,0x00,0x00,0x10,0x00,0x00,0x00,0x00,0x00,0x00,0x00,0x30,0x00,0x00,0x00,0x00,0x00,0x00,
    0x00,0x10,0x00,0x00,0x00,0x00,0x00,0x00,0x03,0x00,0x00,0x00,0x03,0x00,0x00,0x00,0x04,0x00,0x00,0x00,0x00,0x00,0x00,0x00,
    0x5f,0x5f,0x67,0x6f,0x74,0x00,0x00,0x00,0x00,0x00,0x00,0x00,0x00,0x00,0x00,0x00,0x5f,0x5f,0x44,0x41,0x54,0x41,0x00,0x00,
    0x00,0x00,0x00,0x00,0x00,0x00,0x00,0x00,0x00,0x30,0x00,0x00,0x00,0x00,0x00,0x00,0x78,0x00,0x00,0x00,0x00,0x00,0x00,0x00,
    0x00,0x30,0x00,0x00,0x03,0x00,0x00,0x00,0x00,0x00,0x00,0x00,0x00,0x00,0x00,0x00,0x06,0x00,0x00,0x00,0x32,0x00,0x00,0x00,
    0x00,0x00,0x00,0x00,0x00,0x00,0x00,0x00,0x5f,0x5f,0x6c,0x61,0x5f,0x73,0x79,0x6d,0x62,0x6f,0x6c,0x5f,0x70,0x74,0x72,0x00,
    0x5f,0x5f,0x44,0x41,0x54,0x41,0x00,0x00,0x00,0x00,0x00,0x00,0x00,0x00,0x00,0x00,0x78,0x30,0x00,0x00,0x00,0x00,0x00,0x00,
    0x28,0x01,0x00,0x00,0x00,0x00,0x00,0x00,0x78,0x30,0x00,0x00,0x03,0x00,0x00,0x00,0x00,0x00,0x00,0x00,0x00,0x00,0x00,0x00,
    0x07,0x00,0x00,0x00,0x41,0x00,0x00,0x00,0x00,0x00,0x00,0x00,0x00,0x00,0x00,0x00,0x5f,0x5f,0x64,0x61,0x74,0x61,0x00,0x00,
    0x00,0x00,0x00,0x00,0x00,0x00,0x00,0x00,0x5f,0x5f,0x44,0x41,0x54,0x41,0x00,0x00,0x00,0x00,0x00,0x00,0x00,0x00,0x00,0x00,
    0xa0,0x31,0x00,0x00,0x00,0x00,0x00,0x00,0x08,0x00,0x00,0x00,0x00,0x00,0x00,0x00,0xa0,0x31,0x00,0x00,0x03,0x00,0x00,0x00,
    0x00,0x00,0x00,0x00,0x00,0x00,0x00,0x00,0x00,0x00,0x00,0x00,0x00,0x00,0x00,0x00,0x00,0x00,0x00,0x00,0x00,0x00,0x00,0x00,
    0x5f,0x5f,0x63,0x6f,0x6d,0x6d,0x6f,0x6e,0x00,0x00,0x00,0x00,0x00,0x00,0x00,0x00,0x5f,0x5f,0x44,0x41,0x54,0x41,0x00,0x00,
    0x00,0x00,0x00,0x00,0x00,0x00,0x00,0x00,0xa8,0x31,0x00,0x00,0x00,0x00,0x00,0x00,0x58,0x00,0x00,0x00,0x00,0x00,0x00,0x00,
    0x00,0x00,0x00,0x00,0x03,0x00,0x00,0x00,0x00,0x00,0x00,0x00,0x00,0x00,0x00,0x00,0x01,0x00,0x00,0x00,0x00,0x00,0x00,0x00,
    0x00,0x00,0x00,0x00,0x00,0x00,0x00,0x00,0x19,0x00,0x00,0x00,0x48,0x00,0x00,0x00,0x5f,0x5f,0x4c,0x49,0x4e,0x4b,0x45,0x44,
    0x49,0x54,0x00,0x00,0x00,0x00,0x00,0x00,0x00,0x40,0x00,0x00,0x00,0x00,0x00,0x00,0x00,0x20,0x00,0x00,0x00,0x00,0x00,0x00,
    0x00,0x40,0x00,0x00,0x00,0x00,0x00,0x00,0x58,0x1d,0x00,0x00,0x00,0x00,0x00,0x00,0x01,0x00,0x00,0x00,0x01,0x00,0x00,0x00,
    0x00,0x00,0x00,0x00,0x00,0x00,0x00,0x00,0x0d,0x00,0x00,0x00,0x38,0x00,0x00,0x00,0x18,0x00,0x00,0x00,0x01,0x00,0x00,0x00,
    0x00,0x00,0x00,0x00,0x00,0x00,0x00,0x00,0x6c,0x69,0x62,0x6e,0x61,0x74,0x69,0x76,0x65,0x2d,0x70,0x6c,0x61,0x74,0x66,0x6f,
    0x72,0x6d,0x2e,0x64,0x79,0x6c,0x69,0x62,0x00,0x00,0x00,0x00,0x00,0x00,0x00,0x00,0x22,0x00,0x00,0x80,0x30,0x00,0x00,0x00,
    0x00,0x40,0x00,0x00,0x08,0x00,0x00,0x00,0x08,0x40,0x00,0x00,0x30,0x00,0x00,0x00,0x38,0x40,0x00,0x00,0x38,0x02,0x00,0x00,
    0x70,0x42,0x00,0x00,0x98,0x02,0x00,0x00,0x08,0x45,0x00,0x00,0xa8,0x05,0x00,0x00,0x02,0x00,0x00,0x00,0x18,0x00,0x00,0x00,
    0xf8,0x4a,0x00,0x00,0x57,0x00,0x00,0x00,0x00,0x52,0x00,0x00,0x58,0x0b,0x00,0x00,0x0b,0x00,0x00,0x00,0x50,0x00,0x00,0x00,
    0x00,0x00,0x00,0x00,0x01,0x00,0x00,0x00,0x01,0x00,0x00,0x00,0x2f,0x00,0x00,0x00,0x30,0x00,0x00,0x00,0x27,0x00,0x00,0x00,
    0x00,0x00,0x00,0x00,0x00,0x00,0x00,0x00,0x00,0x00,0x00,0x00,0x00,0x00,0x00,0x00,0x00,0x00,0x00,0x00,0x00,0x00,0x00,0x00,
    0x68,0x50,0x00,0x00,0x66,0x00,0x00,0x00,0x00,0x00,0x00,0x00,0x00,0x00,0x00,0x00,0x00,0x00,0x00,0x00,0x00,0x00,0x00,0x00,
    0x1b,0x00,0x00,0x00,0x18,0x00,0x00,0x00,0xcb,0xb7,0x18,0xff,0x6f,0x9f,0x31,0x43,0x81,0xa0,0xea,0xd3,0x63,0x37,0xd2,0x82,
    0x24,0x00,0x00,0x00,0x10,0x00,0x00,0x00,0x00,0x0d,0x0a,0x00,0x00,0x02,0x0f,0x00,0x2a,0x00,0x00,0x00,0x10,0x00,0x00,0x00,
    0x00,0x00,0x00,0x00,0x00,0x00,0x00,0x00,0x0c,0x00,0x00,0x00,0x68,0x00,0x00,0x00,0x18,0x00,0x00,0x00,0x02,0x00,0x00,0x00,
    0x00,0x00,0xca,0x04,0x00,0x00,0x01,0x00,0x2f,0x53,0x79,0x73,0x74,0x65,0x6d,0x2f,0x4c,0x69,0x62,0x72,0x61,0x72,0x79,0x2f,
    0x46,0x72,0x61,0x6d,0x65,0x77,0x6f,0x72,0x6b,0x73,0x2f,0x43,0x6f,0x72,0x65,0x53,0x65,0x72,0x76,0x69,0x63,0x65,0x73,0x2e,
    0x66,0x72,0x61,0x6d,0x65,0x77,0x6f,0x72,0x6b,0x2f,0x56,0x65,0x72,0x73,0x69,0x6f,0x6e,0x73,0x2f,0x41,0x2f,0x43,0x6f,0x72,
    0x65,0x53,0x65,0x72,0x76,0x69,0x63,0x65,0x73,0x00,0x00,0x00,0x00,0x00,0x00,0x00,0x0c,0x00,0x00,0x00,0x30,0x00,0x00,0x00,
    0x18,0x00,0x00,0x00,0x02,0x00,0x00,0x00,0x00,0x69,0x08,0x07,0x00,0x00,0x01,0x00,0x2f,0x75,0x73,0x72,0x2f,0x6c,0x69,0x62,
    0x2f,0x6c,0x69,0x62,0x63,0x2b,0x2b,0x2e,0x31,0x2e,0x64,0x79,0x6c,0x69,0x62,0x00,0x0c,0x00,0x00,0x00,0x38,0x00,0x00,0x00,
    0x18,0x00,0x00,0x00,0x02,0x00,0x00,0x00,0x00,0x00,0x47,0x05,0x00,0x00,0x01,0x00,0x2f,0x75,0x73,0x72,0x2f,0x6c,0x69,0x62,
    0x2f,0x6c,0x69,0x62,0x53,0x79,0x73,0x74,0x65,0x6d,0x2e,0x42,0x2e,0x64,0x79,0x6c,0x69,0x62,0x00,0x00,0x00,0x00,0x00,0x00,
    0x26,0x00,0x00,0x00,0x10,0x00,0x00,0x00,0xb0,0x4a,0x00,0x00,0x48,0x00,0x00,0x00,0x29,0x00,0x00,0x00,0x10,0x00,0x00,0x00,
    0xf8,0x4a,0x00,0x00,0x00,0x00,0x00,0x00,
];
#[cfg(test)]
const PREFIX_5: &[u8] = &[
    0xca,0xfe,0xba,0xbe,0x00,0x00,0x00,0x02,0x00,0x00,0x00,0x07,0x00,0x00,0x00,0x03,0x00,0x00,0x10,0x00,0x00,0x01,0x54,0xc8,
    0x00,0x00,0x00,0x0c,0x01,0x00,0x00,0x07,0x00,0x00,0x00,0x03,0x00,0x01,0x70,0x00,0x00,0x01,0x52,0xc4,0x00,0x00,0x00,0x0c,
    0x00,0x00,0x00,0x00,0x00,0x00,0x00,0x00,0x00,0x00,0x00,0x00,0x00,0x00,0x00,0x00,0x00,0x00,0x00,0x00,0x00,0x00,0x00,0x00,
    0x00,0x00,0x00,0x00,0x00,0x00,0x00,0x00,0x00,0x00,0x00,0x00,0x00,0x00,0x00,0x00,0x00,0x00,0x00,0x00,0x00,0x00,0x00,0x00,
    0x00,0x00,0x00,0x00,0x00,0x00,0x00,0x00,0x00,0x00,0x00,0x00,0x00,0x00,0x00,0x00,0x00,0x00,0x00,0x00,0x00,0x00,0x00,0x00,
    0x00,0x00,0x00,0x00,0x00,0x00,0x00,0x00,0x00,0x00,0x00,0x00,0x00,0x00,0x00,0x00,0x00,0x00,0x00,0x00,0x00,0x00,0x00,0x00,
    0x00,0x00,0x00,0x00,0x00,0x00,0x00,0x00,0x00,0x00,0x00,0x00,0x00,0x00,0x00,0x00,0x00,0x00,0x00,0x00,0x00,0x00,0x00,0x00,
    0x00,0x00,0x00,0x00,0x00,0x00,0x00,0x00,0x00,0x00,0x00,0x00,0x00,0x00,0x00,0x00,0x00,0x00,0x00,0x00,0x00,0x00,0x00,0x00,
    0x00,0x00,0x00,0x00,0x00,0x00,0x00,0x00,0x00,0x00,0x00,0x00,0x00,0x00,0x00,0x00,0x00,0x00,0x00,0x00,0x00,0x00,0x00,0x00,
    0x00,0x00,0x00,0x00,0x00,0x00,0x00,0x00,0x00,0x00,0x00,0x00,0x00,0x00,0x00,0x00,0x00,0x00,0x00,0x00,0x00,0x00,0x00,0x00,
    0x00,0x00,0x00,0x00,0x00,0x00,0x00,0x00,0x00,0x00,0x00,0x00,0x00,0x00,0x00,0x00,0x00,0x00,0x00,0x00,0x00,0x00,0x00,0x00,
    0x00,0x00,0x00,0x00,0x00,0x00,0x00,0x00,0x00,0x00,0x00,0x00,0x00,0x00,0x00,0x00,0x00,0x00,0x00,0x00,0x00,0x00,0x00,0x00,
    0x00,0x00,0x00,0x00,0x00,0x00,0x00,0x00,0x00,0x00,0x00,0x00,0x00,0x00,0x00,0x00,0x00,0x00,0x00,0x00,0x00,0x00,0x00,0x00,
    0x00,0x00,0x00,0x00,0x00,0x00,0x00,0x00,0x00,0x00,0x00,0x00,0x00,0x00,0x00,0x00,0x00,0x00,0x00,0x00,0x00,0x00,0x00,0x00,
    0x00,0x00,0x00,0x00,0x00,0x00,0x00,0x00,0x00,0x00,0x00,0x00,0x00,0x00,0x00,0x00,0x00,0x00,0x00,0x00,0x00,0x00,0x00,0x00,
    0x00,0x00,0x00,0x00,0x00,0x00,0x00,0x00,0x00,0x00,0x00,0x00,0x00,0x00,0x00,0x00,0x00,0x00,0x00,0x00,0x00,0x00,0x00,0x00,
    0x00,0x00,0x00,0x00,0x00,0x00,0x00,0x00,0x00,0x00,0x00,0x00,0x00,0x00,0x00,0x00,0x00,0x00,0x00,0x00,0x00,0x00,0x00,0x00,
    0x00,0x00,0x00,0x00,0x00,0x00,0x00,0x00,0x00,0x00,0x00,0x00,0x00,0x00,0x00,0x00,0x00,0x00,0x00,0x00,0x00,0x00,0x00,0x00,
    0x00,0x00,0x00,0x00,0x00,0x00,0x00,0x00,0x00,0x00,0x00,0x00,0x00,0x00,0x00,0x00,0x00,0x00,0x00,0x00,0x00,0x00,0x00,0x00,
    0x00,0x00,0x00,0x00,0x00,0x00,0x00,0x00,0x00,0x00,0x00,0x00,0x00,0x00,0x00,0x00,0x00,0x00,0x00,0x00,0x00,0x00,0x00,0x00,
    0x00,0x00,0x00,0x00,0x00,0x00,0x00,0x00,0x00,0x00,0x00,0x00,0x00,0x00,0x00,0x00,0x00,0x00,0x00,0x00,0x00,0x00,0x00,0x00,
    0x00,0x00,0x00,0x00,0x00,0x00,0x00,0x00,0x00,0x00,0x00,0x00,0x00,0x00,0x00,0x00,0x00,0x00,0x00,0x00,0x00,0x00,0x00,0x00,
    0x00,0x00,0x00,0x00,0x00,0x00,0x00,0x00,0x00,0x00,0x00,0x00,0x00,0x00,0x00,0x00,0x00,0x00,0x00,0x00,0x00,0x00,0x00,0x00,
    0x00,0x00,0x00,0x00,0x00,0x00,0x00,0x00,0x00,0x00,0x00,0x00,0x00,0x00,0x00,0x00,0x00,0x00,0x00,0x00,0x00,0x00,0x00,0x00,
    0x00,0x00,0x00,0x00,0x00,0x00,0x00,0x00,0x00,0x00,0x00,0x00,0x00,0x00,0x00,0x00,0x00,0x00,0x00,0x00,0x00,0x00,0x00,0x00,
    0x00,0x00,0x00,0x00,0x00,0x00,0x00,0x00,0x00,0x00,0x00,0x00,0x00,0x00,0x00,0x00,0x00,0x00,0x00,0x00,0x00,0x00,0x00,0x00,
    0x00,0x00,0x00,0x00,0x00,0x00,0x00,0x00,0x00,0x00,0x00,0x00,0x00,0x00,0x00,0x00,0x00,0x00,0x00,0x00,0x00,0x00,0x00,0x00,
    0x00,0x00,0x00,0x00,0x00,0x00,0x00,0x00,0x00,0x00,0x00,0x00,0x00,0x00,0x00,0x00,0x00,0x00,0x00,0x00,0x00,0x00,0x00,0x00,
    0x00,0x00,0x00,0x00,0x00,0x00,0x00,0x00,0x00,0x00,0x00,0x00,0x00,0x00,0x00,0x00,0x00,0x00,0x00,0x00,0x00,0x00,0x00,0x00,
    0x00,0x00,0x00,0x00,0x00,0x00,0x00,0x00,0x00,0x00,0x00,0x00,0x00,0x00,0x00,0x00,0x00,0x00,0x00,0x00,0x00,0x00,0x00,0x00,
    0x00,0x00,0x00,0x00,0x00,0x00,0x00,0x00,0x00,0x00,0x00,0x00,0x00,0x00,0x00,0x00,0x00,0x00,0x00,0x00,0x00,0x00,0x00,0x00,
    0x00,0x00,0x00,0x00,0x00,0x00,0x00,0x00,0x00,0x00,0x00,0x00,0x00,0x00,0x00,0x00,0x00,0x00,0x00,0x00,0x00,0x00,0x00,0x00,
    0x00,0x00,0x00,0x00,0x00,0x00,0x00,0x00,0x00,0x00,0x00,0x00,0x00,0x00,0x00,0x00,0x00,0x00,0x00,0x00,0x00,0x00,0x00,0x00,
    0x00,0x00,0x00,0x00,0x00,0x00,0x00,0x00,0x00,0x00,0x00,0x00,0x00,0x00,0x00,0x00,0x00,0x00,0x00,0x00,0x00,0x00,0x00,0x00,
    0x00,0x00,0x00,0x00,0x00,0x00,0x00,0x00,0x00,0x00,0x00,0x00,0x00,0x00,0x00,0x00,0x00,0x00,0x00,0x00,0x00,0x00,0x00,0x00,
    0x00,0x00,0x00,0x00,0x00,0x00,0x00,0x00,0x00,0x00,0x00,0x00,0x00,0x00,0x00,0x00,0x00,0x00,0x00,0x00,0x00,0x00,0x00,0x00,
    0x00,0x00,0x00,0x00,0x00,0x00,0x00,0x00,0x00,0x00,0x00,0x00,0x00,0x00,0x00,0x00,0x00,0x00,0x00,0x00,0x00,0x00,0x00,0x00,
    0x00,0x00,0x00,0x00,0x00,0x00,0x00,0x00,0x00,0x00,0x00,0x00,0x00,0x00,0x00,0x00,0x00,0x00,0x00,0x00,0x00,0x00,0x00,0x00,
    0x00,0x00,0x00,0x00,0x00,0x00,0x00,0x00,0x00,0x00,0x00,0x00,0x00,0x00,0x00,0x00,0x00,0x00,0x00,0x00,0x00,0x00,0x00,0x00,
    0x00,0x00,0x00,0x00,0x00,0x00,0x00,0x00,0x00,0x00,0x00,0x00,0x00,0x00,0x00,0x00,0x00,0x00,0x00,0x00,0x00,0x00,0x00,0x00,
    0x00,0x00,0x00,0x00,0x00,0x00,0x00,0x00,0x00,0x00,0x00,0x00,0x00,0x00,0x00,0x00,0x00,0x00,0x00,0x00,0x00,0x00,0x00,0x00,
    0x00,0x00,0x00,0x00,0x00,0x00,0x00,0x00,0x00,0x00,0x00,0x00,0x00,0x00,0x00,0x00,0x00,0x00,0x00,0x00,0x00,0x00,0x00,0x00,
    0x00,0x00,0x00,0x00,0x00,0x00,0x00,0x00,0x00,0x00,0x00,0x00,0x00,0x00,0x00,0x00,0x00,0x00,0x00,0x00,0x00,0x00,0x00,0x00,
    0x00,0x00,0x00,0x00,0x00,0x00,0x00,0x00,0x00,0x00,0x00,0x00,0x00,0x00,0x00,0x00,0x00,0x00,0x00,0x00,0x00,0x00,0x00,0x00,
    0x00,0x00,0x00,0x00,0x00,0x00,0x00,0x00,0x00,0x00,0x00,0x00,0x00,0x00,0x00,0x00,0x00,0x00,0x00,0x00,0x00,0x00,0x00,0x00,
    0x00,0x00,0x00,0x00,0x00,0x00,0x00,0x00,0x00,0x00,0x00,0x00,0x00,0x00,0x00,0x00,0x00,0x00,0x00,0x00,0x00,0x00,0x00,0x00,
    0x00,0x00,0x00,0x00,0x00,0x00,0x00,0x00,0x00,0x00,0x00,0x00,0x00,0x00,0x00,0x00,0x00,0x00,0x00,0x00,0x00,0x00,0x00,0x00,
    0x00,0x00,0x00,0x00,0x00,0x00,0x00,0x00,0x00,0x00,0x00,0x00,0x00,0x00,0x00,0x00,0x00,0x00,0x00,0x00,0x00,0x00,0x00,0x00,
    0x00,0x00,0x00,0x00,0x00,0x00,0x00,0x00,0x00,0x00,0x00,0x00,0x00,0x00,0x00,0x00,0x00,0x00,0x00,0x00,0x00,0x00,0x00,0x00,
    0x00,0x00,0x00,0x00,0x00,0x00,0x00,0x00,0x00,0x00,0x00,0x00,0x00,0x00,0x00,0x00,0x00,0x00,0x00,0x00,0x00,0x00,0x00,0x00,
    0x00,0x00,0x00,0x00,0x00,0x00,0x00,0x00,0x00,0x00,0x00,0x00,0x00,0x00,0x00,0x00,0x00,0x00,0x00,0x00,0x00,0x00,0x00,0x00,
    0x00,0x00,0x00,0x00,0x00,0x00,0x00,0x00,0x00,0x00,0x00,0x00,0x00,0x00,0x00,0x00,0x00,0x00,0x00,0x00,0x00,0x00,0x00,0x00,
    0x00,0x00,0x00,0x00,0x00,0x00,0x00,0x00,0x00,0x00,0x00,0x00,0x00,0x00,0x00,0x00,0x00,0x00,0x00,0x00,0x00,0x00,0x00,0x00,
    0x00,0x00,0x00,0x00,0x00,0x00,0x00,0x00,0x00,0x00,0x00,0x00,0x00,0x00,0x00,0x00,0x00,0x00,0x00,0x00,0x00,0x00,0x00,0x00,
    0x00,0x00,0x00,0x00,0x00,0x00,0x00,0x00,0x00,0x00,0x00,0x00,0x00,0x00,0x00,0x00,0x00,0x00,0x00,0x00,0x00,0x00,0x00,0x00,
    0x00,0x00,0x00,0x00,0x00,0x00,0x00,0x00,0x00,0x00,0x00,0x00,0x00,0x00,0x00,0x00,0x00,0x00,0x00,0x00,0x00,0x00,0x00,0x00,
    0x00,0x00,0x00,0x00,0x00,0x00,0x00,0x00,0x00,0x00,0x00,0x00,0x00,0x00,0x00,0x00,0x00,0x00,0x00,0x00,0x00,0x00,0x00,0x00,
    0x00,0x00,0x00,0x00,0x00,0x00,0x00,0x00,0x00,0x00,0x00,0x00,0x00,0x00,0x00,0x00,0x00,0x00,0x00,0x00,0x00,0x00,0x00,0x00,
    0x00,0x00,0x00,0x00,0x00,0x00,0x00,0x00,0x00,0x00,0x00,0x00,0x00,0x00,0x00,0x00,0x00,0x00,0x00,0x00,0x00,0x00,0x00,0x00,
    0x00,0x00,0x00,0x00,0x00,0x00,0x00,0x00,0x00,0x00,0x00,0x00,0x00,0x00,0x00,0x00,0x00,0x00,0x00,0x00,0x00,0x00,0x00,0x00,
    0x00,0x00,0x00,0x00,0x00,0x00,0x00,0x00,0x00,0x00,0x00,0x00,0x00,0x00,0x00,0x00,0x00,0x00,0x00,0x00,0x00,0x00,0x00,0x00,
    0x00,0x00,0x00,0x00,0x00,0x00,0x00,0x00,0x00,0x00,0x00,0x00,0x00,0x00,0x00,0x00,0x00,0x00,0x00,0x00,0x00,0x00,0x00,0x00,
    0x00,0x00,0x00,0x00,0x00,0x00,0x00,0x00,0x00,0x00,0x00,0x00,0x00,0x00,0x00,0x00,0x00,0x00,0x00,0x00,0x00,0x00,0x00,0x00,
    0x00,0x00,0x00,0x00,0x00,0x00,0x00,0x00,0x00,0x00,0x00,0x00,0x00,0x00,0x00,0x00,0x00,0x00,0x00,0x00,0x00,0x00,0x00,0x00,
    0x00,0x00,0x00,0x00,0x00,0x00,0x00,0x00,0x00,0x00,0x00,0x00,0x00,0x00,0x00,0x00,0x00,0x00,0x00,0x00,0x00,0x00,0x00,0x00,
    0x00,0x00,0x00,0x00,0x00,0x00,0x00,0x00,0x00,0x00,0x00,0x00,0x00,0x00,0x00,0x00,0x00,0x00,0x00,0x00,0x00,0x00,0x00,0x00,
    0x00,0x00,0x00,0x00,0x00,0x00,0x00,0x00,0x00,0x00,0x00,0x00,0x00,0x00,0x00,0x00,0x00,0x00,0x00,0x00,0x00,0x00,0x00,0x00,
    0x00,0x00,0x00,0x00,0x00,0x00,0x00,0x00,0x00,0x00,0x00,0x00,0x00,0x00,0x00,0x00,0x00,0x00,0x00,0x00,0x00,0x00,0x00,0x00,
    0x00,0x00,0x00,0x00,0x00,0x00,0x00,0x00,0x00,0x00,0x00,0x00,0x00,0x00,0x00,0x00,0x00,0x00,0x00,0x00,0x00,0x00,0x00,0x00,
    0x00,0x00,0x00,0x00,0x00,0x00,0x00,0x00,0x00,0x00,0x00,0x00,0x00,0x00,0x00,0x00,0x00,0x00,0x00,0x00,0x00,0x00,0x00,0x00,
    0x00,0x00,0x00,0x00,0x00,0x00,0x00,0x00,0x00,0x00,0x00,0x00,0x00,0x00,0x00,0x00,0x00,0x00,0x00,0x00,0x00,0x00,0x00,0x00,
    0x00,0x00,0x00,0x00,0x00,0x00,0x00,0x00,0x00,0x00,0x00,0x00,0x00,0x00,0x00,0x00,0x00,0x00,0x00,0x00,0x00,0x00,0x00,0x00,
    0x00,0x00,0x00,0x00,0x00,0x00,0x00,0x00,0x00,0x00,0x00,0x00,0x00,0x00,0x00,0x00,0x00,0x00,0x00,0x00,0x00,0x00,0x00,0x00,
    0x00,0x00,0x00,0x00,0x00,0x00,0x00,0x00,0x00,0x00,0x00,0x00,0x00,0x00,0x00,0x00,0x00,0x00,0x00,0x00,0x00,0x00,0x00,0x00,
    0x00,0x00,0x00,0x00,0x00,0x00,0x00,0x00,0x00,0x00,0x00,0x00,0x00,0x00,0x00,0x00,0x00,0x00,0x00,0x00,0x00,0x00,0x00,0x00,
    0x00,0x00,0x00,0x00,0x00,0x00,0x00,0x00,0x00,0x00,0x00,0x00,0x00,0x00,0x00,0x00,0x00,0x00,0x00,0x00,0x00,0x00,0x00,0x00,
    0x00,0x00,0x00,0x00,0x00,0x00,0x00,0x00,0x00,0x00,0x00,0x00,0x00,0x00,0x00,0x00,0x00,0x00,0x00,0x00,0x00,0x00,0x00,0x00,
    0x00,0x00,0x00,0x00,0x00,0x00,0x00,0x00,0x00,0x00,0x00,0x00,0x00,0x00,0x00,0x00,0x00,0x00,0x00,0x00,0x00,0x00,0x00,0x00,
    0x00,0x00,0x00,0x00,0x00,0x00,0x00,0x00,0x00,0x00,0x00,0x00,0x00,0x00,0x00,0x00,0x00,0x00,0x00,0x00,0x00,0x00,0x00,0x00,
    0x00,0x00,0x00,0x00,0x00,0x00,0x00,0x00,0x00,0x00,0x00,0x00,0x00,0x00,0x00,0x00,0x00,0x00,0x00,0x00,0x00,0x00,0x00,0x00,
    0x00,0x00,0x00,0x00,0x00,0x00,0x00,0x00,0x00,0x00,0x00,0x00,0x00,0x00,0x00,0x00,0x00,0x00,0x00,0x00,0x00,0x00,0x00,0x00,
    0x00,0x00,0x00,0x00,0x00,0x00,0x00,0x00,0x00,0x00,0x00,0x00,0x00,0x00,0x00,0x00,0x00,0x00,0x00,0x00,0x00,0x00,0x00,0x00,
    0x00,0x00,0x00,0x00,0x00,0x00,0x00,0x00,0x00,0x00,0x00,0x00,0x00,0x00,0x00,0x00,0x00,0x00,0x00,0x00,0x00,0x00,0x00,0x00,
    0x00,0x00,0x00,0x00,0x00,0x00,0x00,0x00,0x00,0x00,0x00,0x00,0x00,0x00,0x00,0x00,0x00,0x00,0x00,0x00,0x00,0x00,0x00,0x00,
    0x00,0x00,0x00,0x00,0x00,0x00,0x00,0x00,0x00,0x00,0x00,0x00,0x00,0x00,0x00,0x00,0x00,0x00,0x00,0x00,0x00,0x00,0x00,0x00,
    0x00,0x00,0x00,0x00,0x00,0x00,0x00,0x00,0x00,0x00,0x00,0x00,0x00,0x00,0x00,0x00,0x00,0x00,0x00,0x00,0x00,0x00,0x00,0x00,
    0x00,0x00,0x00,0x00,0x00,0x00,0x00,0x00,0x00,0x00,0x00,0x00,0x00,0x00,0x00,0x00,0x00,0x00,0x00,0x00,0x00,0x00,0x00,0x00,
    0x00,0x00,0x00,0x00,0x00,0x00,0x00,0x00,0x00,0x00,0x00,0x00,0x00,0x00,0x00,0x00,0x00,0x00,0x00,0x00,0x00,0x00,0x00,0x00,
    0x00,0x00,0x00,0x00,0x00,0x00,0x00,0x00,0x00,0x00,0x00,0x00,0x00,0x00,0x00,0x00,0x00,0x00,0x00,0x00,0x00,0x00,0x00,0x00,
    0x00,0x00,0x00,0x00,0x00,0x00,0x00,0x00,0x00,0x00,0x00,0x00,0x00,0x00,0x00,0x00,0x00,0x00,0x00,0x00,0x00,0x00,0x00,0x00,
    0x00,0x00,0x00,0x00,0x00,0x00,0x00,0x00,0x00,0x00,0x00,0x00,0x00,0x00,0x00,0x00,0x00,0x00,0x00,0x00,0x00,0x00,0x00,0x00,
    0x00,0x00,0x00,0x00,0x00,0x00,0x00,0x00,0x00,0x00,0x00,0x00,0x00,0x00,0x00,0x00,0x00,0x00,0x00,0x00,0x00,0x00,0x00,0x00,
    0x00,0x00,0x00,0x00,0x00,0x00,0x00,0x00,0x00,0x00,0x00,0x00,0x00,0x00,0x00,0x00,0x00,0x00,0x00,0x00,0x00,0x00,0x00,0x00,
    0x00,0x00,0x00,0x00,0x00,0x00,0x00,0x00,0x00,0x00,0x00,0x00,0x00,0x00,0x00,0x00,0x00,0x00,0x00,0x00,0x00,0x00,0x00,0x00,
    0x00,0x00,0x00,0x00,0x00,0x00,0x00,0x00,0x00,0x00,0x00,0x00,0x00,0x00,0x00,0x00,0x00,0x00,0x00,0x00,0x00,0x00,0x00,0x00,
    0x00,0x00,0x00,0x00,0x00,0x00,0x00,0x00,0x00,0x00,0x00,0x00,0x00,0x00,0x00,0x00,0x00,0x00,0x00,0x00,0x00,0x00,0x00,0x00,
    0x00,0x00,0x00,0x00,0x00,0x00,0x00,0x00,0x00,0x00,0x00,0x00,0x00,0x00,0x00,0x00,0x00,0x00,0x00,0x00,0x00,0x00,0x00,0x00,
    0x00,0x00,0x00,0x00,0x00,0x00,0x00,0x00,0x00,0x00,0x00,0x00,0x00,0x00,0x00,0x00,0x00,0x00,0x00,0x00,0x00,0x00,0x00,0x00,
    0x00,0x00,0x00,0x00,0x00,0x00,0x00,0x00,0x00,0x00,0x00,0x00,0x00,0x00,0x00,0x00,0x00,0x00,0x00,0x00,0x00,0x00,0x00,0x00,
    0x00,0x00,0x00,0x00,0x00,0x00,0x00,0x00,0x00,0x00,0x00,0x00,0x00,0x00,0x00,0x00,0x00,0x00,0x00,0x00,0x00,0x00,0x00,0x00,
    0x00,0x00,0x00,0x00,0x00,0x00,0x00,0x00,0x00,0x00,0x00,0x00,0x00,0x00,0x00,0x00,0x00,0x00,0x00,0x00,0x00,0x00,0x00,0x00,
    0x00,0x00,0x00,0x00,0x00,0x00,0x00,0x00,0x00,0x00,0x00,0x00,0x00,0x00,0x00,0x00,0x00,0x00,0x00,0x00,0x00,0x00,0x00,0x00,
    0x00,0x00,0x00,0x00,0x00,0x00,0x00,0x00,0x00,0x00,0x00,0x00,0x00,0x00,0x00,0x00,0x00,0x00,0x00,0x00,0x00,0x00,0x00,0x00,
    0x00,0x00,0x00,0x00,0x00,0x00,0x00,0x00,0x00,0x00,0x00,0x00,0x00,0x00,0x00,0x00,0x00,0x00,0x00,0x00,0x00,0x00,0x00,0x00,
    0x00,0x00,0x00,0x00,0x00,0x00,0x00,0x00,0x00,0x00,0x00,0x00,0x00,0x00,0x00,0x00,0x00,0x00,0x00,0x00,0x00,0x00,0x00,0x00,
    0x00,0x00,0x00,0x00,0x00,0x00,0x00,0x00,0x00,0x00,0x00,0x00,0x00,0x00,0x00,0x00,0x00,0x00,0x00,0x00,0x00,0x00,0x00,0x00,
    0x00,0x00,0x00,0x00,0x00,0x00,0x00,0x00,0x00,0x00,0x00,0x00,0x00,0x00,0x00,0x00,0x00,0x00,0x00,0x00,0x00,0x00,0x00,0x00,
    0x00,0x00,0x00,0x00,0x00,0x00,0x00,0x00,0x00,0x00,0x00,0x00,0x00,0x00,0x00,0x00,0x00,0x00,0x00,0x00,0x00,0x00,0x00,0x00,
    0x00,0x00,0x00,0x00,0x00,0x00,0x00,0x00,0x00,0x00,0x00,0x00,0x00,0x00,0x00,0x00,0x00,0x00,0x00,0x00,0x00,0x00,0x00,0x00,
    0x00,0x00,0x00,0x00,0x00,0x00,0x00,0x00,0x00,0x00,0x00,0x00,0x00,0x00,0x00,0x00,0x00,0x00,0x00,0x00,0x00,0x00,0x00,0x00,
    0x00,0x00,0x00,0x00,0x00,0x00,0x00,0x00,0x00,0x00,0x00,0x00,0x00,0x00,0x00,0x00,0x00,0x00,0x00,0x00,0x00,0x00,0x00,0x00,
    0x00,0x00,0x00,0x00,0x00,0x00,0x00,0x00,0x00,0x00,0x00,0x00,0x00,0x00,0x00,0x00,0x00,0x00,0x00,0x00,0x00,0x00,0x00,0x00,
    0x00,0x00,0x00,0x00,0x00,0x00,0x00,0x00,0x00,0x00,0x00,0x00,0x00,0x00,0x00,0x00,0x00,0x00,0x00,0x00,0x00,0x00,0x00,0x00,
    0x00,0x00,0x00,0x00,0x00,0x00,0x00,0x00,0x00,0x00,0x00,0x00,0x00,0x00,0x00,0x00,0x00,0x00,0x00,0x00,0x00,0x00,0x00,0x00,
    0x00,0x00,0x00,0x00,0x00,0x00,0x00,0x00,0x00,0x00,0x00,0x00,0x00,0x00,0x00,0x00,0x00,0x00,0x00,0x00,0x00,0x00,0x00,0x00,
    0x00,0x00,0x00,0x00,0x00,0x00,0x00,0x00,0x00,0x00,0x00,0x00,0x00,0x00,0x00,0x00,0x00,0x00,0x00,0x00,0x00,0x00,0x00,0x00,
    0x00,0x00,0x00,0x00,0x00,0x00,0x00,0x00,0x00,0x00,0x00,0x00,0x00,0x00,0x00,0x00,0x00,0x00,0x00,0x00,0x00,0x00,0x00,0x00,
    0x00,0x00,0x00,0x00,0x00,0x00,0x00,0x00,0x00,0x00,0x00,0x00,0x00,0x00,0x00,0x00,0x00,0x00,0x00,0x00,0x00,0x00,0x00,0x00,
    0x00,0x00,0x00,0x00,0x00,0x00,0x00,0x00,0x00,0x00,0x00,0x00,0x00,0x00,0x00,0x00,0x00,0x00,0x00,0x00,0x00,0x00,0x00,0x00,
    0x00,0x00,0x00,0x00,0x00,0x00,0x00,0x00,0x00,0x00,0x00,0x00,0x00,0x00,0x00,0x00,0x00,0x00,0x00,0x00,0x00,0x00,0x00,0x00,
    0x00,0x00,0x00,0x00,0x00,0x00,0x00,0x00,0x00,0x00,0x00,0x00,0x00,0x00,0x00,0x00,0x00,0x00,0x00,0x00,0x00,0x00,0x00,0x00,
    0x00,0x00,0x00,0x00,0x00,0x00,0x00,0x00,0x00,0x00,0x00,0x00,0x00,0x00,0x00,0x00,0x00,0x00,0x00,0x00,0x00,0x00,0x00,0x00,
    0x00,0x00,0x00,0x00,0x00,0x00,0x00,0x00,0x00,0x00,0x00,0x00,0x00,0x00,0x00,0x00,0x00,0x00,0x00,0x00,0x00,0x00,0x00,0x00,
    0x00,0x00,0x00,0x00,0x00,0x00,0x00,0x00,0x00,0x00,0x00,0x00,0x00,0x00,0x00,0x00,0x00,0x00,0x00,0x00,0x00,0x00,0x00,0x00,
    0x00,0x00,0x00,0x00,0x00,0x00,0x00,0x00,0x00,0x00,0x00,0x00,0x00,0x00,0x00,0x00,0x00,0x00,0x00,0x00,0x00,0x00,0x00,0x00,
    0x00,0x00,0x00,0x00,0x00,0x00,0x00,0x00,0x00,0x00,0x00,0x00,0x00,0x00,0x00,0x00,0x00,0x00,0x00,0x00,0x00,0x00,0x00,0x00,
    0x00,0x00,0x00,0x00,0x00,0x00,0x00,0x00,0x00,0x00,0x00,0x00,0x00,0x00,0x00,0x00,0x00,0x00,0x00,0x00,0x00,0x00,0x00,0x00,
    0x00,0x00,0x00,0x00,0x00,0x00,0x00,0x00,0x00,0x00,0x00,0x00,0x00,0x00,0x00,0x00,0x00,0x00,0x00,0x00,0x00,0x00,0x00,0x00,
    0x00,0x00,0x00,0x00,0x00,0x00,0x00,0x00,0x00,0x00,0x00,0x00,0x00,0x00,0x00,0x00,0x00,0x00,0x00,0x00,0x00,0x00,0x00,0x00,
    0x00,0x00,0x00,0x00,0x00,0x00,0x00,0x00,0x00,0x00,0x00,0x00,0x00,0x00,0x00,0x00,0x00,0x00,0x00,0x00,0x00,0x00,0x00,0x00,
    0x00,0x00,0x00,0x00,0x00,0x00,0x00,0x00,0x00,0x00,0x00,0x00,0x00,0x00,0x00,0x00,0x00,0x00,0x00,0x00,0x00,0x00,0x00,0x00,
    0x00,0x00,0x00,0x00,0x00,0x00,0x00,0x00,0x00,0x00,0x00,0x00,0x00,0x00,0x00,0x00,0x00,0x00,0x00,0x00,0x00,0x00,0x00,0x00,
    0x00,0x00,0x00,0x00,0x00,0x00,0x00,0x00,0x00,0x00,0x00,0x00,0x00,0x00,0x00,0x00,0x00,0x00,0x00,0x00,0x00,0x00,0x00,0x00,
    0x00,0x00,0x00,0x00,0x00,0x00,0x00,0x00,0x00,0x00,0x00,0x00,0x00,0x00,0x00,0x00,0x00,0x00,0x00,0x00,0x00,0x00,0x00,0x00,
    0x00,0x00,0x00,0x00,0x00,0x00,0x00,0x00,0x00,0x00,0x00,0x00,0x00,0x00,0x00,0x00,0x00,0x00,0x00,0x00,0x00,0x00,0x00,0x00,
    0x00,0x00,0x00,0x00,0x00,0x00,0x00,0x00,0x00,0x00,0x00,0x00,0x00,0x00,0x00,0x00,0x00,0x00,0x00,0x00,0x00,0x00,0x00,0x00,
    0x00,0x00,0x00,0x00,0x00,0x00,0x00,0x00,0x00,0x00,0x00,0x00,0x00,0x00,0x00,0x00,0x00,0x00,0x00,0x00,0x00,0x00,0x00,0x00,
    0x00,0x00,0x00,0x00,0x00,0x00,0x00,0x00,0x00,0x00,0x00,0x00,0x00,0x00,0x00,0x00,0x00,0x00,0x00,0x00,0x00,0x00,0x00,0x00,
    0x00,0x00,0x00,0x00,0x00,0x00,0x00,0x00,0x00,0x00,0x00,0x00,0x00,0x00,0x00,0x00,0x00,0x00,0x00,0x00,0x00,0x00,0x00,0x00,
    0x00,0x00,0x00,0x00,0x00,0x00,0x00,0x00,0x00,0x00,0x00,0x00,0x00,0x00,0x00,0x00,0x00,0x00,0x00,0x00,0x00,0x00,0x00,0x00,
    0x00,0x00,0x00,0x00,0x00,0x00,0x00,0x00,0x00,0x00,0x00,0x00,0x00,0x00,0x00,0x00,0x00,0x00,0x00,0x00,0x00,0x00,0x00,0x00,
    0x00,0x00,0x00,0x00,0x00,0x00,0x00,0x00,0x00,0x00,0x00,0x00,0x00,0x00,0x00,0x00,0x00,0x00,0x00,0x00,0x00,0x00,0x00,0x00,
    0x00,0x00,0x00,0x00,0x00,0x00,0x00,0x00,0x00,0x00,0x00,0x00,0x00,0x00,0x00,0x00,0x00,0x00,0x00,0x00,0x00,0x00,0x00,0x00,
    0x00,0x00,0x00,0x00,0x00,0x00,0x00,0x00,0x00,0x00,0x00,0x00,0x00,0x00,0x00,0x00,0x00,0x00,0x00,0x00,0x00,0x00,0x00,0x00,
    0x00,0x00,0x00,0x00,0x00,0x00,0x00,0x00,0x00,0x00,0x00,0x00,0x00,0x00,0x00,0x00,0x00,0x00,0x00,0x00,0x00,0x00,0x00,0x00,
    0x00,0x00,0x00,0x00,0x00,0x00,0x00,0x00,0x00,0x00,0x00,0x00,0x00,0x00,0x00,0x00,0x00,0x00,0x00,0x00,0x00,0x00,0x00,0x00,
    0x00,0x00,0x00,0x00,0x00,0x00,0x00,0x00,0x00,0x00,0x00,0x00,0x00,0x00,0x00,0x00,0x00,0x00,0x00,0x00,0x00,0x00,0x00,0x00,
    0x00,0x00,0x00,0x00,0x00,0x00,0x00,0x00,0x00,0x00,0x00,0x00,0x00,0x00,0x00,0x00,0x00,0x00,0x00,0x00,0x00,0x00,0x00,0x00,
    0x00,0x00,0x00,0x00,0x00,0x00,0x00,0x00,0x00,0x00,0x00,0x00,0x00,0x00,0x00,0x00,0x00,0x00,0x00,0x00,0x00,0x00,0x00,0x00,
    0x00,0x00,0x00,0x00,0x00,0x00,0x00,0x00,0x00,0x00,0x00,0x00,0x00,0x00,0x00,0x00,0x00,0x00,0x00,0x00,0x00,0x00,0x00,0x00,
    0x00,0x00,0x00,0x00,0x00,0x00,0x00,0x00,0x00,0x00,0x00,0x00,0x00,0x00,0x00,0x00,0x00,0x00,0x00,0x00,0x00,0x00,0x00,0x00,
    0x00,0x00,0x00,0x00,0x00,0x00,0x00,0x00,0x00,0x00,0x00,0x00,0x00,0x00,0x00,0x00,0x00,0x00,0x00,0x00,0x00,0x00,0x00,0x00,
    0x00,0x00,0x00,0x00,0x00,0x00,0x00,0x00,0x00,0x00,0x00,0x00,0x00,0x00,0x00,0x00,0x00,0x00,0x00,0x00,0x00,0x00,0x00,0x00,
    0x00,0x00,0x00,0x00,0x00,0x00,0x00,0x00,0x00,0x00,0x00,0x00,0x00,0x00,0x00,0x00,0x00,0x00,0x00,0x00,0x00,0x00,0x00,0x00,
    0x00,0x00,0x00,0x00,0x00,0x00,0x00,0x00,0x00,0x00,0x00,0x00,0x00,0x00,0x00,0x00,0x00,0x00,0x00,0x00,0x00,0x00,0x00,0x00,
    0x00,0x00,0x00,0x00,0x00,0x00,0x00,0x00,0x00,0x00,0x00,0x00,0x00,0x00,0x00,0x00,0x00,0x00,0x00,0x00,0x00,0x00,0x00,0x00,
    0x00,0x00,0x00,0x00,0x00,0x00,0x00,0x00,0x00,0x00,0x00,0x00,0x00,0x00,0x00,0x00,0x00,0x00,0x00,0x00,0x00,0x00,0x00,0x00,
    0x00,0x00,0x00,0x00,0x00,0x00,0x00,0x00,0x00,0x00,0x00,0x00,0x00,0x00,0x00,0x00,0x00,0x00,0x00,0x00,0x00,0x00,0x00,0x00,
    0x00,0x00,0x00,0x00,0x00,0x00,0x00,0x00,0x00,0x00,0x00,0x00,0x00,0x00,0x00,0x00,0x00,0x00,0x00,0x00,0x00,0x00,0x00,0x00,
    0x00,0x00,0x00,0x00,0x00,0x00,0x00,0x00,0x00,0x00,0x00,0x00,0x00,0x00,0x00,0x00,0x00,0x00,0x00,0x00,0x00,0x00,0x00,0x00,
    0x00,0x00,0x00,0x00,0x00,0x00,0x00,0x00,0x00,0x00,0x00,0x00,0x00,0x00,0x00,0x00,0x00,0x00,0x00,0x00,0x00,0x00,0x00,0x00,
    0x00,0x00,0x00,0x00,0x00,0x00,0x00,0x00,0x00,0x00,0x00,0x00,0x00,0x00,0x00,0x00,0x00,0x00,0x00,0x00,0x00,0x00,0x00,0x00,
    0x00,0x00,0x00,0x00,0x00,0x00,0x00,0x00,0x00,0x00,0x00,0x00,0x00,0x00,0x00,0x00,0x00,0x00,0x00,0x00,0x00,0x00,0x00,0x00,
    0x00,0x00,0x00,0x00,0x00,0x00,0x00,0x00,0x00,0x00,0x00,0x00,0x00,0x00,0x00,0x00,0x00,0x00,0x00,0x00,0x00,0x00,0x00,0x00,
    0x00,0x00,0x00,0x00,0x00,0x00,0x00,0x00,0x00,0x00,0x00,0x00,0x00,0x00,0x00,0x00,0x00,0x00,0x00,0x00,0x00,0x00,0x00,0x00,
    0x00,0x00,0x00,0x00,0x00,0x00,0x00,0x00,0x00,0x00,0x00,0x00,0x00,0x00,0x00,0x00,0x00,0x00,0x00,0x00,0x00,0x00,0x00,0x00,
    0x00,0x00,0x00,0x00,0x00,0x00,0x00,0x00,0x00,0x00,0x00,0x00,0x00,0x00,0x00,0x00,0x00,0x00,0x00,0x00,0x00,0x00,0x00,0x00,
    0x00,0x00,0x00,0x00,0x00,0x00,0x00,0x00,0x00,0x00,0x00,0x00,0x00,0x00,0x00,0x00,0x00,0x00,0x00,0x00,0x00,0x00,0x00,0x00,
    0x00,0x00,0x00,0x00,0x00,0x00,0x00,0x00,0x00,0x00,0x00,0x00,0x00,0x00,0x00,0x00,0x00,0x00,0x00,0x00,0x00,0x00,0x00,0x00,
    0x00,0x00,0x00,0x00,0x00,0x00,0x00,0x00,0x00,0x00,0x00,0x00,0x00,0x00,0x00,0x00,0x00,0x00,0x00,0x00,0x00,0x00,0x00,0x00,
    0x00,0x00,0x00,0x00,0x00,0x00,0x00,0x00,0x00,0x00,0x00,0x00,0x00,0x00,0x00,0x00,
];
#[cfg(test)]
const COMMANDS_5: &[u8] = &[
    0xcf,0xfa,0xed,0xfe,0x07,0x00,0x00,0x01,0x03,0x00,0x00,0x00,0x06,0x00,0x00,0x00,0x0e,0x00,0x00,0x00,0x40,0x07,0x00,0x00,
    0x85,0x00,0x00,0x00,0x00,0x00,0x00,0x00,0x19,0x00,0x00,0x00,0x28,0x02,0x00,0x00,0x5f,0x5f,0x54,0x45,0x58,0x54,0x00,0x00,
    0x00,0x00,0x00,0x00,0x00,0x00,0x00,0x00,0x00,0x00,0x00,0x00,0x00,0x00,0x00,0x00,0x00,0x20,0x01,0x00,0x00,0x00,0x00,0x00,
    0x00,0x00,0x00,0x00,0x00,0x00,0x00,0x00,0x00,0x20,0x01,0x00,0x00,0x00,0x00,0x00,0x07,0x00,0x00,0x00,0x05,0x00,0x00,0x00,
    0x06,0x00,0x00,0x00,0x00,0x00,0x00,0x00,0x5f,0x5f,0x74,0x65,0x78,0x74,0x00,0x00,0x00,0x00,0x00,0x00,0x00,0x00,0x00,0x00,
    0x5f,0x5f,0x54,0x45,0x58,0x54,0x00,0x00,0x00,0x00,0x00,0x00,0x00,0x00,0x00,0x00,0x60,0x0c,0x00,0x00,0x00,0x00,0x00,0x00,
    0x9e,0xd4,0x00,0x00,0x00,0x00,0x00,0x00,0x60,0x0c,0x00,0x00,0x04,0x00,0x00,0x00,0x00,0x00,0x00,0x00,0x00,0x00,0x00,0x00,
    0x00,0x04,0x00,0x80,0x00,0x00,0x00,0x00,0x00,0x00,0x00,0x00,0x00,0x00,0x00,0x00,0x5f,0x5f,0x73,0x74,0x75,0x62,0x73,0x00,
    0x00,0x00,0x00,0x00,0x00,0x00,0x00,0x00,0x5f,0x5f,0x54,0x45,0x58,0x54,0x00,0x00,0x00,0x00,0x00,0x00,0x00,0x00,0x00,0x00,
    0xfe,0xe0,0x00,0x00,0x00,0x00,0x00,0x00,0xde,0x00,0x00,0x00,0x00,0x00,0x00,0x00,0xfe,0xe0,0x00,0x00,0x01,0x00,0x00,0x00,
    0x00,0x00,0x00,0x00,0x00,0x00,0x00,0x00,0x08,0x04,0x00,0x80,0x00,0x00,0x00,0x00,0x06,0x00,0x00,0x00,0x00,0x00,0x00,0x00,
    0x5f,0x5f,0x73,0x74,0x75,0x62,0x5f,0x68,0x65,0x6c,0x70,0x65,0x72,0x00,0x00,0x00,0x5f,0x5f,0x54,0x45,0x58,0x54,0x00,0x00,
    0x00,0x00,0x00,0x00,0x00,0x00,0x00,0x00,0xdc,0xe1,0x00,0x00,0x00,0x00,0x00,0x00,0xbc,0x01,0x00,0x00,0x00,0x00,0x00,0x00,
    0xdc,0xe1,0x00,0x00,0x02,0x00,0x00,0x00,0x00,0x00,0x00,0x00,0x00,0x00,0x00,0x00,0x00,0x04,0x00,0x80,0x00,0x00,0x00,0x00,
    0x00,0x00,0x00,0x00,0x00,0x00,0x00,0x00,0x5f,0x5f,0x63,0x6f,0x6e,0x73,0x74,0x00,0x00,0x00,0x00,0x00,0x00,0x00,0x00,0x00,
    0x5f,0x5f,0x54,0x45,0x58,0x54,0x00,0x00,0x00,0x00,0x00,0x00,0x00,0x00,0x00,0x00,0xa0,0xe3,0x00,0x00,0x00,0x00,0x00,0x00,
    0x40,0x02,0x00,0x00,0x00,0x00,0x00,0x00,0xa0,0xe3,0x00,0x00,0x04,0x00,0x00,0x00,0x00,0x00,0x00,0x00,0x00,0x00,0x00,0x00,
    0x00,0x00,0x00,0x00,0x00,0x00,0x00,0x00,0x00,0x00,0x00,0x00,0x00,0x00,0x00,0x00,0x5f,0x5f,0x63,0x73,0x74,0x72,0x69,0x6e,
    0x67,0x00,0x00,0x00,0x00,0x00,0x00,0x00,0x5f,0x5f,0x54,0x45,0x58,0x54,0x00,0x00,0x00,0x00,0x00,0x00,0x00,0x00,0x00,0x00,
    0xe0,0xe5,0x00,0x00,0x00,0x00,0x00,0x00,0xe4,0x21,0x00,0x00,0x00,0x00,0x00,0x00,0xe0,0xe5,0x00,0x00,0x00,0x00,0x00,0x00,
    0x00,0x00,0x00,0x00,0x00,0x00,0x00,0x00,0x02,0x00,0x00,0x00,0x00,0x00,0x00,0x00,0x00,0x00,0x00,0x00,0x00,0x00,0x00,0x00,
    0x5f,0x5f,0x65,0x68,0x5f,0x66,0x72,0x61,0x6d,0x65,0x00,0x00,0x00,0x00,0x00,0x00,0x5f,0x5f,0x54,0x45,0x58,0x54,0x00,0x00,
    0x00,0x00,0x00,0x00,0x00,0x00,0x00,0x00,0xc8,0x07,0x01,0x00,0x00,0x00,0x00,0x00,0x30,0x18,0x00,0x00,0x00,0x00,0x00,0x00,
    0xc8,0x07,0x01,0x00,0x03,0x00,0x00,0x00,0x00,0x00,0x00,0x00,0x00,0x00,0x00,0x00,0x00,0x00,0x00,0x00,0x00,0x00,0x00,0x00,
    0x00,0x00,0x00,0x00,0x00,0x00,0x00,0x00,0x19,0x00,0x00,0x00,0xc8,0x02,0x00,0x00,0x5f,0x5f,0x44,0x41,0x54,0x41,0x00,0x00,
    0x00,0x00,0x00,0x00,0x00,0x00,0x00,0x00,0x00,0x20,0x01,0x00,0x00,0x00,0x00,0x00,0x00,0x10,0x00,0x00,0x00,0x00,0x00,0x00,
    0x00,0x20,0x01,0x00,0x00,0x00,0x00,0x00,0x00,0x10,0x00,0x00,0x00,0x00,0x00,0x00,0x07,0x00,0x00,0x00,0x03,0x00,0x00,0x00,
    0x08,0x00,0x00,0x00,0x00,0x00,0x00,0x00,0x5f,0x5f,0x64,0x79,0x6c,0x64,0x00,0x00,0x00,0x00,0x00,0x00,0x00,0x00,0x00,0x00,
    0x5f,0x5f,0x44,0x41,0x54,0x41,0x00,0x00,0x00,0x00,0x00,0x00,0x00,0x00,0x00,0x00,0x00,0x20,0x01,0x00,0x00,0x00,0x00,0x00,
    0x10,0x00,0x00,0x00,0x00,0x00,0x00,0x00,0x00,0x20,0x01,0x00,0x03,0x00,0x00,0x00,0x00,0x00,0x00,0x00,0x00,0x00,0x00,0x00,
    0x00,0x00,0x00,0x00,0x00,0x00,0x00,0x00,0x00,0x00,0x00,0x00,0x00,0x00,0x00,0x00,0x5f,0x5f,0x67,0x6f,0x74,0x00,0x00,0x00,
    0x00,0x00,0x00,0x00,0x00,0x00,0x00,0x00,0x5f,0x5f,0x44,0x41,0x54,0x41,0x00,0x00,0x00,0x00,0x00,0x00,0x00,0x00,0x00,0x00,
    0x10,0x20,0x01,0x00,0x00,0x00,0x00,0x00,0x18,0x00,0x00,0x00,0x00,0x00,0x00,0x00,0x10,0x20,0x01,0x00,0x03,0x00,0x00,0x00,
    0x00,0x00,0x00,0x00,0x00,0x00,0x00,0x00,0x06,0x00,0x00,0x00,0x25,0x00,0x00,0x00,0x00,0x00,0x00,0x00,0x00,0x00,0x00,0x00,
    0x5f,0x5f,0x6c,0x61,0x5f,0x73,0x79,0x6d,0x62,0x6f,0x6c,0x5f,0x70,0x74,0x72,0x00,0x5f,0x5f,0x44,0x41,0x54,0x41,0x00,0x00,
    0x00,0x00,0x00,0x00,0x00,0x00,0x00,0x00,0x28,0x20,0x01,0x00,0x00,0x00,0x00,0x00,0x28,0x01,0x00,0x00,0x00,0x00,0x00,0x00,
    0x28,0x20,0x01,0x00,0x03,0x00,0x00,0x00,0x00,0x00,0x00,0x00,0x00,0x00,0x00,0x00,0x07,0x00,0x00,0x00,0x28,0x00,0x00,0x00,
    0x00,0x00,0x00,0x00,0x00,0x00,0x00,0x00,0x5f,0x5f,0x63,0x6f,0x6e,0x73,0x74,0x00,0x00,0x00,0x00,0x00,0x00,0x00,0x00,0x00,
    0x5f,0x5f,0x44,0x41,0x54,0x41,0x00,0x00,0x00,0x00,0x00,0x00,0x00,0x00,0x00,0x00,0x50,0x21,0x01,0x00,0x00,0x00,0x00,0x00,
    0xe8,0x02,0x00,0x00,0x00,0x00,0x00,0x00,0x50,0x21,0x01,0x00,0x04,0x00,0x00,0x00,0x00,0x00,0x00,0x00,0x00,0x00,0x00,0x00,
    0x00,0x00,0x00,0x00,0x00,0x00,0x00,0x00,0x00,0x00,0x00,0x00,0x00,0x00,0x00,0x00,0x5f,0x5f,0x6f,0x62,0x6a,0x63,0x5f,0x69,
    0x6d,0x61,0x67,0x65,0x69,0x6e,0x66,0x6f,0x5f,0x5f,0x44,0x41,0x54,0x41,0x00,0x00,0x00,0x00,0x00,0x00,0x00,0x00,0x00,0x00,
    0x38,0x24,0x01,0x00,0x00,0x00,0x00,0x00,0x08,0x00,0x00,0x00,0x00,0x00,0x00,0x00,0x38,0x24,0x01,0x00,0x02,0x00,0x00,0x00,
    0x00,0x00,0x00,0x00,0x00,0x00,0x00,0x00,0x00,0x00,0x00,0x00,0x00,0x00,0x00,0x00,0x00,0x00,0x00,0x00,0x00,0x00,0x00,0x00,
    0x5f,0x5f,0x64,0x61,0x74,0x61,0x00,0x00,0x00,0x00,0x00,0x00,0x00,0x00,0x00,0x00,0x5f,0x5f,0x44,0x41,0x54,0x41,0x00,0x00,
    0x00,0x00,0x00,0x00,0x00,0x00,0x00,0x00,0x40,0x24,0x01,0x00,0x00,0x00,0x00,0x00,0xc8,0x00,0x00,0x00,0x00,0x00,0x00,0x00,
    0x40,0x24,0x01,0x00,0x04,0x00,0x00,0x00,0x00,0x00,0x00,0x00,0x00,0x00,0x00,0x00,0x00,0x00,0x00,0x00,0x00,0x00,0x00,0x00,
    0x00,0x00,0x00,0x00,0x00,0x00,0x00,0x00,0x5f,0x5f,0x63,0x6f,0x6d,0x6d,0x6f,0x6e,0x00,0x00,0x00,0x00,0x00,0x00,0x00,0x00,
    0x5f,0x5f,0x44,0x41,0x54,0x41,0x00,0x00,0x00,0x00,0x00,0x00,0x00,0x00,0x00,0x00,0x08,0x25,0x01,0x00,0x00,0x00,0x00,0x00,
    0x08,0x00,0x00,0x00,0x00,0x00,0x00,0x00,0x00,0x00,0x00,0x00,0x03,0x00,0x00,0x00,0x00,0x00,0x00,0x00,0x00,0x00,0x00,0x00,
    0x01,0x00,0x00,0x00,0x00,0x00,0x00,0x00,0x00,0x00,0x00,0x00,0x00,0x00,0x00,0x00,0x5f,0x5f,0x62,0x73,0x73,0x00,0x00,0x00,
    0x00,0x00,0x00,0x00,0x00,0x00,0x00,0x00,0x5f,0x5f,0x44,0x41,0x54,0x41,0x00,0x00,0x00,0x00,0x00,0x00,0x00,0x00,0x00,0x00,
    0x10,0x25,0x01,0x00,0x00,0x00,0x00,0x00,0x64,0x07,0x00,0x00,0x00,0x00,0x00,0x00,0x00,0x00,0x00,0x00,0x03,0x00,0x00,0x00,
    0x00,0x00,0x00,0x00,0x00,0x00,0x00,0x00,0x01,0x00,0x00,0x00,0x00,0x00,0x00,0x00,0x00,0x00,0x00,0x00,0x00,0x00,0x00,0x00,
    0x19,0x00,0x00,0x00,0x48,0x00,0x00,0x00,0x5f,0x5f,0x4c,0x49,0x4e,0x4b,0x45,0x44,0x49,0x54,0x00,0x00,0x00,0x00,0x00,0x00,
    0x00,0x30,0x01,0x00,0x00,0x00,0x00,0x00,0xc4,0x22,0x00,0x00,0x00,0x00,0x00,0x00,0x00,0x30,0x01,0x00,0x00,0x00,0x00,0x00,
    0xc4,0x22,0x00,0x00,0x00,0x00,0x00,0x00,0x07,0x00,0x00,0x00,0x01,0x00,0x00,0x00,0x00,0x00,0x00,0x00,0x00,0x00,0x00,0x00,
    0x0d,0x00,0x00,0x00,0x30,0x00,0x00,0x00,0x18,0x00,0x00,0x00,0x01,0x00,0x00,0x00,0x00,0x01,0x06,0x00,0x00,0x00,0x06,0x00,
    0x6c,0x69,0x62,0x6a,0x6e,0x69,0x64,0x69,0x73,0x70,0x61,0x74,0x63,0x68,0x2e,0x6a,0x6e,0x69,0x6c,0x69,0x62,0x00,0x00,0x00,
    0x02,0x00,0x00,0x00,0x18,0x00,0x00,0x00,0x88,0x34,0x01,0x00,0xb1,0x00,0x00,0x00,0xcc,0x40,0x01,0x00,0xf8,0x11,0x00,0x00,
    0x0b,0x00,0x00,0x00,0x50,0x00,0x00,0x00,0x00,0x00,0x00,0x00,0x01,0x00,0x00,0x00,0x01,0x00,0x00,0x00,0x89,0x00,0x00,0x00,
    0x8a,0x00,0x00,0x00,0x27,0x00,0x00,0x00,0x00,0x00,0x00,0x00,0x00,0x00,0x00,0x00,0x00,0x00,0x00,0x00,0x00,0x00,0x00,0x00,
    0x00,0x00,0x00,0x00,0x00,0x00,0x00,0x00,0x98,0x3f,0x01,0x00,0x4d,0x00,0x00,0x00,0x00,0x00,0x00,0x00,0x00,0x00,0x00,0x00,
    0x00,0x30,0x01,0x00,0x77,0x00,0x00,0x00,0x1b,0x00,0x00,0x00,0x18,0x00,0x00,0x00,0xe3,0x77,0x7f,0xfb,0x81,0xbe,0x3b,0xa7,
    0xac,0x50,0xb1,0xee,0x99,0x74,0xe9,0x45,0x24,0x00,0x00,0x00,0x10,0x00,0x00,0x00,0x00,0x04,0x0a,0x00,0x00,0x0b,0x0a,0x00,
    0x0c,0x00,0x00,0x00,0x58,0x00,0x00,0x00,0x18,0x00,0x00,0x00,0x02,0x00,0x00,0x00,0x00,0x00,0x01,0x00,0x00,0x00,0x01,0x00,
    0x2f,0x53,0x79,0x73,0x74,0x65,0x6d,0x2f,0x4c,0x69,0x62,0x72,0x61,0x72,0x79,0x2f,0x46,0x72,0x61,0x6d,0x65,0x77,0x6f,0x72,
    0x6b,0x73,0x2f,0x4a,0x61,0x76,0x61,0x56,0x4d,0x2e,0x66,0x72,0x61,0x6d,0x65,0x77,0x6f,0x72,0x6b,0x2f,0x56,0x65,0x72,0x73,
    0x69,0x6f,0x6e,0x73,0x2f,0x41,0x2f,0x4a,0x61,0x76,0x61,0x56,0x4d,0x00,0x00,0x00,0x0c,0x00,0x00,0x00,0x60,0x00,0x00,0x00,
    0x18,0x00,0x00,0x00,0x02,0x00,0x00,0x00,0x00,0x00,0xea,0x04,0x00,0x00,0x2c,0x01,0x2f,0x53,0x79,0x73,0x74,0x65,0x6d,0x2f,
    0x4c,0x69,0x62,0x72,0x61,0x72,0x79,0x2f,0x46,0x72,0x61,0x6d,0x65,0x77,0x6f,0x72,0x6b,0x73,0x2f,0x46,0x6f,0x75,0x6e,0x64,
    0x61,0x74,0x69,0x6f,0x6e,0x2e,0x66,0x72,0x61,0x6d,0x65,0x77,0x6f,0x72,0x6b,0x2f,0x56,0x65,0x72,0x73,0x69,0x6f,0x6e,0x73,
    0x2f,0x43,0x2f,0x46,0x6f,0x75,0x6e,0x64,0x61,0x74,0x69,0x6f,0x6e,0x00,0x00,0x00,0x0c,0x00,0x00,0x00,0x38,0x00,0x00,0x00,
    0x18,0x00,0x00,0x00,0x02,0x00,0x00,0x00,0x01,0x0a,0xca,0x04,0x00,0x00,0x01,0x00,0x2f,0x75,0x73,0x72,0x2f,0x6c,0x69,0x62,
    0x2f,0x6c,0x69,0x62,0x53,0x79,0x73,0x74,0x65,0x6d,0x2e,0x42,0x2e,0x64,0x79,0x6c,0x69,0x62,0x00,0x00,0x00,0x00,0x00,0x00,
    0x0c,0x00,0x00,0x00,0x38,0x00,0x00,0x00,0x18,0x00,0x00,0x00,0x02,0x00,0x00,0x00,0x00,0x00,0x93,0x03,0x00,0x00,0x01,0x00,
    0x2f,0x75,0x73,0x72,0x2f,0x6c,0x69,0x62,0x2f,0x6c,0x69,0x62,0x67,0x63,0x63,0x5f,0x73,0x2e,0x31,0x2e,0x64,0x79,0x6c,0x69,
    0x62,0x00,0x00,0x00,0x00,0x00,0x00,0x00,0x26,0x00,0x00,0x00,0x10,0x00,0x00,0x00,0xb8,0x33,0x01,0x00,0xd0,0x00,0x00,0x00,
    0x29,0x00,0x00,0x00,0x10,0x00,0x00,0x00,0x88,0x34,0x01,0x00,0x00,0x00,0x00,0x00,
];
#[cfg(test)]
const PREFIX_6: &[u8] = &[
    0xca,0xfe,0xba,0xbe,0x00,0x00,0x00,0x02,0x01,0x00,0x00,0x07,0x80,0x00,0x00,0x03,0x00,0x00,0x40,0x00,0x00,0x57,0xb3,0x60,
    0x00,0x00,0x00,0x0e,0x01,0x00,0x00,0x0c,0x00,0x00,0x00,0x00,0x00,0x58,0x00,0x00,0x00,0x52,0xb0,0xc0,0x00,0x00,0x00,0x0e,
    0x00,0x00,0x00,0x00,0x00,0x00,0x00,0x00,0x00,0x00,0x00,0x00,0x00,0x00,0x00,0x00,0x00,0x00,0x00,0x00,0x00,0x00,0x00,0x00,
    0x00,0x00,0x00,0x00,0x00,0x00,0x00,0x00,0x00,0x00,0x00,0x00,0x00,0x00,0x00,0x00,0x00,0x00,0x00,0x00,0x00,0x00,0x00,0x00,
    0x00,0x00,0x00,0x00,0x00,0x00,0x00,0x00,0x00,0x00,0x00,0x00,0x00,0x00,0x00,0x00,0x00,0x00,0x00,0x00,0x00,0x00,0x00,0x00,
    0x00,0x00,0x00,0x00,0x00,0x00,0x00,0x00,0x00,0x00,0x00,0x00,0x00,0x00,0x00,0x00,0x00,0x00,0x00,0x00,0x00,0x00,0x00,0x00,
    0x00,0x00,0x00,0x00,0x00,0x00,0x00,0x00,0x00,0x00,0x00,0x00,0x00,0x00,0x00,0x00,0x00,0x00,0x00,0x00,0x00,0x00,0x00,0x00,
    0x00,0x00,0x00,0x00,0x00,0x00,0x00,0x00,0x00,0x00,0x00,0x00,0x00,0x00,0x00,0x00,0x00,0x00,0x00,0x00,0x00,0x00,0x00,0x00,
    0x00,0x00,0x00,0x00,0x00,0x00,0x00,0x00,0x00,0x00,0x00,0x00,0x00,0x00,0x00,0x00,0x00,0x00,0x00,0x00,0x00,0x00,0x00,0x00,
    0x00,0x00,0x00,0x00,0x00,0x00,0x00,0x00,0x00,0x00,0x00,0x00,0x00,0x00,0x00,0x00,0x00,0x00,0x00,0x00,0x00,0x00,0x00,0x00,
    0x00,0x00,0x00,0x00,0x00,0x00,0x00,0x00,0x00,0x00,0x00,0x00,0x00,0x00,0x00,0x00,0x00,0x00,0x00,0x00,0x00,0x00,0x00,0x00,
    0x00,0x00,0x00,0x00,0x00,0x00,0x00,0x00,0x00,0x00,0x00,0x00,0x00,0x00,0x00,0x00,0x00,0x00,0x00,0x00,0x00,0x00,0x00,0x00,
    0x00,0x00,0x00,0x00,0x00,0x00,0x00,0x00,0x00,0x00,0x00,0x00,0x00,0x00,0x00,0x00,0x00,0x00,0x00,0x00,0x00,0x00,0x00,0x00,
    0x00,0x00,0x00,0x00,0x00,0x00,0x00,0x00,0x00,0x00,0x00,0x00,0x00,0x00,0x00,0x00,0x00,0x00,0x00,0x00,0x00,0x00,0x00,0x00,
    0x00,0x00,0x00,0x00,0x00,0x00,0x00,0x00,0x00,0x00,0x00,0x00,0x00,0x00,0x00,0x00,0x00,0x00,0x00,0x00,0x00,0x00,0x00,0x00,
    0x00,0x00,0x00,0x00,0x00,0x00,0x00,0x00,0x00,0x00,0x00,0x00,0x00,0x00,0x00,0x00,0x00,0x00,0x00,0x00,0x00,0x00,0x00,0x00,
    0x00,0x00,0x00,0x00,0x00,0x00,0x00,0x00,0x00,0x00,0x00,0x00,0x00,0x00,0x00,0x00,0x00,0x00,0x00,0x00,0x00,0x00,0x00,0x00,
    0x00,0x00,0x00,0x00,0x00,0x00,0x00,0x00,0x00,0x00,0x00,0x00,0x00,0x00,0x00,0x00,0x00,0x00,0x00,0x00,0x00,0x00,0x00,0x00,
    0x00,0x00,0x00,0x00,0x00,0x00,0x00,0x00,0x00,0x00,0x00,0x00,0x00,0x00,0x00,0x00,0x00,0x00,0x00,0x00,0x00,0x00,0x00,0x00,
    0x00,0x00,0x00,0x00,0x00,0x00,0x00,0x00,0x00,0x00,0x00,0x00,0x00,0x00,0x00,0x00,0x00,0x00,0x00,0x00,0x00,0x00,0x00,0x00,
    0x00,0x00,0x00,0x00,0x00,0x00,0x00,0x00,0x00,0x00,0x00,0x00,0x00,0x00,0x00,0x00,0x00,0x00,0x00,0x00,0x00,0x00,0x00,0x00,
    0x00,0x00,0x00,0x00,0x00,0x00,0x00,0x00,0x00,0x00,0x00,0x00,0x00,0x00,0x00,0x00,0x00,0x00,0x00,0x00,0x00,0x00,0x00,0x00,
    0x00,0x00,0x00,0x00,0x00,0x00,0x00,0x00,0x00,0x00,0x00,0x00,0x00,0x00,0x00,0x00,0x00,0x00,0x00,0x00,0x00,0x00,0x00,0x00,
    0x00,0x00,0x00,0x00,0x00,0x00,0x00,0x00,0x00,0x00,0x00,0x00,0x00,0x00,0x00,0x00,0x00,0x00,0x00,0x00,0x00,0x00,0x00,0x00,
    0x00,0x00,0x00,0x00,0x00,0x00,0x00,0x00,0x00,0x00,0x00,0x00,0x00,0x00,0x00,0x00,0x00,0x00,0x00,0x00,0x00,0x00,0x00,0x00,
    0x00,0x00,0x00,0x00,0x00,0x00,0x00,0x00,0x00,0x00,0x00,0x00,0x00,0x00,0x00,0x00,0x00,0x00,0x00,0x00,0x00,0x00,0x00,0x00,
    0x00,0x00,0x00,0x00,0x00,0x00,0x00,0x00,0x00,0x00,0x00,0x00,0x00,0x00,0x00,0x00,0x00,0x00,0x00,0x00,0x00,0x00,0x00,0x00,
    0x00,0x00,0x00,0x00,0x00,0x00,0x00,0x00,0x00,0x00,0x00,0x00,0x00,0x00,0x00,0x00,0x00,0x00,0x00,0x00,0x00,0x00,0x00,0x00,
    0x00,0x00,0x00,0x00,0x00,0x00,0x00,0x00,0x00,0x00,0x00,0x00,0x00,0x00,0x00,0x00,0x00,0x00,0x00,0x00,0x00,0x00,0x00,0x00,
    0x00,0x00,0x00,0x00,0x00,0x00,0x00,0x00,0x00,0x00,0x00,0x00,0x00,0x00,0x00,0x00,0x00,0x00,0x00,0x00,0x00,0x00,0x00,0x00,
    0x00,0x00,0x00,0x00,0x00,0x00,0x00,0x00,0x00,0x00,0x00,0x00,0x00,0x00,0x00,0x00,0x00,0x00,0x00,0x00,0x00,0x00,0x00,0x00,
    0x00,0x00,0x00,0x00,0x00,0x00,0x00,0x00,0x00,0x00,0x00,0x00,0x00,0x00,0x00,0x00,0x00,0x00,0x00,0x00,0x00,0x00,0x00,0x00,
    0x00,0x00,0x00,0x00,0x00,0x00,0x00,0x00,0x00,0x00,0x00,0x00,0x00,0x00,0x00,0x00,0x00,0x00,0x00,0x00,0x00,0x00,0x00,0x00,
    0x00,0x00,0x00,0x00,0x00,0x00,0x00,0x00,0x00,0x00,0x00,0x00,0x00,0x00,0x00,0x00,0x00,0x00,0x00,0x00,0x00,0x00,0x00,0x00,
    0x00,0x00,0x00,0x00,0x00,0x00,0x00,0x00,0x00,0x00,0x00,0x00,0x00,0x00,0x00,0x00,0x00,0x00,0x00,0x00,0x00,0x00,0x00,0x00,
    0x00,0x00,0x00,0x00,0x00,0x00,0x00,0x00,0x00,0x00,0x00,0x00,0x00,0x00,0x00,0x00,0x00,0x00,0x00,0x00,0x00,0x00,0x00,0x00,
    0x00,0x00,0x00,0x00,0x00,0x00,0x00,0x00,0x00,0x00,0x00,0x00,0x00,0x00,0x00,0x00,0x00,0x00,0x00,0x00,0x00,0x00,0x00,0x00,
    0x00,0x00,0x00,0x00,0x00,0x00,0x00,0x00,0x00,0x00,0x00,0x00,0x00,0x00,0x00,0x00,0x00,0x00,0x00,0x00,0x00,0x00,0x00,0x00,
    0x00,0x00,0x00,0x00,0x00,0x00,0x00,0x00,0x00,0x00,0x00,0x00,0x00,0x00,0x00,0x00,0x00,0x00,0x00,0x00,0x00,0x00,0x00,0x00,
    0x00,0x00,0x00,0x00,0x00,0x00,0x00,0x00,0x00,0x00,0x00,0x00,0x00,0x00,0x00,0x00,0x00,0x00,0x00,0x00,0x00,0x00,0x00,0x00,
    0x00,0x00,0x00,0x00,0x00,0x00,0x00,0x00,0x00,0x00,0x00,0x00,0x00,0x00,0x00,0x00,0x00,0x00,0x00,0x00,0x00,0x00,0x00,0x00,
    0x00,0x00,0x00,0x00,0x00,0x00,0x00,0x00,0x00,0x00,0x00,0x00,0x00,0x00,0x00,0x00,0x00,0x00,0x00,0x00,0x00,0x00,0x00,0x00,
    0x00,0x00,0x00,0x00,0x00,0x00,0x00,0x00,0x00,0x00,0x00,0x00,0x00,0x00,0x00,0x00,0x00,0x00,0x00,0x00,0x00,0x00,0x00,0x00,
    0x00,0x00,0x00,0x00,0x00,0x00,0x00,0x00,0x00,0x00,0x00,0x00,0x00,0x00,0x00,0x00,0x00,0x00,0x00,0x00,0x00,0x00,0x00,0x00,
    0x00,0x00,0x00,0x00,0x00,0x00,0x00,0x00,0x00,0x00,0x00,0x00,0x00,0x00,0x00,0x00,0x00,0x00,0x00,0x00,0x00,0x00,0x00,0x00,
    0x00,0x00,0x00,0x00,0x00,0x00,0x00,0x00,0x00,0x00,0x00,0x00,0x00,0x00,0x00,0x00,0x00,0x00,0x00,0x00,0x00,0x00,0x00,0x00,
    0x00,0x00,0x00,0x00,0x00,0x00,0x00,0x00,0x00,0x00,0x00,0x00,0x00,0x00,0x00,0x00,0x00,0x00,0x00,0x00,0x00,0x00,0x00,0x00,
    0x00,0x00,0x00,0x00,0x00,0x00,0x00,0x00,0x00,0x00,0x00,0x00,0x00,0x00,0x00,0x00,0x00,0x00,0x00,0x00,0x00,0x00,0x00,0x00,
    0x00,0x00,0x00,0x00,0x00,0x00,0x00,0x00,0x00,0x00,0x00,0x00,0x00,0x00,0x00,0x00,0x00,0x00,0x00,0x00,0x00,0x00,0x00,0x00,
    0x00,0x00,0x00,0x00,0x00,0x00,0x00,0x00,0x00,0x00,0x00,0x00,0x00,0x00,0x00,0x00,0x00,0x00,0x00,0x00,0x00,0x00,0x00,0x00,
    0x00,0x00,0x00,0x00,0x00,0x00,0x00,0x00,0x00,0x00,0x00,0x00,0x00,0x00,0x00,0x00,0x00,0x00,0x00,0x00,0x00,0x00,0x00,0x00,
    0x00,0x00,0x00,0x00,0x00,0x00,0x00,0x00,0x00,0x00,0x00,0x00,0x00,0x00,0x00,0x00,0x00,0x00,0x00,0x00,0x00,0x00,0x00,0x00,
    0x00,0x00,0x00,0x00,0x00,0x00,0x00,0x00,0x00,0x00,0x00,0x00,0x00,0x00,0x00,0x00,0x00,0x00,0x00,0x00,0x00,0x00,0x00,0x00,
    0x00,0x00,0x00,0x00,0x00,0x00,0x00,0x00,0x00,0x00,0x00,0x00,0x00,0x00,0x00,0x00,0x00,0x00,0x00,0x00,0x00,0x00,0x00,0x00,
    0x00,0x00,0x00,0x00,0x00,0x00,0x00,0x00,0x00,0x00,0x00,0x00,0x00,0x00,0x00,0x00,0x00,0x00,0x00,0x00,0x00,0x00,0x00,0x00,
    0x00,0x00,0x00,0x00,0x00,0x00,0x00,0x00,0x00,0x00,0x00,0x00,0x00,0x00,0x00,0x00,0x00,0x00,0x00,0x00,0x00,0x00,0x00,0x00,
    0x00,0x00,0x00,0x00,0x00,0x00,0x00,0x00,0x00,0x00,0x00,0x00,0x00,0x00,0x00,0x00,0x00,0x00,0x00,0x00,0x00,0x00,0x00,0x00,
    0x00,0x00,0x00,0x00,0x00,0x00,0x00,0x00,0x00,0x00,0x00,0x00,0x00,0x00,0x00,0x00,0x00,0x00,0x00,0x00,0x00,0x00,0x00,0x00,
    0x00,0x00,0x00,0x00,0x00,0x00,0x00,0x00,0x00,0x00,0x00,0x00,0x00,0x00,0x00,0x00,0x00,0x00,0x00,0x00,0x00,0x00,0x00,0x00,
    0x00,0x00,0x00,0x00,0x00,0x00,0x00,0x00,0x00,0x00,0x00,0x00,0x00,0x00,0x00,0x00,0x00,0x00,0x00,0x00,0x00,0x00,0x00,0x00,
    0x00,0x00,0x00,0x00,0x00,0x00,0x00,0x00,0x00,0x00,0x00,0x00,0x00,0x00,0x00,0x00,0x00,0x00,0x00,0x00,0x00,0x00,0x00,0x00,
    0x00,0x00,0x00,0x00,0x00,0x00,0x00,0x00,0x00,0x00,0x00,0x00,0x00,0x00,0x00,0x00,0x00,0x00,0x00,0x00,0x00,0x00,0x00,0x00,
    0x00,0x00,0x00,0x00,0x00,0x00,0x00,0x00,0x00,0x00,0x00,0x00,0x00,0x00,0x00,0x00,0x00,0x00,0x00,0x00,0x00,0x00,0x00,0x00,
    0x00,0x00,0x00,0x00,0x00,0x00,0x00,0x00,0x00,0x00,0x00,0x00,0x00,0x00,0x00,0x00,0x00,0x00,0x00,0x00,0x00,0x00,0x00,0x00,
    0x00,0x00,0x00,0x00,0x00,0x00,0x00,0x00,0x00,0x00,0x00,0x00,0x00,0x00,0x00,0x00,0x00,0x00,0x00,0x00,0x00,0x00,0x00,0x00,
    0x00,0x00,0x00,0x00,0x00,0x00,0x00,0x00,0x00,0x00,0x00,0x00,0x00,0x00,0x00,0x00,0x00,0x00,0x00,0x00,0x00,0x00,0x00,0x00,
    0x00,0x00,0x00,0x00,0x00,0x00,0x00,0x00,0x00,0x00,0x00,0x00,0x00,0x00,0x00,0x00,0x00,0x00,0x00,0x00,0x00,0x00,0x00,0x00,
    0x00,0x00,0x00,0x00,0x00,0x00,0x00,0x00,0x00,0x00,0x00,0x00,0x00,0x00,0x00,0x00,0x00,0x00,0x00,0x00,0x00,0x00,0x00,0x00,
    0x00,0x00,0x00,0x00,0x00,0x00,0x00,0x00,0x00,0x00,0x00,0x00,0x00,0x00,0x00,0x00,0x00,0x00,0x00,0x00,0x00,0x00,0x00,0x00,
    0x00,0x00,0x00,0x00,0x00,0x00,0x00,0x00,0x00,0x00,0x00,0x00,0x00,0x00,0x00,0x00,0x00,0x00,0x00,0x00,0x00,0x00,0x00,0x00,
    0x00,0x00,0x00,0x00,0x00,0x00,0x00,0x00,0x00,0x00,0x00,0x00,0x00,0x00,0x00,0x00,0x00,0x00,0x00,0x00,0x00,0x00,0x00,0x00,
    0x00,0x00,0x00,0x00,0x00,0x00,0x00,0x00,0x00,0x00,0x00,0x00,0x00,0x00,0x00,0x00,0x00,0x00,0x00,0x00,0x00,0x00,0x00,0x00,
    0x00,0x00,0x00,0x00,0x00,0x00,0x00,0x00,0x00,0x00,0x00,0x00,0x00,0x00,0x00,0x00,0x00,0x00,0x00,0x00,0x00,0x00,0x00,0x00,
    0x00,0x00,0x00,0x00,0x00,0x00,0x00,0x00,0x00,0x00,0x00,0x00,0x00,0x00,0x00,0x00,0x00,0x00,0x00,0x00,0x00,0x00,0x00,0x00,
    0x00,0x00,0x00,0x00,0x00,0x00,0x00,0x00,0x00,0x00,0x00,0x00,0x00,0x00,0x00,0x00,0x00,0x00,0x00,0x00,0x00,0x00,0x00,0x00,
    0x00,0x00,0x00,0x00,0x00,0x00,0x00,0x00,0x00,0x00,0x00,0x00,0x00,0x00,0x00,0x00,0x00,0x00,0x00,0x00,0x00,0x00,0x00,0x00,
    0x00,0x00,0x00,0x00,0x00,0x00,0x00,0x00,0x00,0x00,0x00,0x00,0x00,0x00,0x00,0x00,0x00,0x00,0x00,0x00,0x00,0x00,0x00,0x00,
    0x00,0x00,0x00,0x00,0x00,0x00,0x00,0x00,0x00,0x00,0x00,0x00,0x00,0x00,0x00,0x00,0x00,0x00,0x00,0x00,0x00,0x00,0x00,0x00,
    0x00,0x00,0x00,0x00,0x00,0x00,0x00,0x00,0x00,0x00,0x00,0x00,0x00,0x00,0x00,0x00,0x00,0x00,0x00,0x00,0x00,0x00,0x00,0x00,
    0x00,0x00,0x00,0x00,0x00,0x00,0x00,0x00,0x00,0x00,0x00,0x00,0x00,0x00,0x00,0x00,0x00,0x00,0x00,0x00,0x00,0x00,0x00,0x00,
    0x00,0x00,0x00,0x00,0x00,0x00,0x00,0x00,0x00,0x00,0x00,0x00,0x00,0x00,0x00,0x00,0x00,0x00,0x00,0x00,0x00,0x00,0x00,0x00,
    0x00,0x00,0x00,0x00,0x00,0x00,0x00,0x00,0x00,0x00,0x00,0x00,0x00,0x00,0x00,0x00,0x00,0x00,0x00,0x00,0x00,0x00,0x00,0x00,
    0x00,0x00,0x00,0x00,0x00,0x00,0x00,0x00,0x00,0x00,0x00,0x00,0x00,0x00,0x00,0x00,0x00,0x00,0x00,0x00,0x00,0x00,0x00,0x00,
    0x00,0x00,0x00,0x00,0x00,0x00,0x00,0x00,0x00,0x00,0x00,0x00,0x00,0x00,0x00,0x00,0x00,0x00,0x00,0x00,0x00,0x00,0x00,0x00,
    0x00,0x00,0x00,0x00,0x00,0x00,0x00,0x00,0x00,0x00,0x00,0x00,0x00,0x00,0x00,0x00,0x00,0x00,0x00,0x00,0x00,0x00,0x00,0x00,
    0x00,0x00,0x00,0x00,0x00,0x00,0x00,0x00,0x00,0x00,0x00,0x00,0x00,0x00,0x00,0x00,0x00,0x00,0x00,0x00,0x00,0x00,0x00,0x00,
    0x00,0x00,0x00,0x00,0x00,0x00,0x00,0x00,0x00,0x00,0x00,0x00,0x00,0x00,0x00,0x00,0x00,0x00,0x00,0x00,0x00,0x00,0x00,0x00,
    0x00,0x00,0x00,0x00,0x00,0x00,0x00,0x00,0x00,0x00,0x00,0x00,0x00,0x00,0x00,0x00,0x00,0x00,0x00,0x00,0x00,0x00,0x00,0x00,
    0x00,0x00,0x00,0x00,0x00,0x00,0x00,0x00,0x00,0x00,0x00,0x00,0x00,0x00,0x00,0x00,0x00,0x00,0x00,0x00,0x00,0x00,0x00,0x00,
    0x00,0x00,0x00,0x00,0x00,0x00,0x00,0x00,0x00,0x00,0x00,0x00,0x00,0x00,0x00,0x00,0x00,0x00,0x00,0x00,0x00,0x00,0x00,0x00,
    0x00,0x00,0x00,0x00,0x00,0x00,0x00,0x00,0x00,0x00,0x00,0x00,0x00,0x00,0x00,0x00,0x00,0x00,0x00,0x00,0x00,0x00,0x00,0x00,
    0x00,0x00,0x00,0x00,0x00,0x00,0x00,0x00,0x00,0x00,0x00,0x00,0x00,0x00,0x00,0x00,0x00,0x00,0x00,0x00,0x00,0x00,0x00,0x00,
    0x00,0x00,0x00,0x00,0x00,0x00,0x00,0x00,0x00,0x00,0x00,0x00,0x00,0x00,0x00,0x00,0x00,0x00,0x00,0x00,0x00,0x00,0x00,0x00,
    0x00,0x00,0x00,0x00,0x00,0x00,0x00,0x00,0x00,0x00,0x00,0x00,0x00,0x00,0x00,0x00,0x00,0x00,0x00,0x00,0x00,0x00,0x00,0x00,
    0x00,0x00,0x00,0x00,0x00,0x00,0x00,0x00,0x00,0x00,0x00,0x00,0x00,0x00,0x00,0x00,0x00,0x00,0x00,0x00,0x00,0x00,0x00,0x00,
    0x00,0x00,0x00,0x00,0x00,0x00,0x00,0x00,0x00,0x00,0x00,0x00,0x00,0x00,0x00,0x00,0x00,0x00,0x00,0x00,0x00,0x00,0x00,0x00,
    0x00,0x00,0x00,0x00,0x00,0x00,0x00,0x00,0x00,0x00,0x00,0x00,0x00,0x00,0x00,0x00,0x00,0x00,0x00,0x00,0x00,0x00,0x00,0x00,
    0x00,0x00,0x00,0x00,0x00,0x00,0x00,0x00,0x00,0x00,0x00,0x00,0x00,0x00,0x00,0x00,0x00,0x00,0x00,0x00,0x00,0x00,0x00,0x00,
    0x00,0x00,0x00,0x00,0x00,0x00,0x00,0x00,0x00,0x00,0x00,0x00,0x00,0x00,0x00,0x00,0x00,0x00,0x00,0x00,0x00,0x00,0x00,0x00,
    0x00,0x00,0x00,0x00,0x00,0x00,0x00,0x00,0x00,0x00,0x00,0x00,0x00,0x00,0x00,0x00,0x00,0x00,0x00,0x00,0x00,0x00,0x00,0x00,
    0x00,0x00,0x00,0x00,0x00,0x00,0x00,0x00,0x00,0x00,0x00,0x00,0x00,0x00,0x00,0x00,0x00,0x00,0x00,0x00,0x00,0x00,0x00,0x00,
    0x00,0x00,0x00,0x00,0x00,0x00,0x00,0x00,0x00,0x00,0x00,0x00,0x00,0x00,0x00,0x00,0x00,0x00,0x00,0x00,0x00,0x00,0x00,0x00,
    0x00,0x00,0x00,0x00,0x00,0x00,0x00,0x00,0x00,0x00,0x00,0x00,0x00,0x00,0x00,0x00,0x00,0x00,0x00,0x00,0x00,0x00,0x00,0x00,
    0x00,0x00,0x00,0x00,0x00,0x00,0x00,0x00,0x00,0x00,0x00,0x00,0x00,0x00,0x00,0x00,0x00,0x00,0x00,0x00,0x00,0x00,0x00,0x00,
    0x00,0x00,0x00,0x00,0x00,0x00,0x00,0x00,0x00,0x00,0x00,0x00,0x00,0x00,0x00,0x00,0x00,0x00,0x00,0x00,0x00,0x00,0x00,0x00,
    0x00,0x00,0x00,0x00,0x00,0x00,0x00,0x00,0x00,0x00,0x00,0x00,0x00,0x00,0x00,0x00,0x00,0x00,0x00,0x00,0x00,0x00,0x00,0x00,
    0x00,0x00,0x00,0x00,0x00,0x00,0x00,0x00,0x00,0x00,0x00,0x00,0x00,0x00,0x00,0x00,0x00,0x00,0x00,0x00,0x00,0x00,0x00,0x00,
    0x00,0x00,0x00,0x00,0x00,0x00,0x00,0x00,0x00,0x00,0x00,0x00,0x00,0x00,0x00,0x00,0x00,0x00,0x00,0x00,0x00,0x00,0x00,0x00,
    0x00,0x00,0x00,0x00,0x00,0x00,0x00,0x00,0x00,0x00,0x00,0x00,0x00,0x00,0x00,0x00,0x00,0x00,0x00,0x00,0x00,0x00,0x00,0x00,
    0x00,0x00,0x00,0x00,0x00,0x00,0x00,0x00,0x00,0x00,0x00,0x00,0x00,0x00,0x00,0x00,0x00,0x00,0x00,0x00,0x00,0x00,0x00,0x00,
    0x00,0x00,0x00,0x00,0x00,0x00,0x00,0x00,0x00,0x00,0x00,0x00,0x00,0x00,0x00,0x00,0x00,0x00,0x00,0x00,0x00,0x00,0x00,0x00,
    0x00,0x00,0x00,0x00,0x00,0x00,0x00,0x00,0x00,0x00,0x00,0x00,0x00,0x00,0x00,0x00,0x00,0x00,0x00,0x00,0x00,0x00,0x00,0x00,
    0x00,0x00,0x00,0x00,0x00,0x00,0x00,0x00,0x00,0x00,0x00,0x00,0x00,0x00,0x00,0x00,0x00,0x00,0x00,0x00,0x00,0x00,0x00,0x00,
    0x00,0x00,0x00,0x00,0x00,0x00,0x00,0x00,0x00,0x00,0x00,0x00,0x00,0x00,0x00,0x00,0x00,0x00,0x00,0x00,0x00,0x00,0x00,0x00,
    0x00,0x00,0x00,0x00,0x00,0x00,0x00,0x00,0x00,0x00,0x00,0x00,0x00,0x00,0x00,0x00,0x00,0x00,0x00,0x00,0x00,0x00,0x00,0x00,
    0x00,0x00,0x00,0x00,0x00,0x00,0x00,0x00,0x00,0x00,0x00,0x00,0x00,0x00,0x00,0x00,0x00,0x00,0x00,0x00,0x00,0x00,0x00,0x00,
    0x00,0x00,0x00,0x00,0x00,0x00,0x00,0x00,0x00,0x00,0x00,0x00,0x00,0x00,0x00,0x00,0x00,0x00,0x00,0x00,0x00,0x00,0x00,0x00,
    0x00,0x00,0x00,0x00,0x00,0x00,0x00,0x00,0x00,0x00,0x00,0x00,0x00,0x00,0x00,0x00,0x00,0x00,0x00,0x00,0x00,0x00,0x00,0x00,
    0x00,0x00,0x00,0x00,0x00,0x00,0x00,0x00,0x00,0x00,0x00,0x00,0x00,0x00,0x00,0x00,0x00,0x00,0x00,0x00,0x00,0x00,0x00,0x00,
    0x00,0x00,0x00,0x00,0x00,0x00,0x00,0x00,0x00,0x00,0x00,0x00,0x00,0x00,0x00,0x00,0x00,0x00,0x00,0x00,0x00,0x00,0x00,0x00,
    0x00,0x00,0x00,0x00,0x00,0x00,0x00,0x00,0x00,0x00,0x00,0x00,0x00,0x00,0x00,0x00,0x00,0x00,0x00,0x00,0x00,0x00,0x00,0x00,
    0x00,0x00,0x00,0x00,0x00,0x00,0x00,0x00,0x00,0x00,0x00,0x00,0x00,0x00,0x00,0x00,0x00,0x00,0x00,0x00,0x00,0x00,0x00,0x00,
    0x00,0x00,0x00,0x00,0x00,0x00,0x00,0x00,0x00,0x00,0x00,0x00,0x00,0x00,0x00,0x00,0x00,0x00,0x00,0x00,0x00,0x00,0x00,0x00,
    0x00,0x00,0x00,0x00,0x00,0x00,0x00,0x00,0x00,0x00,0x00,0x00,0x00,0x00,0x00,0x00,0x00,0x00,0x00,0x00,0x00,0x00,0x00,0x00,
    0x00,0x00,0x00,0x00,0x00,0x00,0x00,0x00,0x00,0x00,0x00,0x00,0x00,0x00,0x00,0x00,0x00,0x00,0x00,0x00,0x00,0x00,0x00,0x00,
    0x00,0x00,0x00,0x00,0x00,0x00,0x00,0x00,0x00,0x00,0x00,0x00,0x00,0x00,0x00,0x00,0x00,0x00,0x00,0x00,0x00,0x00,0x00,0x00,
    0x00,0x00,0x00,0x00,0x00,0x00,0x00,0x00,0x00,0x00,0x00,0x00,0x00,0x00,0x00,0x00,0x00,0x00,0x00,0x00,0x00,0x00,0x00,0x00,
    0x00,0x00,0x00,0x00,0x00,0x00,0x00,0x00,0x00,0x00,0x00,0x00,0x00,0x00,0x00,0x00,0x00,0x00,0x00,0x00,0x00,0x00,0x00,0x00,
    0x00,0x00,0x00,0x00,0x00,0x00,0x00,0x00,0x00,0x00,0x00,0x00,0x00,0x00,0x00,0x00,0x00,0x00,0x00,0x00,0x00,0x00,0x00,0x00,
    0x00,0x00,0x00,0x00,0x00,0x00,0x00,0x00,0x00,0x00,0x00,0x00,0x00,0x00,0x00,0x00,0x00,0x00,0x00,0x00,0x00,0x00,0x00,0x00,
    0x00,0x00,0x00,0x00,0x00,0x00,0x00,0x00,0x00,0x00,0x00,0x00,0x00,0x00,0x00,0x00,0x00,0x00,0x00,0x00,0x00,0x00,0x00,0x00,
    0x00,0x00,0x00,0x00,0x00,0x00,0x00,0x00,0x00,0x00,0x00,0x00,0x00,0x00,0x00,0x00,0x00,0x00,0x00,0x00,0x00,0x00,0x00,0x00,
    0x00,0x00,0x00,0x00,0x00,0x00,0x00,0x00,0x00,0x00,0x00,0x00,0x00,0x00,0x00,0x00,0x00,0x00,0x00,0x00,0x00,0x00,0x00,0x00,
    0x00,0x00,0x00,0x00,0x00,0x00,0x00,0x00,0x00,0x00,0x00,0x00,0x00,0x00,0x00,0x00,0x00,0x00,0x00,0x00,0x00,0x00,0x00,0x00,
    0x00,0x00,0x00,0x00,0x00,0x00,0x00,0x00,0x00,0x00,0x00,0x00,0x00,0x00,0x00,0x00,0x00,0x00,0x00,0x00,0x00,0x00,0x00,0x00,
    0x00,0x00,0x00,0x00,0x00,0x00,0x00,0x00,0x00,0x00,0x00,0x00,0x00,0x00,0x00,0x00,0x00,0x00,0x00,0x00,0x00,0x00,0x00,0x00,
    0x00,0x00,0x00,0x00,0x00,0x00,0x00,0x00,0x00,0x00,0x00,0x00,0x00,0x00,0x00,0x00,0x00,0x00,0x00,0x00,0x00,0x00,0x00,0x00,
    0x00,0x00,0x00,0x00,0x00,0x00,0x00,0x00,0x00,0x00,0x00,0x00,0x00,0x00,0x00,0x00,0x00,0x00,0x00,0x00,0x00,0x00,0x00,0x00,
    0x00,0x00,0x00,0x00,0x00,0x00,0x00,0x00,0x00,0x00,0x00,0x00,0x00,0x00,0x00,0x00,0x00,0x00,0x00,0x00,0x00,0x00,0x00,0x00,
    0x00,0x00,0x00,0x00,0x00,0x00,0x00,0x00,0x00,0x00,0x00,0x00,0x00,0x00,0x00,0x00,0x00,0x00,0x00,0x00,0x00,0x00,0x00,0x00,
    0x00,0x00,0x00,0x00,0x00,0x00,0x00,0x00,0x00,0x00,0x00,0x00,0x00,0x00,0x00,0x00,0x00,0x00,0x00,0x00,0x00,0x00,0x00,0x00,
    0x00,0x00,0x00,0x00,0x00,0x00,0x00,0x00,0x00,0x00,0x00,0x00,0x00,0x00,0x00,0x00,0x00,0x00,0x00,0x00,0x00,0x00,0x00,0x00,
    0x00,0x00,0x00,0x00,0x00,0x00,0x00,0x00,0x00,0x00,0x00,0x00,0x00,0x00,0x00,0x00,0x00,0x00,0x00,0x00,0x00,0x00,0x00,0x00,
    0x00,0x00,0x00,0x00,0x00,0x00,0x00,0x00,0x00,0x00,0x00,0x00,0x00,0x00,0x00,0x00,0x00,0x00,0x00,0x00,0x00,0x00,0x00,0x00,
    0x00,0x00,0x00,0x00,0x00,0x00,0x00,0x00,0x00,0x00,0x00,0x00,0x00,0x00,0x00,0x00,0x00,0x00,0x00,0x00,0x00,0x00,0x00,0x00,
    0x00,0x00,0x00,0x00,0x00,0x00,0x00,0x00,0x00,0x00,0x00,0x00,0x00,0x00,0x00,0x00,0x00,0x00,0x00,0x00,0x00,0x00,0x00,0x00,
    0x00,0x00,0x00,0x00,0x00,0x00,0x00,0x00,0x00,0x00,0x00,0x00,0x00,0x00,0x00,0x00,0x00,0x00,0x00,0x00,0x00,0x00,0x00,0x00,
    0x00,0x00,0x00,0x00,0x00,0x00,0x00,0x00,0x00,0x00,0x00,0x00,0x00,0x00,0x00,0x00,0x00,0x00,0x00,0x00,0x00,0x00,0x00,0x00,
    0x00,0x00,0x00,0x00,0x00,0x00,0x00,0x00,0x00,0x00,0x00,0x00,0x00,0x00,0x00,0x00,0x00,0x00,0x00,0x00,0x00,0x00,0x00,0x00,
    0x00,0x00,0x00,0x00,0x00,0x00,0x00,0x00,0x00,0x00,0x00,0x00,0x00,0x00,0x00,0x00,0x00,0x00,0x00,0x00,0x00,0x00,0x00,0x00,
    0x00,0x00,0x00,0x00,0x00,0x00,0x00,0x00,0x00,0x00,0x00,0x00,0x00,0x00,0x00,0x00,0x00,0x00,0x00,0x00,0x00,0x00,0x00,0x00,
    0x00,0x00,0x00,0x00,0x00,0x00,0x00,0x00,0x00,0x00,0x00,0x00,0x00,0x00,0x00,0x00,0x00,0x00,0x00,0x00,0x00,0x00,0x00,0x00,
    0x00,0x00,0x00,0x00,0x00,0x00,0x00,0x00,0x00,0x00,0x00,0x00,0x00,0x00,0x00,0x00,0x00,0x00,0x00,0x00,0x00,0x00,0x00,0x00,
    0x00,0x00,0x00,0x00,0x00,0x00,0x00,0x00,0x00,0x00,0x00,0x00,0x00,0x00,0x00,0x00,0x00,0x00,0x00,0x00,0x00,0x00,0x00,0x00,
    0x00,0x00,0x00,0x00,0x00,0x00,0x00,0x00,0x00,0x00,0x00,0x00,0x00,0x00,0x00,0x00,0x00,0x00,0x00,0x00,0x00,0x00,0x00,0x00,
    0x00,0x00,0x00,0x00,0x00,0x00,0x00,0x00,0x00,0x00,0x00,0x00,0x00,0x00,0x00,0x00,0x00,0x00,0x00,0x00,0x00,0x00,0x00,0x00,
    0x00,0x00,0x00,0x00,0x00,0x00,0x00,0x00,0x00,0x00,0x00,0x00,0x00,0x00,0x00,0x00,0x00,0x00,0x00,0x00,0x00,0x00,0x00,0x00,
    0x00,0x00,0x00,0x00,0x00,0x00,0x00,0x00,0x00,0x00,0x00,0x00,0x00,0x00,0x00,0x00,0x00,0x00,0x00,0x00,0x00,0x00,0x00,0x00,
    0x00,0x00,0x00,0x00,0x00,0x00,0x00,0x00,0x00,0x00,0x00,0x00,0x00,0x00,0x00,0x00,0x00,0x00,0x00,0x00,0x00,0x00,0x00,0x00,
    0x00,0x00,0x00,0x00,0x00,0x00,0x00,0x00,0x00,0x00,0x00,0x00,0x00,0x00,0x00,0x00,0x00,0x00,0x00,0x00,0x00,0x00,0x00,0x00,
    0x00,0x00,0x00,0x00,0x00,0x00,0x00,0x00,0x00,0x00,0x00,0x00,0x00,0x00,0x00,0x00,0x00,0x00,0x00,0x00,0x00,0x00,0x00,0x00,
    0x00,0x00,0x00,0x00,0x00,0x00,0x00,0x00,0x00,0x00,0x00,0x00,0x00,0x00,0x00,0x00,0x00,0x00,0x00,0x00,0x00,0x00,0x00,0x00,
    0x00,0x00,0x00,0x00,0x00,0x00,0x00,0x00,0x00,0x00,0x00,0x00,0x00,0x00,0x00,0x00,0x00,0x00,0x00,0x00,0x00,0x00,0x00,0x00,
    0x00,0x00,0x00,0x00,0x00,0x00,0x00,0x00,0x00,0x00,0x00,0x00,0x00,0x00,0x00,0x00,0x00,0x00,0x00,0x00,0x00,0x00,0x00,0x00,
    0x00,0x00,0x00,0x00,0x00,0x00,0x00,0x00,0x00,0x00,0x00,0x00,0x00,0x00,0x00,0x00,0x00,0x00,0x00,0x00,0x00,0x00,0x00,0x00,
    0x00,0x00,0x00,0x00,0x00,0x00,0x00,0x00,0x00,0x00,0x00,0x00,0x00,0x00,0x00,0x00,0x00,0x00,0x00,0x00,0x00,0x00,0x00,0x00,
    0x00,0x00,0x00,0x00,0x00,0x00,0x00,0x00,0x00,0x00,0x00,0x00,0x00,0x00,0x00,0x00,0x00,0x00,0x00,0x00,0x00,0x00,0x00,0x00,
    0x00,0x00,0x00,0x00,0x00,0x00,0x00,0x00,0x00,0x00,0x00,0x00,0x00,0x00,0x00,0x00,0x00,0x00,0x00,0x00,0x00,0x00,0x00,0x00,
    0x00,0x00,0x00,0x00,0x00,0x00,0x00,0x00,0x00,0x00,0x00,0x00,0x00,0x00,0x00,0x00,0x00,0x00,0x00,0x00,0x00,0x00,0x00,0x00,
    0x00,0x00,0x00,0x00,0x00,0x00,0x00,0x00,0x00,0x00,0x00,0x00,0x00,0x00,0x00,0x00,0x00,0x00,0x00,0x00,0x00,0x00,0x00,0x00,
    0x00,0x00,0x00,0x00,0x00,0x00,0x00,0x00,0x00,0x00,0x00,0x00,0x00,0x00,0x00,0x00,
];
#[cfg(test)]
const COMMANDS_6: &[u8] = &[
    0xcf,0xfa,0xed,0xfe,0x07,0x00,0x00,0x01,0x03,0x00,0x00,0x80,0x02,0x00,0x00,0x00,0x11,0x00,0x00,0x00,0xa8,0x09,0x00,0x00,
    0x85,0x80,0xa1,0x00,0x00,0x00,0x00,0x00,0x19,0x00,0x00,0x00,0x48,0x00,0x00,0x00,0x5f,0x5f,0x50,0x41,0x47,0x45,0x5a,0x45,
    0x52,0x4f,0x00,0x00,0x00,0x00,0x00,0x00,0x00,0x00,0x00,0x00,0x00,0x00,0x00,0x00,0x00,0x00,0x00,0x00,0x01,0x00,0x00,0x00,
    0x00,0x00,0x00,0x00,0x00,0x00,0x00,0x00,0x00,0x00,0x00,0x00,0x00,0x00,0x00,0x00,0x00,0x00,0x00,0x00,0x00,0x00,0x00,0x00,
    0x00,0x00,0x00,0x00,0x00,0x00,0x00,0x00,0x19,0x00,0x00,0x00,0x08,0x04,0x00,0x00,0x5f,0x5f,0x54,0x45,0x58,0x54,0x00,0x00,
    0x00,0x00,0x00,0x00,0x00,0x00,0x00,0x00,0x00,0x00,0x00,0x00,0x01,0x00,0x00,0x00,0x00,0x10,0x42,0x00,0x00,0x00,0x00,0x00,
    0x00,0x00,0x00,0x00,0x00,0x00,0x00,0x00,0x00,0x10,0x42,0x00,0x00,0x00,0x00,0x00,0x05,0x00,0x00,0x00,0x05,0x00,0x00,0x00,
    0x0c,0x00,0x00,0x00,0x00,0x00,0x00,0x00,0x5f,0x5f,0x74,0x65,0x78,0x74,0x00,0x00,0x00,0x00,0x00,0x00,0x00,0x00,0x00,0x00,
    0x5f,0x5f,0x54,0x45,0x58,0x54,0x00,0x00,0x00,0x00,0x00,0x00,0x00,0x00,0x00,0x00,0xc0,0x0d,0x00,0x00,0x01,0x00,0x00,0x00,
    0x40,0x1a,0x3d,0x00,0x00,0x00,0x00,0x00,0xc0,0x0d,0x00,0x00,0x05,0x00,0x00,0x00,0x00,0x00,0x00,0x00,0x00,0x00,0x00,0x00,
    0x00,0x04,0x00,0x80,0x00,0x00,0x00,0x00,0x00,0x00,0x00,0x00,0x00,0x00,0x00,0x00,0x5f,0x5f,0x73,0x74,0x75,0x62,0x73,0x00,
    0x00,0x00,0x00,0x00,0x00,0x00,0x00,0x00,0x5f,0x5f,0x54,0x45,0x58,0x54,0x00,0x00,0x00,0x00,0x00,0x00,0x00,0x00,0x00,0x00,
    0x00,0x28,0x3d,0x00,0x01,0x00,0x00,0x00,0x34,0x08,0x00,0x00,0x00,0x00,0x00,0x00,0x00,0x28,0x3d,0x00,0x02,0x00,0x00,0x00,
    0x00,0x00,0x00,0x00,0x00,0x00,0x00,0x00,0x08,0x04,0x00,0x80,0x2d,0x01,0x00,0x00,0x06,0x00,0x00,0x00,0x00,0x00,0x00,0x00,
    0x5f,0x5f,0x73,0x74,0x75,0x62,0x5f,0x68,0x65,0x6c,0x70,0x65,0x72,0x00,0x00,0x00,0x5f,0x5f,0x54,0x45,0x58,0x54,0x00,0x00,
    0x00,0x00,0x00,0x00,0x00,0x00,0x00,0x00,0x34,0x30,0x3d,0x00,0x01,0x00,0x00,0x00,0xe0,0x07,0x00,0x00,0x00,0x00,0x00,0x00,
    0x34,0x30,0x3d,0x00,0x02,0x00,0x00,0x00,0x00,0x00,0x00,0x00,0x00,0x00,0x00,0x00,0x00,0x04,0x00,0x80,0x00,0x00,0x00,0x00,
    0x00,0x00,0x00,0x00,0x00,0x00,0x00,0x00,0x5f,0x5f,0x6c,0x69,0x74,0x65,0x72,0x61,0x6c,0x31,0x36,0x00,0x00,0x00,0x00,0x00,
    0x5f,0x5f,0x54,0x45,0x58,0x54,0x00,0x00,0x00,0x00,0x00,0x00,0x00,0x00,0x00,0x00,0x20,0x38,0x3d,0x00,0x01,0x00,0x00,0x00,
    0x30,0x2b,0x00,0x00,0x00,0x00,0x00,0x00,0x20,0x38,0x3d,0x00,0x04,0x00,0x00,0x00,0x00,0x00,0x00,0x00,0x00,0x00,0x00,0x00,
    0x0e,0x00,0x00,0x00,0x00,0x00,0x00,0x00,0x00,0x00,0x00,0x00,0x00,0x00,0x00,0x00,0x5f,0x5f,0x63,0x73,0x74,0x72,0x69,0x6e,
    0x67,0x00,0x00,0x00,0x00,0x00,0x00,0x00,0x5f,0x5f,0x54,0x45,0x58,0x54,0x00,0x00,0x00,0x00,0x00,0x00,0x00,0x00,0x00,0x00,
    0x50,0x63,0x3d,0x00,0x01,0x00,0x00,0x00,0xad,0x07,0x02,0x00,0x00,0x00,0x00,0x00,0x50,0x63,0x3d,0x00,0x04,0x00,0x00,0x00,
    0x00,0x00,0x00,0x00,0x00,0x00,0x00,0x00,0x02,0x00,0x00,0x00,0x00,0x00,0x00,0x00,0x00,0x00,0x00,0x00,0x00,0x00,0x00,0x00,
    0x5f,0x5f,0x6c,0x69,0x74,0x65,0x72,0x61,0x6c,0x34,0x00,0x00,0x00,0x00,0x00,0x00,0x5f,0x5f,0x54,0x45,0x58,0x54,0x00,0x00,
    0x00,0x00,0x00,0x00,0x00,0x00,0x00,0x00,0x00,0x6b,0x3f,0x00,0x01,0x00,0x00,0x00,0xb4,0x01,0x00,0x00,0x00,0x00,0x00,0x00,
    0x00,0x6b,0x3f,0x00,0x02,0x00,0x00,0x00,0x00,0x00,0x00,0x00,0x00,0x00,0x00,0x00,0x03,0x00,0x00,0x00,0x00,0x00,0x00,0x00,
    0x00,0x00,0x00,0x00,0x00,0x00,0x00,0x00,0x5f,0x5f,0x63,0x6f,0x6e,0x73,0x74,0x00,0x00,0x00,0x00,0x00,0x00,0x00,0x00,0x00,
    0x5f,0x5f,0x54,0x45,0x58,0x54,0x00,0x00,0x00,0x00,0x00,0x00,0x00,0x00,0x00,0x00,0xc0,0x6c,0x3f,0x00,0x01,0x00,0x00,0x00,
    0x55,0xa5,0x01,0x00,0x00,0x00,0x00,0x00,0xc0,0x6c,0x3f,0x00,0x04,0x00,0x00,0x00,0x00,0x00,0x00,0x00,0x00,0x00,0x00,0x00,
    0x00,0x00,0x00,0x00,0x00,0x00,0x00,0x00,0x00,0x00,0x00,0x00,0x00,0x00,0x00,0x00,0x5f,0x5f,0x6c,0x69,0x74,0x65,0x72,0x61,
    0x6c,0x38,0x00,0x00,0x00,0x00,0x00,0x00,0x5f,0x5f,0x54,0x45,0x58,0x54,0x00,0x00,0x00,0x00,0x00,0x00,0x00,0x00,0x00,0x00,
    0x18,0x12,0x41,0x00,0x01,0x00,0x00,0x00,0x90,0x03,0x00,0x00,0x00,0x00,0x00,0x00,0x18,0x12,0x41,0x00,0x03,0x00,0x00,0x00,
    0x00,0x00,0x00,0x00,0x00,0x00,0x00,0x00,0x04,0x00,0x00,0x00,0x00,0x00,0x00,0x00,0x00,0x00,0x00,0x00,0x00,0x00,0x00,0x00,
    0x5f,0x5f,0x75,0x73,0x74,0x72,0x69,0x6e,0x67,0x00,0x00,0x00,0x00,0x00,0x00,0x00,0x5f,0x5f,0x54,0x45,0x58,0x54,0x00,0x00,
    0x00,0x00,0x00,0x00,0x00,0x00,0x00,0x00,0xa8,0x15,0x41,0x00,0x01,0x00,0x00,0x00,0x34,0x00,0x00,0x00,0x00,0x00,0x00,0x00,
    0xa8,0x15,0x41,0x00,0x01,0x00,0x00,0x00,0x00,0x00,0x00,0x00,0x00,0x00,0x00,0x00,0x00,0x00,0x00,0x00,0x00,0x00,0x00,0x00,
    0x00,0x00,0x00,0x00,0x00,0x00,0x00,0x00,0x5f,0x5f,0x67,0x63,0x63,0x5f,0x65,0x78,0x63,0x65,0x70,0x74,0x5f,0x74,0x61,0x62,
    0x5f,0x5f,0x54,0x45,0x58,0x54,0x00,0x00,0x00,0x00,0x00,0x00,0x00,0x00,0x00,0x00,0xdc,0x15,0x41,0x00,0x01,0x00,0x00,0x00,
    0xc4,0x45,0x00,0x00,0x00,0x00,0x00,0x00,0xdc,0x15,0x41,0x00,0x02,0x00,0x00,0x00,0x00,0x00,0x00,0x00,0x00,0x00,0x00,0x00,
    0x00,0x00,0x00,0x00,0x00,0x00,0x00,0x00,0x00,0x00,0x00,0x00,0x00,0x00,0x00,0x00,0x5f,0x5f,0x75,0x6e,0x77,0x69,0x6e,0x64,
    0x5f,0x69,0x6e,0x66,0x6f,0x00,0x00,0x00,0x5f,0x5f,0x54,0x45,0x58,0x54,0x00,0x00,0x00,0x00,0x00,0x00,0x00,0x00,0x00,0x00,
    0xa0,0x5b,0x41,0x00,0x01,0x00,0x00,0x00,0x40,0x92,0x00,0x00,0x00,0x00,0x00,0x00,0xa0,0x5b,0x41,0x00,0x02,0x00,0x00,0x00,
    0x00,0x00,0x00,0x00,0x00,0x00,0x00,0x00,0x00,0x00,0x00,0x00,0x00,0x00,0x00,0x00,0x00,0x00,0x00,0x00,0x00,0x00,0x00,0x00,
    0x5f,0x5f,0x65,0x68,0x5f,0x66,0x72,0x61,0x6d,0x65,0x00,0x00,0x00,0x00,0x00,0x00,0x5f,0x5f,0x54,0x45,0x58,0x54,0x00,0x00,
    0x00,0x00,0x00,0x00,0x00,0x00,0x00,0x00,0xe0,0xed,0x41,0x00,0x01,0x00,0x00,0x00,0x08,0x18,0x00,0x00,0x00,0x00,0x00,0x00,
    0xe0,0xed,0x41,0x00,0x03,0x00,0x00,0x00,0x00,0x00,0x00,0x00,0x00,0x00,0x00,0x00,0x0b,0x00,0x00,0x68,0x00,0x00,0x00,0x00,
    0x00,0x00,0x00,0x00,0x00,0x00,0x00,0x00,0x19,0x00,0x00,0x00,0x68,0x03,0x00,0x00,0x5f,0x5f,0x44,0x41,0x54,0x41,0x00,0x00,
    0x00,0x00,0x00,0x00,0x00,0x00,0x00,0x00,0x00,0x10,0x42,0x00,0x01,0x00,0x00,0x00,0x00,0x10,0x02,0x00,0x00,0x00,0x00,0x00,
    0x00,0x10,0x42,0x00,0x00,0x00,0x00,0x00,0x00,0xc0,0x01,0x00,0x00,0x00,0x00,0x00,0x03,0x00,0x00,0x00,0x03,0x00,0x00,0x00,
    0x0a,0x00,0x00,0x00,0x00,0x00,0x00,0x00,0x5f,0x5f,0x67,0x6f,0x74,0x00,0x00,0x00,0x00,0x00,0x00,0x00,0x00,0x00,0x00,0x00,
    0x5f,0x5f,0x44,0x41,0x54,0x41,0x00,0x00,0x00,0x00,0x00,0x00,0x00,0x00,0x00,0x00,0x00,0x10,0x42,0x00,0x01,0x00,0x00,0x00,
    0x68,0x09,0x00,0x00,0x00,0x00,0x00,0x00,0x00,0x10,0x42,0x00,0x03,0x00,0x00,0x00,0x00,0x00,0x00,0x00,0x00,0x00,0x00,0x00,
    0x06,0x00,0x00,0x00,0x00,0x00,0x00,0x00,0x00,0x00,0x00,0x00,0x00,0x00,0x00,0x00,0x5f,0x5f,0x6c,0x61,0x5f,0x73,0x79,0x6d,
    0x62,0x6f,0x6c,0x5f,0x70,0x74,0x72,0x00,0x5f,0x5f,0x44,0x41,0x54,0x41,0x00,0x00,0x00,0x00,0x00,0x00,0x00,0x00,0x00,0x00,
    0x68,0x19,0x42,0x00,0x01,0x00,0x00,0x00,0xf0,0x0a,0x00,0x00,0x00,0x00,0x00,0x00,0x68,0x19,0x42,0x00,0x03,0x00,0x00,0x00,
    0x00,0x00,0x00,0x00,0x00,0x00,0x00,0x00,0x07,0x00,0x00,0x00,0x8b,0x02,0x00,0x00,0x00,0x00,0x00,0x00,0x00,0x00,0x00,0x00,
    0x5f,0x5f,0x63,0x6f,0x6e,0x73,0x74,0x00,0x00,0x00,0x00,0x00,0x00,0x00,0x00,0x00,0x5f,0x5f,0x44,0x41,0x54,0x41,0x00,0x00,
    0x00,0x00,0x00,0x00,0x00,0x00,0x00,0x00,0x60,0x24,0x42,0x00,0x01,0x00,0x00,0x00,0xd0,0x89,0x01,0x00,0x00,0x00,0x00,0x00,
    0x60,0x24,0x42,0x00,0x04,0x00,0x00,0x00,0x00,0x00,0x00,0x00,0x00,0x00,0x00,0x00,0x00,0x00,0x00,0x00,0x00,0x00,0x00,0x00,
    0x00,0x00,0x00,0x00,0x00,0x00,0x00,0x00,0x5f,0x5f,0x64,0x61,0x74,0x61,0x00,0x00,0x00,0x00,0x00,0x00,0x00,0x00,0x00,0x00,
    0x5f,0x5f,0x44,0x41,0x54,0x41,0x00,0x00,0x00,0x00,0x00,0x00,0x00,0x00,0x00,0x00,0x30,0xae,0x43,0x00,0x01,0x00,0x00,0x00,
    0xd8,0x16,0x00,0x00,0x00,0x00,0x00,0x00,0x30,0xae,0x43,0x00,0x04,0x00,0x00,0x00,0x00,0x00,0x00,0x00,0x00,0x00,0x00,0x00,
    0x00,0x00,0x00,0x00,0x00,0x00,0x00,0x00,0x00,0x00,0x00,0x00,0x00,0x00,0x00,0x00,0x5f,0x5f,0x6c,0x6c,0x76,0x6d,0x5f,0x61,
    0x64,0x64,0x72,0x73,0x69,0x67,0x00,0x00,0x5f,0x5f,0x44,0x41,0x54,0x41,0x00,0x00,0x00,0x00,0x00,0x00,0x00,0x00,0x00,0x00,
    0x08,0xc5,0x43,0x00,0x01,0x00,0x00,0x00,0xf8,0x06,0x00,0x00,0x00,0x00,0x00,0x00,0x08,0xc5,0x43,0x00,0x00,0x00,0x00,0x00,
    0x00,0x00,0x00,0x00,0x00,0x00,0x00,0x00,0x00,0x00,0x00,0x00,0x00,0x00,0x00,0x00,0x00,0x00,0x00,0x00,0x00,0x00,0x00,0x00,
    0x5f,0x5f,0x6d,0x6f,0x64,0x5f,0x69,0x6e,0x69,0x74,0x5f,0x66,0x75,0x6e,0x63,0x00,0x5f,0x5f,0x44,0x41,0x54,0x41,0x00,0x00,
    0x00,0x00,0x00,0x00,0x00,0x00,0x00,0x00,0x00,0xcc,0x43,0x00,0x01,0x00,0x00,0x00,0x98,0x00,0x00,0x00,0x00,0x00,0x00,0x00,
    0x00,0xcc,0x43,0x00,0x03,0x00,0x00,0x00,0x00,0x00,0x00,0x00,0x00,0x00,0x00,0x00,0x09,0x00,0x00,0x00,0x00,0x00,0x00,0x00,
    0x00,0x00,0x00,0x00,0x00,0x00,0x00,0x00,0x5f,0x5f,0x74,0x68,0x72,0x65,0x61,0x64,0x5f,0x76,0x61,0x72,0x73,0x00,0x00,0x00,
    0x5f,0x5f,0x44,0x41,0x54,0x41,0x00,0x00,0x00,0x00,0x00,0x00,0x00,0x00,0x00,0x00,0x98,0xcc,0x43,0x00,0x01,0x00,0x00,0x00,
    0x18,0x00,0x00,0x00,0x00,0x00,0x00,0x00,0x98,0xcc,0x43,0x00,0x00,0x00,0x00,0x00,0x00,0x00,0x00,0x00,0x00,0x00,0x00,0x00,
    0x13,0x00,0x00,0x00,0x00,0x00,0x00,0x00,0x00,0x00,0x00,0x00,0x00,0x00,0x00,0x00,0x5f,0x5f,0x74,0x68,0x72,0x65,0x61,0x64,
    0x5f,0x64,0x61,0x74,0x61,0x00,0x00,0x00,0x5f,0x5f,0x44,0x41,0x54,0x41,0x00,0x00,0x00,0x00,0x00,0x00,0x00,0x00,0x00,0x00,
    0xb0,0xcc,0x43,0x00,0x01,0x00,0x00,0x00,0x10,0x00,0x00,0x00,0x00,0x00,0x00,0x00,0xb0,0xcc,0x43,0x00,0x03,0x00,0x00,0x00,
    0x00,0x00,0x00,0x00,0x00,0x00,0x00,0x00,0x11,0x00,0x00,0x00,0x00,0x00,0x00,0x00,0x00,0x00,0x00,0x00,0x00,0x00,0x00,0x00,
    0x5f,0x5f,0x62,0x73,0x73,0x00,0x00,0x00,0x00,0x00,0x00,0x00,0x00,0x00,0x00,0x00,0x5f,0x5f,0x44,0x41,0x54,0x41,0x00,0x00,
    0x00,0x00,0x00,0x00,0x00,0x00,0x00,0x00,0xc0,0xcc,0x43,0x00,0x01,0x00,0x00,0x00,0x08,0x25,0x00,0x00,0x00,0x00,0x00,0x00,
    0x00,0x00,0x00,0x00,0x04,0x00,0x00,0x00,0x00,0x00,0x00,0x00,0x00,0x00,0x00,0x00,0x01,0x00,0x00,0x00,0x00,0x00,0x00,0x00,
    0x00,0x00,0x00,0x00,0x00,0x00,0x00,0x00,0x5f,0x5f,0x63,0x6f,0x6d,0x6d,0x6f,0x6e,0x00,0x00,0x00,0x00,0x00,0x00,0x00,0x00,
    0x5f,0x5f,0x44,0x41,0x54,0x41,0x00,0x00,0x00,0x00,0x00,0x00,0x00,0x00,0x00,0x00,0xc8,0xf1,0x43,0x00,0x01,0x00,0x00,0x00,
    0x18,0x24,0x00,0x00,0x00,0x00,0x00,0x00,0x00,0x00,0x00,0x00,0x03,0x00,0x00,0x00,0x00,0x00,0x00,0x00,0x00,0x00,0x00,0x00,
    0x01,0x00,0x00,0x00,0x00,0x00,0x00,0x00,0x00,0x00,0x00,0x00,0x00,0x00,0x00,0x00,0x19,0x00,0x00,0x00,0x48,0x00,0x00,0x00,
    0x5f,0x5f,0x4c,0x49,0x4e,0x4b,0x45,0x44,0x49,0x54,0x00,0x00,0x00,0x00,0x00,0x00,0x00,0x20,0x44,0x00,0x01,0x00,0x00,0x00,
    0x00,0x00,0x14,0x00,0x00,0x00,0x00,0x00,0x00,0xd0,0x43,0x00,0x00,0x00,0x00,0x00,0x60,0xe3,0x13,0x00,0x00,0x00,0x00,0x00,
    0x01,0x00,0x00,0x00,0x01,0x00,0x00,0x00,0x00,0x00,0x00,0x00,0x00,0x00,0x00,0x00,0x22,0x00,0x00,0x80,0x30,0x00,0x00,0x00,
    0x00,0xd0,0x43,0x00,0xf0,0x09,0x00,0x00,0xf0,0xd9,0x43,0x00,0x68,0x01,0x00,0x00,0x58,0xdb,0x43,0x00,0x28,0x32,0x01,0x00,
    0x80,0x0d,0x45,0x00,0x80,0x0e,0x00,0x00,0x00,0x1c,0x45,0x00,0xb0,0xfd,0x05,0x00,0x02,0x00,0x00,0x00,0x18,0x00,0x00,0x00,
    0x78,0x74,0x4b,0x00,0x91,0x27,0x00,0x00,0x30,0xfd,0x4d,0x00,0x60,0xc1,0x08,0x00,0x0b,0x00,0x00,0x00,0x50,0x00,0x00,0x00,
    0x00,0x00,0x00,0x00,0x01,0x00,0x00,0x00,0x01,0x00,0x00,0x00,0xc1,0x26,0x00,0x00,0xc2,0x26,0x00,0x00,0xcf,0x00,0x00,0x00,
    0x00,0x00,0x00,0x00,0x00,0x00,0x00,0x00,0x00,0x00,0x00,0x00,0x00,0x00,0x00,0x00,0x00,0x00,0x00,0x00,0x00,0x00,0x00,0x00,
    0x88,0xed,0x4d,0x00,0xe9,0x03,0x00,0x00,0x00,0x00,0x00,0x00,0x00,0x00,0x00,0x00,0x00,0x00,0x00,0x00,0x00,0x00,0x00,0x00,
    0x1c,0x00,0x00,0x80,0x28,0x00,0x00,0x00,0x0c,0x00,0x00,0x00,0x40,0x6c,0x6f,0x61,0x64,0x65,0x72,0x5f,0x70,0x61,0x74,0x68,
    0x2f,0x2e,0x2e,0x2f,0x6c,0x69,0x62,0x36,0x34,0x00,0x00,0x00,0x00,0x00,0x00,0x00,0x1c,0x00,0x00,0x80,0x20,0x00,0x00,0x00,
    0x0c,0x00,0x00,0x00,0x40,0x6c,0x6f,0x61,0x64,0x65,0x72,0x5f,0x70,0x61,0x74,0x68,0x2f,0x6c,0x69,0x62,0x36,0x34,0x00,0x00,
    0x0e,0x00,0x00,0x00,0x20,0x00,0x00,0x00,0x0c,0x00,0x00,0x00,0x2f,0x75,0x73,0x72,0x2f,0x6c,0x69,0x62,0x2f,0x64,0x79,0x6c,
    0x64,0x00,0x00,0x00,0x00,0x00,0x00,0x00,0x1b,0x00,0x00,0x00,0x18,0x00,0x00,0x00,0x4c,0x4c,0x44,0x75,0x55,0x55,0x31,0x44,
    0xa1,0x33,0x1d,0x95,0x0e,0xaa,0xb5,0xf6,0x24,0x00,0x00,0x00,0x10,0x00,0x00,0x00,0x00,0x0d,0x0a,0x00,0x00,0x03,0x0b,0x00,
    0x28,0x00,0x00,0x80,0x18,0x00,0x00,0x00,0x90,0x11,0x00,0x00,0x00,0x00,0x00,0x00,0x00,0x00,0x00,0x00,0x00,0x00,0x00,0x00,
    0x0c,0x00,0x00,0x00,0x38,0x00,0x00,0x00,0x18,0x00,0x00,0x00,0x00,0x00,0x00,0x00,0x05,0x64,0x0c,0x05,0x00,0x00,0x01,0x00,
    0x2f,0x75,0x73,0x72,0x2f,0x6c,0x69,0x62,0x2f,0x6c,0x69,0x62,0x53,0x79,0x73,0x74,0x65,0x6d,0x2e,0x42,0x2e,0x64,0x79,0x6c,
    0x69,0x62,0x00,0x00,0x00,0x00,0x00,0x00,0x26,0x00,0x00,0x00,0x10,0x00,0x00,0x00,0xb0,0x19,0x4b,0x00,0x10,0x50,0x00,0x00,
    0x29,0x00,0x00,0x00,0x10,0x00,0x00,0x00,0xc0,0x69,0x4b,0x00,0xb8,0x0a,0x00,0x00,0x1d,0x00,0x00,0x00,0x10,0x00,0x00,0x00,
    0x90,0xbe,0x56,0x00,0xd0,0xf4,0x00,0x00,
];
#[cfg(test)]
pub(super) static FIXTURES: &[(ToolComparisonScope, &str, &[u8], &[u8])] = &[
    (ToolComparisonScope::AgpAapt2, "aapt2", PREFIX_0, COMMANDS_0),
    (ToolComparisonScope::GradleFileEvents, "net/rubygrapefruit/platform/x86_64-macos/libgradle-fileevents.dylib", PREFIX_1, COMMANDS_1),
    (ToolComparisonScope::GradleJansi, "META-INF/native/osx/libjansi.jnilib", PREFIX_2, COMMANDS_2),
    (ToolComparisonScope::GradleNativePlatform, "net/rubygrapefruit/platform/osx-amd64/libnative-platform-curses.dylib", PREFIX_3, COMMANDS_3),
    (ToolComparisonScope::GradleNativePlatform, "net/rubygrapefruit/platform/osx-amd64/libnative-platform.dylib", PREFIX_4, COMMANDS_4),
    (ToolComparisonScope::Bundletool, "com/sun/jna/darwin/libjnidispatch.jnilib", PREFIX_5, COMMANDS_5),
    (ToolComparisonScope::Bundletool, "macos/aapt2", PREFIX_6, COMMANDS_6),
];
